Nome,Ano,Quantidade (Kg)
TINTAS,1970,284285642
Bacarina,1970,82899
Bailey,1970,0
Bordo,1970,7242197
Bourdin (S),1970,0
BRS Carmen,1970,0
BRS Cora,1970,0
BRS Magna,1970,0
BRS Margot,1970,0
BRS Morena,1970,0
BRS Núbia ,1970,0
BRS Rúbea,1970,0
BRS Violeta,1970,0
BRS Vitória,1970,0
Champagnon (Champanheta),1970,0
Coleções,1970,0
Concord,1970,5407624
Concord clone 30,1970,0
Couderc,1970,2713692
Cynthiana(1),1970,568653
Herbemont,1970,62053013
IAC 138022,1970,0
Isabel,1970,193840398
Isabel Precoce,1970,0
Jacquez,1970,390593
Kyoko,1970,0
Landot,1970,134384
Mistura de uvas americanas tinto,1970,0
Oberlin,1970,15682
Othello,1970,33013
Paco,1970,0
Patricia,1970,0
Seibel,1970,11803494
Seibel 2 (seibeleto),1970,0
Seyve Willard (Tinta),1970,0
Vênus,1970,0
BRANCAS E ROSADAS,1970,985007
Baco,1970,4647
Bokay,1970,0
BRS Bibiana ,1970,0
BRS Clara,1970,0
BRS Lorena,1970,0
Couderc 13,1970,0
Delaware,1970,22705
Dona Zillá,1970,0
Dut Chess,1970,0
Goethe,1970,311458
IAC,1970,0
Juliana,1970,0
Martha,1970,15045
Mistura de uvas americanas,1970,0
Moscato Embrapa,1970,0
Niagara,1970,631152
Niagara Branca,1970,0
Niagara Rosada,1970,0
Poloske,1970,0
Seleções,1970,0
Seyve Villard,1970,0
Seyve Villard 5276,1970,0
Seyve Villard 12375,1970,0
Tardia de Caxias,1970,0
Outras(2),1970,0
TINTAS,1971,193695427
Bacarina,1971,106962
Bailey,1971,0
Bordo,1971,7227090
Bourdin (S),1971,0
BRS Carmen,1971,0
BRS Cora,1971,0
BRS Magna,1971,0
BRS Margot,1971,0
BRS Morena,1971,0
BRS Núbia ,1971,0
BRS Rúbea,1971,0
BRS Violeta,1971,0
BRS Vitória,1971,0
Champagnon (Champanheta),1971,0
Coleções,1971,0
Concord,1971,3726469
Concord clone 30,1971,0
Couderc,1971,2835642
Cynthiana(1),1971,419550
Herbemont,1971,43864620
IAC 138022,1971,0
Isabel,1971,126754464
Isabel Precoce,1971,0
Jacquez,1971,203081
Kyoko,1971,0
Landot,1971,106917
Mistura de uvas americanas tinto,1971,0
Oberlin,1971,34722
Othello,1971,106190
Paco,1971,0
Patricia,1971,0
Seibel,1971,8309720
Seibel 2 (seibeleto),1971,0
Seyve Willard (Tinta),1971,0
Vênus,1971,0
BRANCAS E ROSADAS,1971,557294
Baco,1971,5873
Bokay,1971,0
BRS Bibiana ,1971,0
BRS Clara,1971,0
BRS Lorena,1971,0
Couderc 13,1971,0
Delaware,1971,22883
Dona Zillá,1971,0
Dut Chess,1971,0
Goethe,1971,267549
IAC,1971,0
Juliana,1971,0
Martha,1971,21972
Mistura de uvas americanas,1971,0
Moscato Embrapa,1971,0
Niagara,1971,239017
Niagara Branca,1971,0
Niagara Rosada,1971,0
Poloske,1971,0
Seleções,1971,0
Seyve Villard,1971,0
Seyve Villard 5276,1971,0
Seyve Villard 12375,1971,0
Tardia de Caxias,1971,0
Outras(2),1971,0
TINTAS,1972,187251954
Bacarina,1972,67464
Bailey,1972,0
Bordo,1972,6530686
Bourdin (S),1972,0
BRS Carmen,1972,0
BRS Cora,1972,0
BRS Magna,1972,0
BRS Margot,1972,0
BRS Morena,1972,0
BRS Núbia ,1972,0
BRS Rúbea,1972,0
BRS Violeta,1972,0
BRS Vitória,1972,0
Champagnon (Champanheta),1972,0
Coleções,1972,0
Concord,1972,2262221
Concord clone 30,1972,0
Couderc,1972,2550812
Cynthiana(1),1972,535172
Herbemont,1972,45765536
IAC 138022,1972,0
Isabel,1972,120365492
Isabel Precoce,1972,0
Jacquez,1972,278191
Kyoko,1972,0
Landot,1972,63740
Mistura de uvas americanas tinto,1972,0
Oberlin,1972,11136
Othello,1972,34525
Paco,1972,0
Patricia,1972,0
Seibel,1972,8786979
Seibel 2 (seibeleto),1972,0
Seyve Willard (Tinta),1972,0
Vênus,1972,0
BRANCAS E ROSADAS,1972,898576
Baco,1972,5084
Bokay,1972,0
BRS Bibiana ,1972,0
BRS Clara,1972,0
BRS Lorena,1972,0
Couderc 13,1972,0
Delaware,1972,7517
Dona Zillá,1972,0
Dut Chess,1972,0
Goethe,1972,472553
IAC,1972,0
Juliana,1972,0
Martha,1972,14716
Mistura de uvas americanas,1972,0
Moscato Embrapa,1972,0
Niagara,1972,253262
Niagara Branca,1972,0
Niagara Rosada,1972,0
Poloske,1972,0
Seleções,1972,0
Seyve Villard,1972,145444
Seyve Villard 5276,1972,0
Seyve Villard 12375,1972,0
Tardia de Caxias,1972,0
Outras(2),1972,0
TINTAS,1973,161593877
Bacarina,1973,58690
Bailey,1973,0
Bordo,1973,5584243
Bourdin (S),1973,0
BRS Carmen,1973,0
BRS Cora,1973,0
BRS Magna,1973,0
BRS Margot,1973,0
BRS Morena,1973,0
BRS Núbia ,1973,0
BRS Rúbea,1973,0
BRS Violeta,1973,0
BRS Vitória,1973,0
Champagnon (Champanheta),1973,0
Coleções,1973,0
Concord,1973,1850704
Concord clone 30,1973,0
Couderc,1973,2602220
Cynthiana(1),1973,360571
Herbemont,1973,33214347
IAC 138022,1973,0
Isabel,1973,109787700
Isabel Precoce,1973,0
Jacquez,1973,302686
Kyoko,1973,0
Landot,1973,80995
Mistura de uvas americanas tinto,1973,0
Oberlin,1973,9483
Othello,1973,17358
Paco,1973,0
Patricia,1973,0
Seibel,1973,7724880
Seibel 2 (seibeleto),1973,0
Seyve Willard (Tinta),1973,0
Vênus,1973,0
BRANCAS E ROSADAS,1973,231984
Baco,1973,0
Bokay,1973,0
BRS Bibiana ,1973,0
BRS Clara,1973,0
BRS Lorena,1973,0
Couderc 13,1973,0
Delaware,1973,0
Dona Zillá,1973,0
Dut Chess,1973,0
Goethe,1973,113941
IAC,1973,0
Juliana,1973,0
Martha,1973,5126
Mistura de uvas americanas,1973,0
Moscato Embrapa,1973,0
Niagara,1973,112917
Niagara Branca,1973,0
Niagara Rosada,1973,0
Poloske,1973,0
Seleções,1973,0
Seyve Villard,1973,0
Seyve Villard 5276,1973,0
Seyve Villard 12375,1973,0
Tardia de Caxias,1973,0
Outras(2),1973,0
TINTAS,1974,295404693
Bacarina,1974,138158
Bailey,1974,0
Bordo,1974,13341412
Bourdin (S),1974,0
BRS Carmen,1974,0
BRS Cora,1974,0
BRS Magna,1974,0
BRS Margot,1974,0
BRS Morena,1974,0
BRS Núbia ,1974,0
BRS Rúbea,1974,0
BRS Violeta,1974,0
BRS Vitória,1974,0
Champagnon (Champanheta),1974,0
Coleções,1974,0
Concord,1974,5218933
Concord clone 30,1974,0
Couderc,1974,5057735
Cynthiana(1),1974,605039
Herbemont,1974,65865189
IAC 138022,1974,0
Isabel,1974,191946376
Isabel Precoce,1974,0
Jacquez,1974,847092
Kyoko,1974,0
Landot,1974,103456
Mistura de uvas americanas tinto,1974,0
Oberlin,1974,47350
Othello,1974,54730
Paco,1974,0
Patricia,1974,0
Seibel,1974,12179223
Seibel 2 (seibeleto),1974,0
Seyve Willard (Tinta),1974,0
Vênus,1974,0
BRANCAS E ROSADAS,1974,2865338
Baco,1974,0
Bokay,1974,0
BRS Bibiana ,1974,0
BRS Clara,1974,0
BRS Lorena,1974,0
Couderc 13,1974,0
Delaware,1974,0
Dona Zillá,1974,0
Dut Chess,1974,0
Goethe,1974,371399
IAC,1974,0
Juliana,1974,0
Martha,1974,17486
Mistura de uvas americanas,1974,0
Moscato Embrapa,1974,0
Niagara,1974,2476453
Niagara Branca,1974,0
Niagara Rosada,1974,0
Poloske,1974,0
Seleções,1974,0
Seyve Villard,1974,0
Seyve Villard 5276,1974,0
Seyve Villard 12375,1974,0
Tardia de Caxias,1974,0
Outras(2),1974,0
TINTAS,1975,282003228
Bacarina,1975,101454
Bailey,1975,0
Bordo,1975,16023998
Bourdin (S),1975,0
BRS Carmen,1975,0
BRS Cora,1975,0
BRS Magna,1975,0
BRS Margot,1975,0
BRS Morena,1975,0
BRS Núbia ,1975,0
BRS Rúbea,1975,0
BRS Violeta,1975,0
BRS Vitória,1975,0
Champagnon (Champanheta),1975,0
Coleções,1975,0
Concord,1975,7361018
Concord clone 30,1975,0
Couderc,1975,4052782
Cynthiana(1),1975,544666
Herbemont,1975,48754240
IAC 138022,1975,0
Isabel,1975,193394592
Isabel Precoce,1975,0
Jacquez,1975,513846
Kyoko,1975,0
Landot,1975,104110
Mistura de uvas americanas tinto,1975,0
Oberlin,1975,17264
Othello,1975,53172
Paco,1975,0
Patricia,1975,0
Seibel,1975,11082086
Seibel 2 (seibeleto),1975,0
Seyve Willard (Tinta),1975,0
Vênus,1975,0
BRANCAS E ROSADAS,1975,2717527
Baco,1975,2610
Bokay,1975,0
BRS Bibiana ,1975,0
BRS Clara,1975,0
BRS Lorena,1975,0
Couderc 13,1975,0
Delaware,1975,0
Dona Zillá,1975,0
Dut Chess,1975,0
Goethe,1975,280190
IAC,1975,0
Juliana,1975,0
Martha,1975,13578
Mistura de uvas americanas,1975,0
Moscato Embrapa,1975,0
Niagara,1975,2409319
Niagara Branca,1975,0
Niagara Rosada,1975,0
Poloske,1975,0
Seleções,1975,0
Seyve Villard,1975,11830
Seyve Villard 5276,1975,0
Seyve Villard 12375,1975,0
Tardia de Caxias,1975,0
Outras(2),1975,0
TINTAS,1976,222289729
Bacarina,1976,57297
Bailey,1976,0
Bordo,1976,12725233
Bourdin (S),1976,0
BRS Carmen,1976,0
BRS Cora,1976,0
BRS Magna,1976,0
BRS Margot,1976,0
BRS Morena,1976,0
BRS Núbia ,1976,0
BRS Rúbea,1976,0
BRS Violeta,1976,0
BRS Vitória,1976,0
Champagnon (Champanheta),1976,0
Coleções,1976,0
Concord,1976,6140559
Concord clone 30,1976,0
Couderc,1976,4084126
Cynthiana(1),1976,351881
Herbemont,1976,41938949
IAC 138022,1976,0
Isabel,1976,146746340
Isabel Precoce,1976,0
Jacquez,1976,495973
Kyoko,1976,0
Landot,1976,87904
Mistura de uvas americanas tinto,1976,0
Oberlin,1976,10611
Othello,1976,77044
Paco,1976,0
Patricia,1976,0
Seibel,1976,9573812
Seibel 2 (seibeleto),1976,0
Seyve Willard (Tinta),1976,0
Vênus,1976,0
BRANCAS E ROSADAS,1976,1269187
Baco,1976,4172
Bokay,1976,0
BRS Bibiana ,1976,0
BRS Clara,1976,0
BRS Lorena,1976,0
Couderc 13,1976,0
Delaware,1976,0
Dona Zillá,1976,0
Dut Chess,1976,0
Goethe,1976,228609
IAC,1976,0
Juliana,1976,0
Martha,1976,1108
Mistura de uvas americanas,1976,0
Moscato Embrapa,1976,0
Niagara,1976,1035298
Niagara Branca,1976,0
Niagara Rosada,1976,0
Poloske,1976,0
Seleções,1976,0
Seyve Villard,1976,0
Seyve Villard 5276,1976,0
Seyve Villard 12375,1976,0
Tardia de Caxias,1976,0
Outras(2),1976,0
TINTAS,1977,272772106
Bacarina,1977,0
Bailey,1977,0
Bordo,1977,18714617
Bourdin (S),1977,0
BRS Carmen,1977,0
BRS Cora,1977,0
BRS Magna,1977,0
BRS Margot,1977,0
BRS Morena,1977,0
BRS Núbia ,1977,0
BRS Rúbea,1977,0
BRS Violeta,1977,0
BRS Vitória,1977,0
Champagnon (Champanheta),1977,0
Coleções,1977,0
Concord,1977,7387125
Concord clone 30,1977,0
Couderc,1977,4214237
Cynthiana(1),1977,738472
Herbemont,1977,53226940
IAC 138022,1977,0
Isabel,1977,175906184
Isabel Precoce,1977,0
Jacquez,1977,681039
Kyoko,1977,0
Landot,1977,62198
Mistura de uvas americanas tinto,1977,0
Oberlin,1977,22059
Othello,1977,46765
Paco,1977,0
Patricia,1977,0
Seibel,1977,11772470
Seibel 2 (seibeleto),1977,0
Seyve Willard (Tinta),1977,0
Vênus,1977,0
BRANCAS E ROSADAS,1977,2587615
Baco,1977,13095
Bokay,1977,0
BRS Bibiana ,1977,0
BRS Clara,1977,0
BRS Lorena,1977,0
Couderc 13,1977,0
Delaware,1977,0
Dona Zillá,1977,0
Dut Chess,1977,0
Goethe,1977,20404
IAC,1977,0
Juliana,1977,0
Martha,1977,921
Mistura de uvas americanas,1977,0
Moscato Embrapa,1977,0
Niagara,1977,2468965
Niagara Branca,1977,0
Niagara Rosada,1977,0
Poloske,1977,0
Seleções,1977,0
Seyve Villard,1977,84230
Seyve Villard 5276,1977,0
Seyve Villard 12375,1977,0
Tardia de Caxias,1977,0
Outras(2),1977,0
TINTAS,1978,295012354
Bacarina,1978,0
Bailey,1978,0
Bordo,1978,22247163
Bourdin (S),1978,0
BRS Carmen,1978,0
BRS Cora,1978,0
BRS Magna,1978,0
BRS Margot,1978,0
BRS Morena,1978,0
BRS Núbia ,1978,0
BRS Rúbea,1978,0
BRS Violeta,1978,0
BRS Vitória,1978,0
Champagnon (Champanheta),1978,0
Coleções,1978,0
Concord,1978,8520060
Concord clone 30,1978,0
Couderc,1978,4406881
Cynthiana(1),1978,491780
Herbemont,1978,46594020
IAC 138022,1978,0
Isabel,1978,202315021
Isabel Precoce,1978,0
Jacquez,1978,578872
Kyoko,1978,0
Landot,1978,44974
Mistura de uvas americanas tinto,1978,0
Oberlin,1978,13670
Othello,1978,59623
Paco,1978,0
Patricia,1978,0
Seibel,1978,9740290
Seibel 2 (seibeleto),1978,0
Seyve Willard (Tinta),1978,0
Vênus,1978,0
BRANCAS E ROSADAS,1978,3780127
Baco,1978,0
Bokay,1978,0
BRS Bibiana ,1978,0
BRS Clara,1978,0
BRS Lorena,1978,0
Couderc 13,1978,0
Delaware,1978,0
Dona Zillá,1978,0
Dut Chess,1978,0
Goethe,1978,347450
IAC,1978,0
Juliana,1978,0
Martha,1978,10749
Mistura de uvas americanas,1978,0
Moscato Embrapa,1978,0
Niagara,1978,3239522
Niagara Branca,1978,0
Niagara Rosada,1978,0
Poloske,1978,0
Seleções,1978,0
Seyve Villard,1978,182406
Seyve Villard 5276,1978,0
Seyve Villard 12375,1978,0
Tardia de Caxias,1978,0
Outras(2),1978,0
TINTAS,1979,301385687
Bacarina,1979,29525
Bailey,1979,0
Bordo,1979,20061699
Bourdin (S),1979,0
BRS Carmen,1979,0
BRS Cora,1979,0
BRS Magna,1979,0
BRS Margot,1979,0
BRS Morena,1979,0
BRS Núbia ,1979,0
BRS Rúbea,1979,0
BRS Violeta,1979,0
BRS Vitória,1979,0
Champagnon (Champanheta),1979,0
Coleções,1979,0
Concord,1979,9016712
Concord clone 30,1979,0
Couderc,1979,5113513
Cynthiana(1),1979,414158
Herbemont,1979,60116742
IAC 138022,1979,0
Isabel,1979,195149198
Isabel Precoce,1979,0
Jacquez,1979,657846
Kyoko,1979,0
Landot,1979,39884
Mistura de uvas americanas tinto,1979,0
Oberlin,1979,6207
Othello,1979,3638
Paco,1979,0
Patricia,1979,0
Seibel,1979,10776565
Seibel 2 (seibeleto),1979,0
Seyve Willard (Tinta),1979,0
Vênus,1979,0
BRANCAS E ROSADAS,1979,4786127
Baco,1979,0
Bokay,1979,0
BRS Bibiana ,1979,0
BRS Clara,1979,0
BRS Lorena,1979,0
Couderc 13,1979,0
Delaware,1979,19359
Dona Zillá,1979,0
Dut Chess,1979,0
Goethe,1979,70345
IAC,1979,0
Juliana,1979,0
Martha,1979,7396
Mistura de uvas americanas,1979,0
Moscato Embrapa,1979,0
Niagara,1979,3589475
Niagara Branca,1979,0
Niagara Rosada,1979,0
Poloske,1979,0
Seleções,1979,0
Seyve Villard,1979,1099552
Seyve Villard 5276,1979,0
Seyve Villard 12375,1979,0
Tardia de Caxias,1979,0
Outras(2),1979,0
TINTAS,1980,196759139
Bacarina,1980,37404
Bailey,1980,0
Bordo,1980,16495642
Bourdin (S),1980,0
BRS Carmen,1980,0
BRS Cora,1980,0
BRS Magna,1980,0
BRS Margot,1980,0
BRS Morena,1980,0
BRS Núbia ,1980,0
BRS Rúbea,1980,0
BRS Violeta,1980,0
BRS Vitória,1980,0
Champagnon (Champanheta),1980,0
Coleções,1980,0
Concord,1980,5640991
Concord clone 30,1980,0
Couderc,1980,4431263
Cynthiana(1),1980,285705
Herbemont,1980,31377059
IAC 138022,1980,0
Isabel,1980,129236559
Isabel Precoce,1980,0
Jacquez,1980,422025
Kyoko,1980,0
Landot,1980,36680
Mistura de uvas americanas tinto,1980,0
Oberlin,1980,1042
Othello,1980,37273
Paco,1980,0
Patricia,1980,0
Seibel,1980,8757496
Seibel 2 (seibeleto),1980,0
Seyve Willard (Tinta),1980,0
Vênus,1980,0
BRANCAS E ROSADAS,1980,4360271
Baco,1980,0
Bokay,1980,0
BRS Bibiana ,1980,0
BRS Clara,1980,0
BRS Lorena,1980,0
Couderc 13,1980,0
Delaware,1980,18249
Dona Zillá,1980,0
Dut Chess,1980,0
Goethe,1980,16057
IAC,1980,0
Juliana,1980,0
Martha,1980,980
Mistura de uvas americanas,1980,0
Moscato Embrapa,1980,0
Niagara,1980,4030127
Niagara Branca,1980,0
Niagara Rosada,1980,0
Poloske,1980,0
Seleções,1980,0
Seyve Villard,1980,294858
Seyve Villard 5276,1980,0
Seyve Villard 12375,1980,0
Tardia de Caxias,1980,0
Outras(2),1980,0
TINTAS,1981,290765867
Bacarina,1981,37893
Bailey,1981,0
Bordo,1981,20525530
Bourdin (S),1981,0
BRS Carmen,1981,0
BRS Cora,1981,0
BRS Magna,1981,0
BRS Margot,1981,0
BRS Morena,1981,0
BRS Núbia ,1981,0
BRS Rúbea,1981,0
BRS Violeta,1981,0
BRS Vitória,1981,0
Champagnon (Champanheta),1981,0
Coleções,1981,0
Concord,1981,10751352
Concord clone 30,1981,0
Couderc,1981,4779453
Cynthiana(1),1981,388118
Herbemont,1981,48717399
IAC 138022,1981,0
Isabel,1981,191757135
Isabel Precoce,1981,0
Jacquez,1981,553100
Kyoko,1981,0
Landot,1981,38773
Mistura de uvas americanas tinto,1981,0
Oberlin,1981,3428
Othello,1981,25750
Paco,1981,0
Patricia,1981,0
Seibel,1981,13187936
Seibel 2 (seibeleto),1981,0
Seyve Willard (Tinta),1981,0
Vênus,1981,0
BRANCAS E ROSADAS,1981,7412211
Baco,1981,0
Bokay,1981,0
BRS Bibiana ,1981,0
BRS Clara,1981,0
BRS Lorena,1981,0
Couderc 13,1981,0
Delaware,1981,4630
Dona Zillá,1981,0
Dut Chess,1981,0
Goethe,1981,72134
IAC,1981,0
Juliana,1981,0
Martha,1981,1041
Mistura de uvas americanas,1981,0
Moscato Embrapa,1981,0
Niagara,1981,6714199
Niagara Branca,1981,0
Niagara Rosada,1981,0
Poloske,1981,0
Seleções,1981,0
Seyve Villard,1981,620207
Seyve Villard 5276,1981,0
Seyve Villard 12375,1981,0
Tardia de Caxias,1981,0
Outras(2),1981,0
TINTAS,1982,341083460
Bacarina,1982,0
Bailey,1982,0
Bordo,1982,26385123
Bourdin (S),1982,0
BRS Carmen,1982,0
BRS Cora,1982,0
BRS Magna,1982,0
BRS Margot,1982,0
BRS Morena,1982,0
BRS Núbia ,1982,0
BRS Rúbea,1982,0
BRS Violeta,1982,0
BRS Vitória,1982,0
Champagnon (Champanheta),1982,0
Coleções,1982,0
Concord,1982,11470646
Concord clone 30,1982,0
Couderc,1982,6234132
Cynthiana(1),1982,400575
Herbemont,1982,48220049
IAC 138022,1982,0
Isabel,1982,237185186
Isabel Precoce,1982,0
Jacquez,1982,796363
Kyoko,1982,0
Landot,1982,30617
Mistura de uvas americanas tinto,1982,0
Oberlin,1982,5723
Othello,1982,37730
Paco,1982,0
Patricia,1982,0
Seibel,1982,10317316
Seibel 2 (seibeleto),1982,0
Seyve Willard (Tinta),1982,0
Vênus,1982,0
BRANCAS E ROSADAS,1982,13716818
Baco,1982,319
Bokay,1982,0
BRS Bibiana ,1982,0
BRS Clara,1982,0
BRS Lorena,1982,0
Couderc 13,1982,0
Delaware,1982,23875
Dona Zillá,1982,0
Dut Chess,1982,0
Goethe,1982,68360
IAC,1982,0
Juliana,1982,0
Martha,1982,3567
Mistura de uvas americanas,1982,0
Moscato Embrapa,1982,0
Niagara,1982,9863766
Niagara Branca,1982,0
Niagara Rosada,1982,0
Poloske,1982,0
Seleções,1982,0
Seyve Villard,1982,3756931
Seyve Villard 5276,1982,0
Seyve Villard 12375,1982,0
Tardia de Caxias,1982,0
Outras(2),1982,0
TINTAS,1983,170165573
Bacarina,1983,46640
Bailey,1983,0
Bordo,1983,14872674
Bourdin (S),1983,0
BRS Carmen,1983,0
BRS Cora,1983,0
BRS Magna,1983,0
BRS Margot,1983,0
BRS Morena,1983,0
BRS Núbia ,1983,0
BRS Rúbea,1983,0
BRS Violeta,1983,0
BRS Vitória,1983,0
Champagnon (Champanheta),1983,0
Coleções,1983,0
Concord,1983,6864134
Concord clone 30,1983,0
Couderc,1983,4643069
Cynthiana(1),1983,172523
Herbemont,1983,26085982
IAC 138022,1983,0
Isabel,1983,108170744
Isabel Precoce,1983,0
Jacquez,1983,427037
Kyoko,1983,0
Landot,1983,10195
Mistura de uvas americanas tinto,1983,0
Oberlin,1983,767
Othello,1983,10513
Paco,1983,0
Patricia,1983,0
Seibel,1983,8861295
Seibel 2 (seibeleto),1983,0
Seyve Willard (Tinta),1983,0
Vênus,1983,0
BRANCAS E ROSADAS,1983,9046967
Baco,1983,0
Bokay,1983,0
BRS Bibiana ,1983,0
BRS Clara,1983,0
BRS Lorena,1983,0
Couderc 13,1983,322338
Delaware,1983,0
Dona Zillá,1983,0
Dut Chess,1983,0
Goethe,1983,130894
IAC,1983,0
Juliana,1983,0
Martha,1983,1920
Mistura de uvas americanas,1983,0
Moscato Embrapa,1983,0
Niagara,1983,4496756
Niagara Branca,1983,0
Niagara Rosada,1983,0
Poloske,1983,0
Seleções,1983,0
Seyve Villard,1983,4095059
Seyve Villard 5276,1983,0
Seyve Villard 12375,1983,0
Tardia de Caxias,1983,0
Outras(2),1983,0
TINTAS,1984,261019229
Bacarina,1984,46767
Bailey,1984,0
Bordo,1984,22146292
Bourdin (S),1984,0
BRS Carmen,1984,0
BRS Cora,1984,0
BRS Magna,1984,0
BRS Margot,1984,0
BRS Morena,1984,0
BRS Núbia ,1984,0
BRS Rúbea,1984,0
BRS Violeta,1984,0
BRS Vitória,1984,0
Champagnon (Champanheta),1984,0
Coleções,1984,0
Concord,1984,8550370
Concord clone 30,1984,0
Couderc,1984,5544207
Cynthiana(1),1984,553285
Herbemont,1984,44313715
IAC 138022,1984,0
Isabel,1984,166802020
Isabel Precoce,1984,0
Jacquez,1984,807228
Kyoko,1984,0
Landot,1984,8774
Mistura de uvas americanas tinto,1984,0
Oberlin,1984,0
Othello,1984,0
Paco,1984,0
Patricia,1984,0
Seibel,1984,12246571
Seibel 2 (seibeleto),1984,0
Seyve Willard (Tinta),1984,0
Vênus,1984,0
BRANCAS E ROSADAS,1984,14368810
Baco,1984,0
Bokay,1984,0
BRS Bibiana ,1984,0
BRS Clara,1984,0
BRS Lorena,1984,0
Couderc 13,1984,589380
Delaware,1984,0
Dona Zillá,1984,0
Dut Chess,1984,0
Goethe,1984,169402
IAC,1984,0
Juliana,1984,0
Martha,1984,16321
Mistura de uvas americanas,1984,0
Moscato Embrapa,1984,0
Niagara,1984,8308736
Niagara Branca,1984,0
Niagara Rosada,1984,0
Poloske,1984,0
Seleções,1984,0
Seyve Villard,1984,5284971
Seyve Villard 5276,1984,0
Seyve Villard 12375,1984,0
Tardia de Caxias,1984,0
Outras(2),1984,0
TINTAS,1985,385216611
Bacarina,1985,55878
Bailey,1985,0
Bordo,1985,36787283
Bourdin (S),1985,0
BRS Carmen,1985,0
BRS Cora,1985,0
BRS Magna,1985,0
BRS Margot,1985,0
BRS Morena,1985,0
BRS Núbia ,1985,0
BRS Rúbea,1985,0
BRS Violeta,1985,0
BRS Vitória,1985,0
Champagnon (Champanheta),1985,0
Coleções,1985,0
Concord,1985,17270192
Concord clone 30,1985,0
Couderc,1985,7341937
Cynthiana(1),1985,467677
Herbemont,1985,47677634
IAC 138022,1985,0
Isabel,1985,261311720
Isabel Precoce,1985,0
Jacquez,1985,883337
Kyoko,1985,0
Landot,1985,21485
Mistura de uvas americanas tinto,1985,0
Oberlin,1985,177
Othello,1985,4862
Paco,1985,0
Patricia,1985,0
Seibel,1985,13394429
Seibel 2 (seibeleto),1985,0
Seyve Willard (Tinta),1985,0
Vênus,1985,0
BRANCAS E ROSADAS,1985,21256077
Baco,1985,1688
Bokay,1985,0
BRS Bibiana ,1985,0
BRS Clara,1985,0
BRS Lorena,1985,0
Couderc 13,1985,906354
Delaware,1985,0
Dona Zillá,1985,0
Dut Chess,1985,0
Goethe,1985,301062
IAC,1985,0
Juliana,1985,0
Martha,1985,9096
Mistura de uvas americanas,1985,0
Moscato Embrapa,1985,0
Niagara,1985,14685699
Niagara Branca,1985,0
Niagara Rosada,1985,0
Poloske,1985,0
Seleções,1985,0
Seyve Villard,1985,5234899
Seyve Villard 5276,1985,0
Seyve Villard 12375,1985,117279
Tardia de Caxias,1985,0
Outras(2),1985,0
TINTAS,1986,225069529
Bacarina,1986,26538
Bailey,1986,0
Bordo,1986,23956474
Bourdin (S),1986,0
BRS Carmen,1986,0
BRS Cora,1986,0
BRS Magna,1986,0
BRS Margot,1986,0
BRS Morena,1986,0
BRS Núbia ,1986,0
BRS Rúbea,1986,0
BRS Violeta,1986,0
BRS Vitória,1986,0
Champagnon (Champanheta),1986,0
Coleções,1986,0
Concord,1986,8864661
Concord clone 30,1986,0
Couderc,1986,5474248
Cynthiana(1),1986,304481
Herbemont,1986,29438543
IAC 138022,1986,0
Isabel,1986,148440133
Isabel Precoce,1986,0
Jacquez,1986,608629
Kyoko,1986,0
Landot,1986,5953
Mistura de uvas americanas tinto,1986,0
Oberlin,1986,4770
Othello,1986,4488
Paco,1986,0
Patricia,1986,0
Seibel,1986,7940611
Seibel 2 (seibeleto),1986,0
Seyve Willard (Tinta),1986,0
Vênus,1986,0
BRANCAS E ROSADAS,1986,14188471
Baco,1986,0
Bokay,1986,0
BRS Bibiana ,1986,0
BRS Clara,1986,0
BRS Lorena,1986,0
Couderc 13,1986,982883
Delaware,1986,0
Dona Zillá,1986,0
Dut Chess,1986,0
Goethe,1986,363437
IAC,1986,0
Juliana,1986,0
Martha,1986,1155
Mistura de uvas americanas,1986,0
Moscato Embrapa,1986,0
Niagara,1986,9191120
Niagara Branca,1986,0
Niagara Rosada,1986,0
Poloske,1986,0
Seleções,1986,0
Seyve Villard,1986,3649876
Seyve Villard 5276,1986,0
Seyve Villard 12375,1986,0
Tardia de Caxias,1986,0
Outras(2),1986,0
TINTAS,1987,218625428
Bacarina,1987,40547
Bailey,1987,0
Bordo,1987,22318163
Bourdin (S),1987,0
BRS Carmen,1987,0
BRS Cora,1987,0
BRS Magna,1987,0
BRS Margot,1987,0
BRS Morena,1987,0
BRS Núbia ,1987,0
BRS Rúbea,1987,0
BRS Violeta,1987,0
BRS Vitória,1987,0
Champagnon (Champanheta),1987,0
Coleções,1987,0
Concord,1987,11047563
Concord clone 30,1987,0
Couderc,1987,6244818
Cynthiana(1),1987,286589
Herbemont,1987,29335178
IAC 138022,1987,0
Isabel,1987,140066153
Isabel Precoce,1987,0
Jacquez,1987,532204
Kyoko,1987,0
Landot,1987,3078
Mistura de uvas americanas tinto,1987,0
Oberlin,1987,85
Othello,1987,3295
Paco,1987,0
Patricia,1987,0
Seibel,1987,8747755
Seibel 2 (seibeleto),1987,0
Seyve Willard (Tinta),1987,0
Vênus,1987,0
BRANCAS E ROSADAS,1987,17527966
Baco,1987,0
Bokay,1987,0
BRS Bibiana ,1987,0
BRS Clara,1987,0
BRS Lorena,1987,0
Couderc 13,1987,1977492
Delaware,1987,0
Dona Zillá,1987,0
Dut Chess,1987,0
Goethe,1987,178750
IAC,1987,0
Juliana,1987,0
Martha,1987,3200
Mistura de uvas americanas,1987,0
Moscato Embrapa,1987,0
Niagara,1987,12590860
Niagara Branca,1987,0
Niagara Rosada,1987,0
Poloske,1987,0
Seleções,1987,0
Seyve Villard,1987,2777664
Seyve Villard 5276,1987,0
Seyve Villard 12375,1987,0
Tardia de Caxias,1987,0
Outras(2),1987,0
TINTAS,1988,359389651
Bacarina,1988,0
Bailey,1988,0
Bordo,1988,34047360
Bourdin (S),1988,0
BRS Carmen,1988,0
BRS Cora,1988,0
BRS Magna,1988,0
BRS Margot,1988,0
BRS Morena,1988,0
BRS Núbia ,1988,0
BRS Rúbea,1988,0
BRS Violeta,1988,0
BRS Vitória,1988,0
Champagnon (Champanheta),1988,0
Coleções,1988,0
Concord,1988,16295035
Concord clone 30,1988,0
Couderc,1988,6141396
Cynthiana(1),1988,397685
Herbemont,1988,46197631
IAC 138022,1988,0
Isabel,1988,235678802
Isabel Precoce,1988,0
Jacquez,1988,841551
Kyoko,1988,0
Landot,1988,8728
Mistura de uvas americanas tinto,1988,0
Oberlin,1988,460
Othello,1988,91992
Paco,1988,0
Patricia,1988,0
Seibel,1988,19689011
Seibel 2 (seibeleto),1988,0
Seyve Willard (Tinta),1988,0
Vênus,1988,0
BRANCAS E ROSADAS,1988,27423226
Baco,1988,0
Bokay,1988,0
BRS Bibiana ,1988,0
BRS Clara,1988,0
BRS Lorena,1988,0
Couderc 13,1988,2218296
Delaware,1988,0
Dona Zillá,1988,0
Dut Chess,1988,0
Goethe,1988,433377
IAC,1988,0
Juliana,1988,0
Martha,1988,5482
Mistura de uvas americanas,1988,0
Moscato Embrapa,1988,0
Niagara,1988,18884834
Niagara Branca,1988,0
Niagara Rosada,1988,0
Poloske,1988,0
Seleções,1988,0
Seyve Villard,1988,5881237
Seyve Villard 5276,1988,0
Seyve Villard 12375,1988,0
Tardia de Caxias,1988,0
Outras(2),1988,0
TINTAS,1989,254480942
Bacarina,1989,0
Bailey,1989,0
Bordo,1989,32102192
Bourdin (S),1989,0
BRS Carmen,1989,0
BRS Cora,1989,0
BRS Magna,1989,0
BRS Margot,1989,0
BRS Morena,1989,0
BRS Núbia ,1989,0
BRS Rúbea,1989,0
BRS Violeta,1989,0
BRS Vitória,1989,0
Champagnon (Champanheta),1989,0
Coleções,1989,0
Concord,1989,12222671
Concord clone 30,1989,0
Couderc,1989,8457905
Cynthiana(1),1989,327562
Herbemont,1989,29443570
IAC 138022,1989,0
Isabel,1989,159406823
Isabel Precoce,1989,0
Jacquez,1989,804883
Kyoko,1989,0
Landot,1989,2005
Mistura de uvas americanas tinto,1989,0
Oberlin,1989,276
Othello,1989,72780
Paco,1989,0
Patricia,1989,0
Seibel,1989,11640275
Seibel 2 (seibeleto),1989,0
Seyve Willard (Tinta),1989,0
Vênus,1989,0
BRANCAS E ROSADAS,1989,25521025
Baco,1989,448
Bokay,1989,0
BRS Bibiana ,1989,0
BRS Clara,1989,0
BRS Lorena,1989,0
Couderc 13,1989,2614887
Delaware,1989,0
Dona Zillá,1989,0
Dut Chess,1989,0
Goethe,1989,328972
IAC,1989,0
Juliana,1989,0
Martha,1989,8930
Mistura de uvas americanas,1989,0
Moscato Embrapa,1989,0
Niagara,1989,17211883
Niagara Branca,1989,245263
Niagara Rosada,1989,118763
Poloske,1989,0
Seleções,1989,0
Seyve Villard,1989,4991879
Seyve Villard 5276,1989,0
Seyve Villard 12375,1989,0
Tardia de Caxias,1989,0
Outras(2),1989,0
TINTAS,1990,314756312
Bacarina,1990,0
Bailey,1990,0
Bordo,1990,32681255
Bourdin (S),1990,0
BRS Carmen,1990,0
BRS Cora,1990,0
BRS Magna,1990,0
BRS Margot,1990,0
BRS Morena,1990,0
BRS Núbia ,1990,0
BRS Rúbea,1990,0
BRS Violeta,1990,0
BRS Vitória,1990,0
Champagnon (Champanheta),1990,0
Coleções,1990,0
Concord,1990,15417034
Concord clone 30,1990,0
Couderc,1990,6959591
Cynthiana(1),1990,342604
Herbemont,1990,33234026
IAC 138022,1990,0
Isabel,1990,210877130
Isabel Precoce,1990,0
Jacquez,1990,995409
Kyoko,1990,0
Landot,1990,3243
Mistura de uvas americanas tinto,1990,0
Oberlin,1990,91
Othello,1990,57552
Paco,1990,0
Patricia,1990,0
Seibel,1990,14188377
Seibel 2 (seibeleto),1990,0
Seyve Willard (Tinta),1990,0
Vênus,1990,0
BRANCAS E ROSADAS,1990,28728839
Baco,1990,739
Bokay,1990,0
BRS Bibiana ,1990,0
BRS Clara,1990,0
BRS Lorena,1990,0
Couderc 13,1990,2790853
Delaware,1990,0
Dona Zillá,1990,0
Dut Chess,1990,0
Goethe,1990,472611
IAC,1990,0
Juliana,1990,0
Martha,1990,4001
Mistura de uvas americanas,1990,0
Moscato Embrapa,1990,0
Niagara,1990,20800524
Niagara Branca,1990,0
Niagara Rosada,1990,477502
Poloske,1990,0
Seleções,1990,0
Seyve Villard,1990,4182609
Seyve Villard 5276,1990,0
Seyve Villard 12375,1990,0
Tardia de Caxias,1990,0
Outras(2),1990,0
TINTAS,1991,217625877
Bacarina,1991,0
Bailey,1991,0
Bordo,1991,28036345
Bourdin (S),1991,0
BRS Carmen,1991,0
BRS Cora,1991,0
BRS Magna,1991,0
BRS Margot,1991,0
BRS Morena,1991,0
BRS Núbia ,1991,0
BRS Rúbea,1991,0
BRS Violeta,1991,0
BRS Vitória,1991,0
Champagnon (Champanheta),1991,0
Coleções,1991,0
Concord,1991,14941796
Concord clone 30,1991,0
Couderc,1991,5270323
Cynthiana(1),1991,221319
Herbemont,1991,24856167
IAC 138022,1991,0
Isabel,1991,132328198
Isabel Precoce,1991,0
Jacquez,1991,1687679
Kyoko,1991,0
Landot,1991,5831
Mistura de uvas americanas tinto,1991,0
Oberlin,1991,0
Othello,1991,50940
Paco,1991,0
Patricia,1991,0
Seibel,1991,10227279
Seibel 2 (seibeleto),1991,0
Seyve Willard (Tinta),1991,0
Vênus,1991,0
BRANCAS E ROSADAS,1991,23233994
Baco,1991,1699
Bokay,1991,0
BRS Bibiana ,1991,0
BRS Clara,1991,0
BRS Lorena,1991,0
Couderc 13,1991,2506363
Delaware,1991,0
Dona Zillá,1991,0
Dut Chess,1991,0
Goethe,1991,431040
IAC,1991,0
Juliana,1991,0
Martha,1991,1449
Mistura de uvas americanas,1991,0
Moscato Embrapa,1991,0
Niagara,1991,17234514
Niagara Branca,1991,0
Niagara Rosada,1991,245082
Poloske,1991,0
Seleções,1991,0
Seyve Villard,1991,2813847
Seyve Villard 5276,1991,0
Seyve Villard 12375,1991,0
Tardia de Caxias,1991,0
Outras(2),1991,0
TINTAS,1992,263373326
Bacarina,1992,0
Bailey,1992,0
Bordo,1992,32595535
Bourdin (S),1992,0
BRS Carmen,1992,0
BRS Cora,1992,0
BRS Magna,1992,0
BRS Margot,1992,0
BRS Morena,1992,0
BRS Núbia ,1992,0
BRS Rúbea,1992,0
BRS Violeta,1992,0
BRS Vitória,1992,0
Champagnon (Champanheta),1992,0
Coleções,1992,0
Concord,1992,14188621
Concord clone 30,1992,0
Couderc,1992,6545413
Cynthiana(1),1992,321747
Herbemont,1992,29784144
IAC 138022,1992,0
Isabel,1992,164527740
Isabel Precoce,1992,0
Jacquez,1992,1586195
Kyoko,1992,0
Landot,1992,1472
Mistura de uvas americanas tinto,1992,0
Oberlin,1992,0
Othello,1992,37109
Paco,1992,0
Patricia,1992,0
Seibel,1992,13785350
Seibel 2 (seibeleto),1992,0
Seyve Willard (Tinta),1992,0
Vênus,1992,0
BRANCAS E ROSADAS,1992,19198967
Baco,1992,1262
Bokay,1992,0
BRS Bibiana ,1992,0
BRS Clara,1992,0
BRS Lorena,1992,0
Couderc 13,1992,3007751
Delaware,1992,0
Dona Zillá,1992,0
Dut Chess,1992,0
Goethe,1992,74765
IAC,1992,0
Juliana,1992,0
Martha,1992,2100
Mistura de uvas americanas,1992,0
Moscato Embrapa,1992,0
Niagara,1992,12657729
Niagara Branca,1992,0
Niagara Rosada,1992,388417
Poloske,1992,0
Seleções,1992,0
Seyve Villard,1992,3066943
Seyve Villard 5276,1992,0
Seyve Villard 12375,1992,0
Tardia de Caxias,1992,0
Outras(2),1992,0
TINTAS,1993,258584904
Bacarina,1993,0
Bailey,1993,0
Bordo,1993,31680138
Bourdin (S),1993,0
BRS Carmen,1993,0
BRS Cora,1993,0
BRS Magna,1993,0
BRS Margot,1993,0
BRS Morena,1993,0
BRS Núbia ,1993,0
BRS Rúbea,1993,0
BRS Violeta,1993,0
BRS Vitória,1993,0
Champagnon (Champanheta),1993,0
Coleções,1993,0
Concord,1993,19215089
Concord clone 30,1993,0
Couderc,1993,7880808
Cynthiana(1),1993,394647
Herbemont,1993,25696041
IAC 138022,1993,0
Isabel,1993,160040350
Isabel Precoce,1993,0
Jacquez,1993,1511782
Kyoko,1993,0
Landot,1993,575
Mistura de uvas americanas tinto,1993,0
Oberlin,1993,0
Othello,1993,65870
Paco,1993,0
Patricia,1993,0
Seibel,1993,12099604
Seibel 2 (seibeleto),1993,0
Seyve Willard (Tinta),1993,0
Vênus,1993,0
BRANCAS E ROSADAS,1993,28443405
Baco,1993,0
Bokay,1993,0
BRS Bibiana ,1993,0
BRS Clara,1993,0
BRS Lorena,1993,0
Couderc 13,1993,2841307
Delaware,1993,0
Dona Zillá,1993,0
Dut Chess,1993,0
Goethe,1993,76160
IAC,1993,0
Juliana,1993,0
Martha,1993,0
Mistura de uvas americanas,1993,0
Moscato Embrapa,1993,0
Niagara,1993,21246181
Niagara Branca,1993,0
Niagara Rosada,1993,919565
Poloske,1993,0
Seleções,1993,0
Seyve Villard,1993,3360192
Seyve Villard 5276,1993,0
Seyve Villard 12375,1993,0
Tardia de Caxias,1993,0
Outras(2),1993,0
TINTAS,1994,298954232
Bacarina,1994,0
Bailey,1994,0
Bordo,1994,35680856
Bourdin (S),1994,78952
BRS Carmen,1994,0
BRS Cora,1994,0
BRS Magna,1994,0
BRS Margot,1994,0
BRS Morena,1994,0
BRS Núbia ,1994,0
BRS Rúbea,1994,0
BRS Violeta,1994,0
BRS Vitória,1994,0
Champagnon (Champanheta),1994,0
Coleções,1994,0
Concord,1994,21325339
Concord clone 30,1994,0
Couderc,1994,10306977
Cynthiana(1),1994,304456
Herbemont,1994,29001540
IAC 138022,1994,508580
Isabel,1994,176725596
Isabel Precoce,1994,0
Jacquez,1994,4133466
Kyoko,1994,0
Landot,1994,1760
Mistura de uvas americanas tinto,1994,0
Oberlin,1994,62
Othello,1994,70019
Paco,1994,0
Patricia,1994,0
Seibel,1994,20816629
Seibel 2 (seibeleto),1994,0
Seyve Willard (Tinta),1994,0
Vênus,1994,0
BRANCAS E ROSADAS,1994,29216963
Baco,1994,1952
Bokay,1994,0
BRS Bibiana ,1994,0
BRS Clara,1994,0
BRS Lorena,1994,0
Couderc 13,1994,2341773
Delaware,1994,0
Dona Zillá,1994,0
Dut Chess,1994,0
Goethe,1994,361587
IAC,1994,0
Juliana,1994,0
Martha,1994,0
Mistura de uvas americanas,1994,0
Moscato Embrapa,1994,0
Niagara,1994,21892480
Niagara Branca,1994,94323
Niagara Rosada,1994,1552087
Poloske,1994,0
Seleções,1994,0
Seyve Villard,1994,2818418
Seyve Villard 5276,1994,0
Seyve Villard 12375,1994,154343
Tardia de Caxias,1994,0
Outras(2),1994,0
TINTAS,1995,313953430
Bacarina,1995,0
Bailey,1995,0
Bordo,1995,36409536
Bourdin (S),1995,0
BRS Carmen,1995,0
BRS Cora,1995,0
BRS Magna,1995,0
BRS Margot,1995,0
BRS Morena,1995,0
BRS Núbia ,1995,0
BRS Rúbea,1995,0
BRS Violeta,1995,0
BRS Vitória,1995,0
Champagnon (Champanheta),1995,0
Coleções,1995,0
Concord,1995,19710821
Concord clone 30,1995,0
Couderc,1995,8015634
Cynthiana(1),1995,368619
Herbemont,1995,31362294
IAC 138022,1995,0
Isabel,1995,199803720
Isabel Precoce,1995,0
Jacquez,1995,1662439
Kyoko,1995,0
Landot,1995,935
Mistura de uvas americanas tinto,1995,0
Oberlin,1995,0
Othello,1995,43847
Paco,1995,0
Patricia,1995,0
Seibel,1995,16575585
Seibel 2 (seibeleto),1995,0
Seyve Willard (Tinta),1995,0
Vênus,1995,0
BRANCAS E ROSADAS,1995,30114221
Baco,1995,1048
Bokay,1995,0
BRS Bibiana ,1995,0
BRS Clara,1995,0
BRS Lorena,1995,0
Couderc 13,1995,3376162
Delaware,1995,0
Dona Zillá,1995,0
Dut Chess,1995,0
Goethe,1995,47140
IAC,1995,0
Juliana,1995,0
Martha,1995,4454
Mistura de uvas americanas,1995,0
Moscato Embrapa,1995,0
Niagara,1995,22138607
Niagara Branca,1995,0
Niagara Rosada,1995,1454485
Poloske,1995,0
Seleções,1995,0
Seyve Villard,1995,3092325
Seyve Villard 5276,1995,0
Seyve Villard 12375,1995,0
Tardia de Caxias,1995,0
Outras(2),1995,0
TINTAS,1996,231499856
Bacarina,1996,0
Bailey,1996,0
Bordo,1996,31280138
Bourdin (S),1996,0
BRS Carmen,1996,0
BRS Cora,1996,0
BRS Magna,1996,0
BRS Margot,1996,0
BRS Morena,1996,0
BRS Núbia ,1996,0
BRS Rúbea,1996,0
BRS Violeta,1996,0
BRS Vitória,1996,0
Champagnon (Champanheta),1996,0
Coleções,1996,0
Concord,1996,16894753
Concord clone 30,1996,0
Couderc,1996,8736532
Cynthiana(1),1996,415262
Herbemont,1996,21055147
IAC 138022,1996,0
Isabel,1996,137107664
Isabel Precoce,1996,0
Jacquez,1996,1817283
Kyoko,1996,0
Landot,1996,0
Mistura de uvas americanas tinto,1996,0
Oberlin,1996,0
Othello,1996,25953
Paco,1996,0
Patricia,1996,0
Seibel,1996,14167124
Seibel 2 (seibeleto),1996,0
Seyve Willard (Tinta),1996,0
Vênus,1996,0
BRANCAS E ROSADAS,1996,21299828
Baco,1996,1482
Bokay,1996,0
BRS Bibiana ,1996,0
BRS Clara,1996,0
BRS Lorena,1996,0
Couderc 13,1996,2627423
Delaware,1996,0
Dona Zillá,1996,0
Dut Chess,1996,0
Goethe,1996,341189
IAC,1996,0
Juliana,1996,0
Martha,1996,995
Mistura de uvas americanas,1996,0
Moscato Embrapa,1996,0
Niagara,1996,14560449
Niagara Branca,1996,15406
Niagara Rosada,1996,1391996
Poloske,1996,0
Seleções,1996,0
Seyve Villard,1996,2311312
Seyve Villard 5276,1996,0
Seyve Villard 12375,1996,0
Tardia de Caxias,1996,0
Outras(2),1996,49576
TINTAS,1997,276583456
Bacarina,1997,0
Bailey,1997,0
Bordo,1997,32904803
Bourdin (S),1997,0
BRS Carmen,1997,0
BRS Cora,1997,0
BRS Magna,1997,0
BRS Margot,1997,0
BRS Morena,1997,0
BRS Núbia ,1997,0
BRS Rúbea,1997,0
BRS Violeta,1997,0
BRS Vitória,1997,0
Champagnon (Champanheta),1997,0
Coleções,1997,0
Concord,1997,25314872
Concord clone 30,1997,0
Couderc,1997,10236308
Cynthiana(1),1997,470750
Herbemont,1997,24288342
IAC 138022,1997,0
Isabel,1997,162509173
Isabel Precoce,1997,0
Jacquez,1997,1913297
Kyoko,1997,0
Landot,1997,0
Mistura de uvas americanas tinto,1997,0
Oberlin,1997,0
Othello,1997,31225
Paco,1997,0
Patricia,1997,0
Seibel,1997,18914686
Seibel 2 (seibeleto),1997,0
Seyve Willard (Tinta),1997,0
Vênus,1997,0
BRANCAS E ROSADAS,1997,42990852
Baco,1997,1030
Bokay,1997,0
BRS Bibiana ,1997,0
BRS Clara,1997,0
BRS Lorena,1997,0
Couderc 13,1997,3702369
Delaware,1997,0
Dona Zillá,1997,0
Dut Chess,1997,0
Goethe,1997,337063
IAC,1997,0
Juliana,1997,0
Martha,1997,9311
Mistura de uvas americanas,1997,0
Moscato Embrapa,1997,0
Niagara,1997,30382883
Niagara Branca,1997,0
Niagara Rosada,1997,6321306
Poloske,1997,0
Seleções,1997,0
Seyve Villard,1997,0
Seyve Villard 5276,1997,0
Seyve Villard 12375,1997,2219710
Tardia de Caxias,1997,0
Outras(2),1997,17180
TINTAS,1998,242607184
Bacarina,1998,0
Bailey,1998,0
Bordo,1998,34014727
Bourdin (S),1998,7270
BRS Carmen,1998,0
BRS Cora,1998,0
BRS Magna,1998,0
BRS Margot,1998,0
BRS Morena,1998,0
BRS Núbia ,1998,0
BRS Rúbea,1998,0
BRS Violeta,1998,0
BRS Vitória,1998,0
Champagnon (Champanheta),1998,0
Coleções,1998,0
Concord,1998,21850423
Concord clone 30,1998,0
Couderc,1998,9098481
Cynthiana(1),1998,292590
Herbemont,1998,17315058
IAC 138022,1998,0
Isabel,1998,143410394
Isabel Precoce,1998,0
Jacquez,1998,2221138
Kyoko,1998,0
Landot,1998,0
Mistura de uvas americanas tinto,1998,0
Oberlin,1998,2826
Othello,1998,55456
Paco,1998,0
Patricia,1998,0
Seibel,1998,14338821
Seibel 2 (seibeleto),1998,0
Seyve Willard (Tinta),1998,0
Vênus,1998,0
BRANCAS E ROSADAS,1998,25221416
Baco,1998,1012
Bokay,1998,0
BRS Bibiana ,1998,0
BRS Clara,1998,0
BRS Lorena,1998,0
Couderc 13,1998,2598439
Delaware,1998,0
Dona Zillá,1998,0
Dut Chess,1998,16342
Goethe,1998,322158
IAC,1998,0
Juliana,1998,0
Martha,1998,4307
Mistura de uvas americanas,1998,0
Moscato Embrapa,1998,0
Niagara,1998,16338939
Niagara Branca,1998,0
Niagara Rosada,1998,4312102
Poloske,1998,0
Seleções,1998,0
Seyve Villard,1998,1564884
Seyve Villard 5276,1998,0
Seyve Villard 12375,1998,63233
Tardia de Caxias,1998,0
Outras(2),1998,0
TINTAS,1999,327487348
Bacarina,1999,0
Bailey,1999,0
Bordo,1999,40736069
Bourdin (S),1999,0
BRS Carmen,1999,0
BRS Cora,1999,0
BRS Magna,1999,0
BRS Margot,1999,0
BRS Morena,1999,0
BRS Núbia ,1999,0
BRS Rúbea,1999,0
BRS Violeta,1999,0
BRS Vitória,1999,0
Champagnon (Champanheta),1999,0
Coleções,1999,0
Concord,1999,21225797
Concord clone 30,1999,0
Couderc,1999,15235782
Cynthiana(1),1999,501809
Herbemont,1999,25009687
IAC 138022,1999,0
Isabel,1999,195025199
Isabel Precoce,1999,0
Jacquez,1999,1735671
Kyoko,1999,0
Landot,1999,0
Mistura de uvas americanas tinto,1999,0
Oberlin,1999,0
Othello,1999,70987
Paco,1999,0
Patricia,1999,0
Seibel,1999,27946347
Seibel 2 (seibeleto),1999,0
Seyve Willard (Tinta),1999,0
Vênus,1999,0
BRANCAS E ROSADAS,1999,41020063
Baco,1999,106
Bokay,1999,0
BRS Bibiana ,1999,0
BRS Clara,1999,0
BRS Lorena,1999,0
Couderc 13,1999,4524048
Delaware,1999,0
Dona Zillá,1999,0
Dut Chess,1999,15706
Goethe,1999,318742
IAC,1999,0
Juliana,1999,0
Martha,1999,5128
Mistura de uvas americanas,1999,0
Moscato Embrapa,1999,51522
Niagara,1999,1467529
Niagara Branca,1999,26743235
Niagara Rosada,1999,5387168
Poloske,1999,0
Seleções,1999,0
Seyve Villard,1999,1741794
Seyve Villard 5276,1999,0
Seyve Villard 12375,1999,426691
Tardia de Caxias,1999,0
Outras(2),1999,338394
TINTAS,2000,397963584
Bacarina,2000,0
Bailey,2000,0
Bordo,2000,52382471
Bourdin (S),2000,0
BRS Carmen,2000,0
BRS Cora,2000,0
BRS Magna,2000,0
BRS Margot,2000,0
BRS Morena,2000,0
BRS Núbia ,2000,0
BRS Rúbea,2000,6716
BRS Violeta,2000,0
BRS Vitória,2000,0
Champagnon (Champanheta),2000,0
Coleções,2000,0
Concord,2000,30977892
Concord clone 30,2000,0
Couderc,2000,18482712
Cynthiana(1),2000,655439
Herbemont,2000,25932525
IAC 138022,2000,0
Isabel,2000,237507385
Isabel Precoce,2000,0
Jacquez,2000,0
Kyoko,2000,0
Landot,2000,223
Mistura de uvas americanas tinto,2000,0
Oberlin,2000,4380
Othello,2000,80659
Paco,2000,0
Patricia,2000,0
Seibel,2000,31253537
Seibel 2 (seibeleto),2000,0
Seyve Willard (Tinta),2000,679645
Vênus,2000,0
BRANCAS E ROSADAS,2000,49381965
Baco,2000,0
Bokay,2000,0
BRS Bibiana ,2000,0
BRS Clara,2000,0
BRS Lorena,2000,0
Couderc 13,2000,6123476
Delaware,2000,0
Dona Zillá,2000,89841
Dut Chess,2000,0
Goethe,2000,501930
IAC,2000,0
Juliana,2000,0
Martha,2000,10397
Mistura de uvas americanas,2000,0
Moscato Embrapa,2000,73931
Niagara,2000,0
Niagara Branca,2000,29969046
Niagara Rosada,2000,10125596
Poloske,2000,0
Seleções,2000,0
Seyve Villard,2000,982857
Seyve Villard 5276,2000,0
Seyve Villard 12375,2000,1447387
Tardia de Caxias,2000,0
Outras(2),2000,57504
TINTAS,2001,324932786
Bacarina,2001,0
Bailey,2001,425674
Bordo,2001,42098781
Bourdin (S),2001,0
BRS Carmen,2001,0
BRS Cora,2001,0
BRS Magna,2001,0
BRS Margot,2001,0
BRS Morena,2001,0
BRS Núbia ,2001,0
BRS Rúbea,2001,32167
BRS Violeta,2001,0
BRS Vitória,2001,0
Champagnon (Champanheta),2001,0
Coleções,2001,0
Concord,2001,32948855
Concord clone 30,2001,0
Couderc,2001,17623308
Cynthiana(1),2001,788473
Herbemont,2001,17762997
IAC 138022,2001,0
Isabel,2001,188547951
Isabel Precoce,2001,0
Jacquez,2001,0
Kyoko,2001,0
Landot,2001,1585
Mistura de uvas americanas tinto,2001,0
Oberlin,2001,0
Othello,2001,155060
Paco,2001,0
Patricia,2001,0
Seibel,2001,20842760
Seibel 2 (seibeleto),2001,2842841
Seyve Willard (Tinta),2001,862334
Vênus,2001,0
BRANCAS E ROSADAS,2001,61332258
Baco,2001,0
Bokay,2001,0
BRS Bibiana ,2001,0
BRS Clara,2001,0
BRS Lorena,2001,0
Couderc 13,2001,7809061
Delaware,2001,0
Dona Zillá,2001,251529
Dut Chess,2001,0
Goethe,2001,379003
IAC,2001,0
Juliana,2001,0
Martha,2001,16353
Mistura de uvas americanas,2001,0
Moscato Embrapa,2001,875554
Niagara,2001,0
Niagara Branca,2001,34145485
Niagara Rosada,2001,16150486
Poloske,2001,0
Seleções,2001,0
Seyve Villard,2001,726630
Seyve Villard 5276,2001,0
Seyve Villard 12375,2001,936740
Tardia de Caxias,2001,25735
Outras(2),2001,15682
TINTAS,2002,369274630
Bacarina,2002,18100
Bailey,2002,12421
Bordo,2002,54989827
Bourdin (S),2002,0
BRS Carmen,2002,0
BRS Cora,2002,0
BRS Magna,2002,0
BRS Margot,2002,0
BRS Morena,2002,0
BRS Núbia ,2002,0
BRS Rúbea,2002,68948
BRS Violeta,2002,0
BRS Vitória,2002,0
Champagnon (Champanheta),2002,5905
Coleções,2002,490
Concord,2002,34686034
Concord clone 30,2002,0
Couderc,2002,20199921
Cynthiana(1),2002,741160
Herbemont,2002,15343264
IAC 138022,2002,0
Isabel,2002,211737269
Isabel Precoce,2002,0
Jacquez,2002,24008333
Kyoko,2002,0
Landot,2002,0
Mistura de uvas americanas tinto,2002,0
Oberlin,2002,2610
Othello,2002,0
Paco,2002,0
Patricia,2002,0
Seibel,2002,4101
Seibel 2 (seibeleto),2002,6693445
Seyve Willard (Tinta),2002,762802
Vênus,2002,0
BRANCAS E ROSADAS,2002,57315866
Baco,2002,155
Bokay,2002,0
BRS Bibiana ,2002,0
BRS Clara,2002,0
BRS Lorena,2002,0
Couderc 13,2002,7605912
Delaware,2002,5360
Dona Zillá,2002,83222
Dut Chess,2002,0
Goethe,2002,463452
IAC,2002,0
Juliana,2002,0
Martha,2002,15890
Mistura de uvas americanas,2002,0
Moscato Embrapa,2002,1149812
Niagara,2002,0
Niagara Branca,2002,36195634
Niagara Rosada,2002,10417448
Poloske,2002,0
Seleções,2002,0
Seyve Villard,2002,423282
Seyve Villard 5276,2002,0
Seyve Villard 12375,2002,867152
Tardia de Caxias,2002,19580
Outras(2),2002,68967
TINTAS,2003,286752289
Bacarina,2003,15505
Bailey,2003,7917
Bordo,2003,39213494
Bourdin (S),2003,0
BRS Carmen,2003,0
BRS Cora,2003,0
BRS Magna,2003,0
BRS Margot,2003,0
BRS Morena,2003,0
BRS Núbia ,2003,0
BRS Rúbea,2003,74254
BRS Violeta,2003,0
BRS Vitória,2003,0
Champagnon (Champanheta),2003,26979
Coleções,2003,0
Concord,2003,27455055
Concord clone 30,2003,0
Couderc,2003,22395538
Cynthiana(1),2003,809515
Herbemont,2003,17060345
IAC 138022,2003,0
Isabel,2003,151317201
Isabel Precoce,2003,0
Jacquez,2003,20945416
Kyoko,2003,0
Landot,2003,0
Mistura de uvas americanas tinto,2003,0
Oberlin,2003,2230
Othello,2003,0
Paco,2003,0
Patricia,2003,0
Seibel,2003,2550
Seibel 2 (seibeleto),2003,6423177
Seyve Willard (Tinta),2003,1003113
Vênus,2003,0
BRANCAS E ROSADAS,2003,53156823
Baco,2003,0
Bokay,2003,0
BRS Bibiana ,2003,0
BRS Clara,2003,0
BRS Lorena,2003,0
Couderc 13,2003,8908218
Delaware,2003,0
Dona Zillá,2003,105665
Dut Chess,2003,0
Goethe,2003,246111
IAC,2003,0
Juliana,2003,0
Martha,2003,8845
Mistura de uvas americanas,2003,0
Moscato Embrapa,2003,1445602
Niagara,2003,0
Niagara Branca,2003,31185522
Niagara Rosada,2003,9527834
Poloske,2003,0
Seleções,2003,0
Seyve Villard,2003,994378
Seyve Villard 5276,2003,0
Seyve Villard 12375,2003,0
Tardia de Caxias,2003,23276
Outras(2),2003,711372
TINTAS,2004,447942704
Bacarina,2004,17570
Bailey,2004,35614
Bordo,2004,70888283
Bourdin (S),2004,0
BRS Carmen,2004,0
BRS Cora,2004,0
BRS Magna,2004,0
BRS Margot,2004,0
BRS Morena,2004,0
BRS Núbia ,2004,0
BRS Rúbea,2004,230237
BRS Violeta,2004,0
BRS Vitória,2004,0
Champagnon (Champanheta),2004,23144
Coleções,2004,5386
Concord,2004,36107207
Concord clone 30,2004,0
Couderc,2004,30938797
Cynthiana(1),2004,1093197
Herbemont,2004,18289740
IAC 138022,2004,0
Isabel,2004,245112515
Isabel Precoce,2004,0
Jacquez,2004,31496317
Kyoko,2004,0
Landot,2004,0
Mistura de uvas americanas tinto,2004,0
Oberlin,2004,4470
Othello,2004,0
Paco,2004,0
Patricia,2004,0
Seibel,2004,6249764
Seibel 2 (seibeleto),2004,6330118
Seyve Willard (Tinta),2004,1120345
Vênus,2004,0
BRANCAS E ROSADAS,2004,68479972
Baco,2004,0
Bokay,2004,0
BRS Bibiana ,2004,0
BRS Clara,2004,0
BRS Lorena,2004,151131
Couderc 13,2004,9332646
Delaware,2004,0
Dona Zillá,2004,51939
Dut Chess,2004,0
Goethe,2004,514160
IAC,2004,0
Juliana,2004,0
Martha,2004,17610
Mistura de uvas americanas,2004,0
Moscato Embrapa,2004,2328928
Niagara,2004,0
Niagara Branca,2004,41747941
Niagara Rosada,2004,12632861
Poloske,2004,0
Seleções,2004,0
Seyve Villard,2004,1029919
Seyve Villard 5276,2004,661492
Seyve Villard 12375,2004,0
Tardia de Caxias,2004,11345
Outras(2),2004,0
TINTAS,2005,359381282
Bacarina,2005,21520
Bailey,2005,66503
Bordo,2005,64174362
Bourdin (S),2005,0
BRS Carmen,2005,0
BRS Cora,2005,0
BRS Magna,2005,0
BRS Margot,2005,0
BRS Morena,2005,0
BRS Núbia ,2005,0
BRS Rúbea,2005,308905
BRS Violeta,2005,0
BRS Vitória,2005,0
Champagnon (Champanheta),2005,5643
Coleções,2005,10905
Concord,2005,37460265
Concord clone 30,2005,0
Couderc,2005,25596933
Cynthiana(1),2005,977034
Herbemont,2005,14772530
IAC 138022,2005,0
Isabel,2005,185966788
Isabel Precoce,2005,0
Jacquez,2005,20571911
Kyoko,2005,0
Landot,2005,0
Mistura de uvas americanas tinto,2005,0
Oberlin,2005,2855
Othello,2005,0
Paco,2005,0
Patricia,2005,14864
Seibel,2005,5824509
Seibel 2 (seibeleto),2005,2559450
Seyve Willard (Tinta),2005,1032585
Vênus,2005,13720
BRANCAS E ROSADAS,2005,63289135
Baco,2005,0
Bokay,2005,0
BRS Bibiana ,2005,0
BRS Clara,2005,0
BRS Lorena,2005,565303
Couderc 13,2005,7870793
Delaware,2005,0
Dona Zillá,2005,46844
Dut Chess,2005,0
Goethe,2005,522887
IAC,2005,0
Juliana,2005,0
Martha,2005,10060
Mistura de uvas americanas,2005,0
Moscato Embrapa,2005,2813056
Niagara,2005,0
Niagara Branca,2005,37394435
Niagara Rosada,2005,12605714
Poloske,2005,0
Seleções,2005,0
Seyve Villard,2005,952715
Seyve Villard 5276,2005,494908
Seyve Villard 12375,2005,0
Tardia de Caxias,2005,12420
Outras(2),2005,0
TINTAS,2006,310671646
Bacarina,2006,11545
Bailey,2006,94805
Bordo,2006,54568468
Bourdin (S),2006,0
BRS Carmen,2006,0
BRS Cora,2006,0
BRS Magna,2006,0
BRS Margot,2006,0
BRS Morena,2006,0
BRS Núbia ,2006,0
BRS Rúbea,2006,366671
BRS Violeta,2006,0
BRS Vitória,2006,0
Champagnon (Champanheta),2006,10848
Coleções,2006,13311
Concord,2006,26526274
Concord clone 30,2006,0
Couderc,2006,23869435
Cynthiana(1),2006,932587
Herbemont,2006,11490495
IAC 138022,2006,0
Isabel,2006,163125701
Isabel Precoce,2006,8140
Jacquez,2006,21500205
Kyoko,2006,0
Landot,2006,0
Mistura de uvas americanas tinto,2006,0
Oberlin,2006,952
Othello,2006,0
Paco,2006,0
Patricia,2006,20310
Seibel,2006,4764595
Seibel 2 (seibeleto),2006,2417681
Seyve Willard (Tinta),2006,949623
Vênus,2006,0
BRANCAS E ROSADAS,2006,56411010
Baco,2006,28300
Bokay,2006,0
BRS Bibiana ,2006,0
BRS Clara,2006,0
BRS Lorena,2006,1366570
Couderc 13,2006,7903159
Delaware,2006,0
Dona Zillá,2006,13660
Dut Chess,2006,0
Goethe,2006,491419
IAC,2006,0
Juliana,2006,0
Martha,2006,9302
Mistura de uvas americanas,2006,0
Moscato Embrapa,2006,4274628
Niagara,2006,0
Niagara Branca,2006,32398672
Niagara Rosada,2006,8736346
Poloske,2006,0
Seleções,2006,2360
Seyve Villard,2006,915917
Seyve Villard 5276,2006,260294
Seyve Villard 12375,2006,0
Tardia de Caxias,2006,10383
Outras(2),2006,0
TINTAS,2007,430628346
Bacarina,2007,12070
Bailey,2007,236139
Bordo,2007,76907674
Bourdin (S),2007,0
BRS Carmen,2007,0
BRS Cora,2007,4370
BRS Magna,2007,0
BRS Margot,2007,0
BRS Morena,2007,0
BRS Núbia ,2007,0
BRS Rúbea,2007,605247
BRS Violeta,2007,0
BRS Vitória,2007,0
Champagnon (Champanheta),2007,7130
Coleções,2007,30942
Concord,2007,25732390
Concord clone 30,2007,0
Couderc,2007,32652378
Cynthiana(1),2007,1705777
Herbemont,2007,18204806
IAC 138022,2007,0
Isabel,2007,228558808
Isabel Precoce,2007,86037
Jacquez,2007,32478164
Kyoko,2007,0
Landot,2007,0
Mistura de uvas americanas tinto,2007,0
Oberlin,2007,3060
Othello,2007,0
Paco,2007,0
Patricia,2007,38018
Seibel,2007,8603117
Seibel 2 (seibeleto),2007,3349837
Seyve Willard (Tinta),2007,1412382
Vênus,2007,0
BRANCAS E ROSADAS,2007,67888444
Baco,2007,0
Bokay,2007,0
BRS Bibiana ,2007,0
BRS Clara,2007,0
BRS Lorena,2007,3312021
Couderc 13,2007,11367849
Delaware,2007,0
Dona Zillá,2007,57310
Dut Chess,2007,0
Goethe,2007,791379
IAC,2007,0
Juliana,2007,7000
Martha,2007,6038
Mistura de uvas americanas,2007,0
Moscato Embrapa,2007,6621952
Niagara,2007,0
Niagara Branca,2007,33749294
Niagara Rosada,2007,10383783
Poloske,2007,0
Seleções,2007,5370
Seyve Villard,2007,1139845
Seyve Villard 5276,2007,406600
Seyve Villard 12375,2007,0
Tardia de Caxias,2007,40003
Outras(2),2007,0
TINTAS,2008,466504230
Bacarina,2008,16780
Bailey,2008,235828
Bordo,2008,97644667
Bourdin (S),2008,0
BRS Carmen,2008,0
BRS Cora,2008,59160
BRS Magna,2008,0
BRS Margot,2008,0
BRS Morena,2008,0
BRS Núbia ,2008,0
BRS Rúbea,2008,785389
BRS Violeta,2008,4296
BRS Vitória,2008,0
Champagnon (Champanheta),2008,0
Coleções,2008,27400
Concord,2008,44291027
Concord clone 30,2008,0
Couderc,2008,33179502
Cynthiana(1),2008,1220666
Herbemont,2008,11962083
IAC 138022,2008,0
Isabel,2008,236664733
Isabel Precoce,2008,576083
Jacquez,2008,23447261
Kyoko,2008,0
Landot,2008,0
Mistura de uvas americanas tinto,2008,0
Oberlin,2008,0
Othello,2008,0
Paco,2008,0
Patricia,2008,50848
Seibel,2008,10059544
Seibel 2 (seibeleto),2008,4276672
Seyve Willard (Tinta),2008,1963751
Vênus,2008,38540
BRANCAS E ROSADAS,2008,83917393
Baco,2008,0
Bokay,2008,0
BRS Bibiana ,2008,0
BRS Clara,2008,0
BRS Lorena,2008,4861871
Couderc 13,2008,10071015
Delaware,2008,0
Dona Zillá,2008,29246
Dut Chess,2008,0
Goethe,2008,324838
IAC,2008,0
Juliana,2008,15380
Martha,2008,6586
Mistura de uvas americanas,2008,0
Moscato Embrapa,2008,8598555
Niagara,2008,0
Niagara Branca,2008,43629972
Niagara Rosada,2008,14753481
Poloske,2008,0
Seleções,2008,4280
Seyve Villard,2008,1156969
Seyve Villard 5276,2008,449229
Seyve Villard 12375,2008,0
Tardia de Caxias,2008,15971
Outras(2),2008,0
TINTAS,2009,391196306
Bacarina,2009,10810
Bailey,2009,559815
Bordo,2009,69521354
Bourdin (S),2009,0
BRS Carmen,2009,0
BRS Cora,2009,335038
BRS Magna,2009,0
BRS Margot,2009,0
BRS Morena,2009,0
BRS Núbia ,2009,0
BRS Rúbea,2009,718461
BRS Violeta,2009,132764
BRS Vitória,2009,0
Champagnon (Champanheta),2009,17498
Coleções,2009,27109
Concord,2009,39227727
Concord clone 30,2009,0
Couderc,2009,29388964
Cynthiana(1),2009,1279382
Herbemont,2009,10968175
IAC 138022,2009,0
Isabel,2009,199729598
Isabel Precoce,2009,1632808
Jacquez,2009,24273653
Kyoko,2009,5395
Landot,2009,0
Mistura de uvas americanas tinto,2009,0
Oberlin,2009,0
Othello,2009,0
Paco,2009,0
Patricia,2009,20380
Seibel,2009,7731667
Seibel 2 (seibeleto),2009,3974185
Seyve Willard (Tinta),2009,1626063
Vênus,2009,15460
BRANCAS E ROSADAS,2009,71110317
Baco,2009,0
Bokay,2009,0
BRS Bibiana ,2009,0
BRS Clara,2009,0
BRS Lorena,2009,6117429
Couderc 13,2009,11021450
Delaware,2009,0
Dona Zillá,2009,44650
Dut Chess,2009,0
Goethe,2009,480376
IAC,2009,0
Juliana,2009,4060
Martha,2009,6433
Mistura de uvas americanas,2009,0
Moscato Embrapa,2009,11229449
Niagara,2009,0
Niagara Branca,2009,30822840
Niagara Rosada,2009,9975809
Poloske,2009,0
Seleções,2009,0
Seyve Villard,2009,1094276
Seyve Villard 5276,2009,305108
Seyve Villard 12375,2009,0
Tardia de Caxias,2009,8437
Outras(2),2009,0
TINTAS,2010,409514092
Bacarina,2010,7850
Bailey,2010,604895
Bordo,2010,89066377
Bourdin (S),2010,26990
BRS Carmen,2010,2296
BRS Cora,2010,1178530
BRS Magna,2010,0
BRS Margot,2010,0
BRS Morena,2010,12114
BRS Núbia ,2010,0
BRS Rúbea,2010,876076
BRS Violeta,2010,979695
BRS Vitória,2010,0
Champagnon (Champanheta),2010,6000
Coleções,2010,11624
Concord,2010,41446763
Concord clone 30,2010,942685
Couderc,2010,24092319
Cynthiana(1),2010,1151540
Herbemont,2010,7598565
IAC 138022,2010,0
Isabel,2010,198927893
Isabel Precoce,2010,5427981
Jacquez,2010,26557467
Kyoko,2010,0
Landot,2010,0
Mistura de uvas americanas tinto,2010,0
Oberlin,2010,0
Othello,2010,0
Paco,2010,0
Patricia,2010,7085
Seibel,2010,6274394
Seibel 2 (seibeleto),2010,3062997
Seyve Willard (Tinta),2010,1251956
Vênus,2010,0
BRANCAS E ROSADAS,2010,71589617
Baco,2010,0
Bokay,2010,0
BRS Bibiana ,2010,0
BRS Clara,2010,3560
BRS Lorena,2010,4804262
Couderc 13,2010,8001944
Delaware,2010,0
Dona Zillá,2010,35708
Dut Chess,2010,0
Goethe,2010,473521
IAC,2010,650
Juliana,2010,1500
Martha,2010,11329
Mistura de uvas americanas,2010,0
Moscato Embrapa,2010,8594684
Niagara,2010,0
Niagara Branca,2010,35971072
Niagara Rosada,2010,12553768
Poloske,2010,0
Seleções,2010,0
Seyve Villard,2010,873170
Seyve Villard 5276,2010,242528
Seyve Villard 12375,2010,0
Tardia de Caxias,2010,21921
Outras(2),2010,0
TINTAS,2011,532937101
Bacarina,2011,12930
Bailey,2011,769140
Bordo,2011,139754250
Bourdin (S),2011,0
BRS Carmen,2011,48450
BRS Cora,2011,2844280
BRS Magna,2011,0
BRS Margot,2011,0
BRS Morena,2011,0
BRS Núbia ,2011,0
BRS Rúbea,2011,1333903
BRS Violeta,2011,2404076
BRS Vitória,2011,0
Champagnon (Champanheta),2011,4351
Coleções,2011,33408
Concord,2011,44201322
Concord clone 30,2011,1720732
Couderc,2011,35686727
Cynthiana(1),2011,1249033
Herbemont,2011,8954135
IAC 138022,2011,0
Isabel,2011,244626313
Isabel Precoce,2011,7687712
Jacquez,2011,30223434
Kyoko,2011,0
Landot,2011,0
Mistura de uvas americanas tinto,2011,0
Oberlin,2011,0
Othello,2011,0
Paco,2011,0
Patricia,2011,5885
Seibel,2011,6922384
Seibel 2 (seibeleto),2011,2839703
Seyve Willard (Tinta),2011,1602693
Vênus,2011,12240
BRANCAS E ROSADAS,2011,94137074
Baco,2011,0
Bokay,2011,32810
BRS Bibiana ,2011,0
BRS Clara,2011,4820
BRS Lorena,2011,7776413
Couderc 13,2011,10982813
Delaware,2011,0
Dona Zillá,2011,29190
Dut Chess,2011,0
Goethe,2011,414977
IAC,2011,0
Juliana,2011,0
Martha,2011,3060
Mistura de uvas americanas,2011,0
Moscato Embrapa,2011,11200409
Niagara,2011,0
Niagara Branca,2011,47581756
Niagara Rosada,2011,14831369
Poloske,2011,0
Seleções,2011,2022
Seyve Villard,2011,1007735
Seyve Villard 5276,2011,242415
Seyve Villard 12375,2011,0
Tardia de Caxias,2011,27285
Outras(2),2011,0
TINTAS,2012,527332818
Bacarina,2012,3820
Bailey,2012,912286
Bordo,2012,127378006
Bourdin (S),2012,0
BRS Carmen,2012,278602
BRS Cora,2012,3098082
BRS Magna,2012,0
BRS Margot,2012,0
BRS Morena,2012,0
BRS Núbia ,2012,0
BRS Rúbea,2012,1332139
BRS Violeta,2012,4009589
BRS Vitória,2012,0
Champagnon (Champanheta),2012,3138
Coleções,2012,39806
Concord,2012,44395218
Concord clone 30,2012,2745160
Couderc,2012,27237702
Cynthiana(1),2012,1492979
Herbemont,2012,7246411
IAC 138022,2012,0
Isabel,2012,262942020
Isabel Precoce,2012,11743388
Jacquez,2012,24572149
Kyoko,2012,0
Landot,2012,0
Mistura de uvas americanas tinto,2012,0
Oberlin,2012,0
Othello,2012,0
Paco,2012,0
Patricia,2012,3015
Seibel,2012,4056234
Seibel 2 (seibeleto),2012,2491824
Seyve Willard (Tinta),2012,1330096
Vênus,2012,21154
BRANCAS E ROSADAS,2012,93549583
Baco,2012,0
Bokay,2012,56250
BRS Bibiana ,2012,0
BRS Clara,2012,4120
BRS Lorena,2012,8792381
Couderc 13,2012,10185486
Delaware,2012,0
Dona Zillá,2012,23770
Dut Chess,2012,0
Goethe,2012,776322
IAC,2012,0
Juliana,2012,0
Martha,2012,22321
Mistura de uvas americanas,2012,0
Moscato Embrapa,2012,11303572
Niagara,2012,0
Niagara Branca,2012,47325170
Niagara Rosada,2012,14040879
Poloske,2012,0
Seleções,2012,0
Seyve Villard,2012,839003
Seyve Villard 5276,2012,151456
Seyve Villard 12375,2012,0
Tardia de Caxias,2012,28853
Outras(2),2012,0
TINTAS,2013,460738996
Bacarina,2013,2990
Bailey,2013,756000
Bordo,2013,102788361
Bourdin (S),2013,0
BRS Carmen,2013,605728
BRS Cora,2013,3697942
BRS Magna,2013,0
BRS Margot,2013,0
BRS Morena,2013,2600
BRS Núbia ,2013,0
BRS Rúbea,2013,1478269
BRS Violeta,2013,3561414
BRS Vitória,2013,0
Champagnon (Champanheta),2013,106
Coleções,2013,34072
Concord,2013,34237661
Concord clone 30,2013,2326774
Couderc,2013,26722044
Cynthiana(1),2013,1290743
Herbemont,2013,6142005
IAC 138022,2013,0
Isabel,2013,232518530
Isabel Precoce,2013,11467561
Jacquez,2013,24997428
Kyoko,2013,0
Landot,2013,0
Mistura de uvas americanas tinto,2013,0
Oberlin,2013,0
Othello,2013,0
Paco,2013,0
Patricia,2013,3575
Seibel,2013,6727381
Seibel 2 (seibeleto),2013,275998
Seyve Willard (Tinta),2013,1087889
Vênus,2013,13925
BRANCAS E ROSADAS,2013,77174438
Baco,2013,0
Bokay,2013,57680
BRS Bibiana ,2013,0
BRS Clara,2013,81130
BRS Lorena,2013,7354725
Couderc 13,2013,8564745
Delaware,2013,0
Dona Zillá,2013,15330
Dut Chess,2013,0
Goethe,2013,469138
IAC,2013,0
Juliana,2013,0
Martha,2013,5642
Mistura de uvas americanas,2013,0
Moscato Embrapa,2013,11763335
Niagara,2013,0
Niagara Branca,2013,37574776
Niagara Rosada,2013,10312310
Poloske,2013,0
Seleções,2013,0
Seyve Villard,2013,781787
Seyve Villard 5276,2013,180410
Seyve Villard 12375,2013,0
Tardia de Caxias,2013,13430
Outras(2),2013,0
TINTAS,2014,471555903
Bacarina,2014,3900
Bailey,2014,991449
Bordo,2014,113008320
Bourdin (S),2014,0
BRS Carmen,2014,1553111
BRS Cora,2014,4721454
BRS Magna,2014,600
BRS Margot,2014,3679
BRS Morena,2014,6500
BRS Núbia ,2014,0
BRS Rúbea,2014,1731895
BRS Violeta,2014,6489062
BRS Vitória,2014,0
Champagnon (Champanheta),2014,980
Coleções,2014,47882
Concord,2014,30755828
Concord clone 30,2014,2923699
Couderc,2014,30181906
Cynthiana(1),2014,1490695
Herbemont,2014,4045612
IAC 138022,2014,0
Isabel,2014,228517859
Isabel Precoce,2014,12806674
Jacquez,2014,24345429
Kyoko,2014,0
Landot,2014,0
Mistura de uvas americanas tinto,2014,0
Oberlin,2014,0
Othello,2014,0
Paco,2014,0
Patricia,2014,930
Seibel,2014,6367679
Seibel 2 (seibeleto),2014,201931
Seyve Willard (Tinta),2014,1344919
Vênus,2014,13910
BRANCAS E ROSADAS,2014,68847961
Baco,2014,0
Bokay,2014,79390
BRS Bibiana ,2014,0
BRS Clara,2014,0
BRS Lorena,2014,9165164
Couderc 13,2014,8990377
Delaware,2014,0
Dona Zillá,2014,12325
Dut Chess,2014,0
Goethe,2014,346269
IAC,2014,0
Juliana,2014,0
Martha,2014,3050
Mistura de uvas americanas,2014,0
Moscato Embrapa,2014,11902554
Niagara,2014,0
Niagara Branca,2014,27973518
Niagara Rosada,2014,9552430
Poloske,2014,0
Seleções,2014,0
Seyve Villard,2014,700473
Seyve Villard 5276,2014,107521
Seyve Villard 12375,2014,0
Tardia de Caxias,2014,14890
Outras(2),2014,0
TINTAS,2015,537592720
Bacarina,2015,0
Bailey,2015,963159
Bordo,2015,137467196
Bourdin (S),2015,0
BRS Carmen,2015,2891792
BRS Cora,2015,5733518
BRS Magna,2015,28560
BRS Margot,2015,15052
BRS Morena,2015,0
BRS Núbia ,2015,0
BRS Rúbea,2015,2034788
BRS Violeta,2015,8295873
BRS Vitória,2015,0
Champagnon (Champanheta),2015,0
Coleções,2015,44847
Concord,2015,39180980
Concord clone 30,2015,4293636
Couderc,2015,27693447
Cynthiana(1),2015,1596711
Herbemont,2015,3282683
IAC 138022,2015,0
Isabel,2015,256440505
Isabel Precoce,2015,15254220
Jacquez,2015,24330422
Kyoko,2015,0
Landot,2015,0
Mistura de uvas americanas tinto,2015,0
Oberlin,2015,0
Othello,2015,0
Paco,2015,0
Patricia,2015,2890
Seibel,2015,6075113
Seibel 2 (seibeleto),2015,732685
Seyve Willard (Tinta),2015,1166954
Vênus,2015,67689
BRANCAS E ROSADAS,2015,95439129
Baco,2015,0
Bokay,2015,84430
BRS Bibiana ,2015,0
BRS Clara,2015,0
BRS Lorena,2015,9168814
Couderc 13,2015,7605648
Delaware,2015,0
Dona Zillá,2015,34170
Dut Chess,2015,0
Goethe,2015,481443
IAC,2015,0
Juliana,2015,0
Martha,2015,12334
Mistura de uvas americanas,2015,0
Moscato Embrapa,2015,11248259
Niagara,2015,0
Niagara Branca,2015,50329681
Niagara Rosada,2015,15706093
Poloske,2015,0
Seleções,2015,1500
Seyve Villard,2015,657086
Seyve Villard 5276,2015,91960
Seyve Villard 12375,2015,0
Tardia de Caxias,2015,17711
Outras(2),2015,0
TINTAS,2016,235356261
Bacarina,2016,0
Bailey,2016,442784
Bordo,2016,60976531
Bourdin (S),2016,0
BRS Carmen,2016,2964574
BRS Cora,2016,5155752
BRS Magna,2016,275616
BRS Margot,2016,14835
BRS Morena,2016,0
BRS Núbia ,2016,0
BRS Rúbea,2016,1637818
BRS Violeta,2016,5749538
BRS Vitória,2016,0
Champagnon (Champanheta),2016,0
Coleções,2016,0
Concord,2016,15254862
Concord clone 30,2016,1770853
Couderc,2016,17522126
Cynthiana(1),2016,694778
Herbemont,2016,1013198
IAC 138022,2016,0
Isabel,2016,98302381
Isabel Precoce,2016,7167904
Jacquez,2016,11518368
Kyoko,2016,0
Landot,2016,0
Mistura de uvas americanas tinto,2016,0
Oberlin,2016,0
Othello,2016,0
Paco,2016,0
Patricia,2016,0
Seibel,2016,2933430
Seibel 2 (seibeleto),2016,1387425
Seyve Willard (Tinta),2016,571180
Vênus,2016,2308
BRANCAS E ROSADAS,2016,32747787
Baco,2016,0
Bokay,2016,37890
BRS Bibiana ,2016,0
BRS Clara,2016,390
BRS Lorena,2016,4520872
Couderc 13,2016,4286807
Delaware,2016,0
Dona Zillá,2016,7890
Dut Chess,2016,0
Goethe,2016,179216
IAC,2016,0
Juliana,2016,0
Martha,2016,0
Mistura de uvas americanas,2016,0
Moscato Embrapa,2016,6173966
Niagara,2016,0
Niagara Branca,2016,12925747
Niagara Rosada,2016,4236495
Poloske,2016,2250
Seleções,2016,0
Seyve Villard,2016,312824
Seyve Villard 5276,2016,60000
Seyve Villard 12375,2016,0
Tardia de Caxias,2016,3440
Outras(2),2016,0
TINTAS,2017,600605876
Bacarina,2017,0
Bailey,2017,1370092
Bordo,2017,160146475
Bourdin (S),2017,0
BRS Carmen,2017,6771269
BRS Cora,2017,10085982
BRS Magna,2017,1605458
BRS Margot,2017,42600
BRS Morena,2017,0
BRS Núbia ,2017,0
BRS Rúbea,2017,2529215
BRS Violeta,2017,14432937
BRS Vitória,2017,0
Champagnon (Champanheta),2017,4640
Coleções,2017,4324
Concord,2017,36172976
Concord clone 30,2017,4676208
Couderc,2017,31791586
Cynthiana(1),2017,2083008
Herbemont,2017,3642399
IAC 138022,2017,0
Isabel,2017,262423174
Isabel Precoce,2017,20028520
Jacquez,2017,31404577
Kyoko,2017,0
Landot,2017,0
Mistura de uvas americanas tinto,2017,0
Oberlin,2017,0
Othello,2017,0
Paco,2017,0
Patricia,2017,1300
Seibel,2017,7812493
Seibel 2 (seibeleto),2017,2476079
Seyve Willard (Tinta),2017,1098564
Vênus,2017,2000
BRANCAS E ROSADAS,2017,74888637
Baco,2017,0
Bokay,2017,105130
BRS Bibiana ,2017,0
BRS Clara,2017,0
BRS Lorena,2017,11704478
Couderc 13,2017,7955879
Delaware,2017,0
Dona Zillá,2017,19110
Dut Chess,2017,0
Goethe,2017,248470
IAC,2017,0
Juliana,2017,0
Martha,2017,6150
Mistura de uvas americanas,2017,0
Moscato Embrapa,2017,11771138
Niagara,2017,0
Niagara Branca,2017,30802497
Niagara Rosada,2017,11464265
Poloske,2017,12100
Seleções,2017,0
Seyve Villard,2017,586955
Seyve Villard 5276,2017,206295
Seyve Villard 12375,2017,0
Tardia de Caxias,2017,6170
Outras(2),2017,0
TINTAS,2018,519506589
Bacarina,2018,0
Bailey,2018,539742
Bordo,2018,158405972
Bourdin (S),2018,0
BRS Carmen,2018,7472984
BRS Cora,2018,8691122
BRS Magna,2018,2292084
BRS Margot,2018,44328
BRS Morena,2018,0
BRS Núbia ,2018,0
BRS Rúbea,2018,2658828
BRS Violeta,2018,13645751
BRS Vitória,2018,0
Champagnon (Champanheta),2018,0
Coleções,2018,1140
Concord,2018,31971535
Concord clone 30,2018,4809154
Couderc,2018,25797806
Cynthiana(1),2018,1200824
Herbemont,2018,1325593
IAC 138022,2018,0
Isabel,2018,216921065
Isabel Precoce,2018,17435326
Jacquez,2018,18221292
Kyoko,2018,0
Landot,2018,0
Mistura de uvas americanas tinto,2018,0
Oberlin,2018,0
Othello,2018,0
Paco,2018,0
Patricia,2018,1401
Seibel,2018,5293981
Seibel 2 (seibeleto),2018,1967808
Seyve Willard (Tinta),2018,802673
Vênus,2018,6180
BRANCAS E ROSADAS,2018,79044471
Baco,2018,0
Bokay,2018,80470
BRS Bibiana ,2018,0
BRS Clara,2018,0
BRS Lorena,2018,7529654
Couderc 13,2018,5524997
Delaware,2018,0
Dona Zillá,2018,15370
Dut Chess,2018,0
Goethe,2018,475568
IAC,2018,0
Juliana,2018,0
Martha,2018,7040
Mistura de uvas americanas,2018,0
Moscato Embrapa,2018,9535525
Niagara,2018,0
Niagara Branca,2018,42948315
Niagara Rosada,2018,12308714
Poloske,2018,11180
Seleções,2018,0
Seyve Villard,2018,462683
Seyve Villard 5276,2018,139575
Seyve Villard 12375,2018,0
Tardia de Caxias,2018,5380
Outras(2),2018,0
TINTAS,2020,376136313
Bacarina,2020,0
Bailey,2020,534981
Bordo,2020,129978861
Bourdin (S),2020,0
BRS Carmen,2020,11540681
BRS Cora,2020,7326286
BRS Magna,2020,3989275
BRS Margot,2020,20771
BRS Morena,2020,0
BRS Núbia ,2020,0
BRS Rúbea,2020,1476672
BRS Violeta,2020,8318514
BRS Vitória,2020,0
Champagnon (Champanheta),2020,0
Coleções,2020,0
Concord,2020,9984266
Concord clone 30,2020,1406305
Couderc,2020,16974342
Cynthiana(1),2020,1084022
Herbemont,2020,1131251
IAC 138022,2020,0
Isabel,2020,152414695
Isabel Precoce,2020,12098037
Jacquez,2020,8913460
Kyoko,2020,0
Landot,2020,0
Mistura de uvas americanas tinto,2020,0
Oberlin,2020,0
Othello,2020,0
Paco,2020,7380
Patricia,2020,0
Seibel,2020,3660374
Seibel 2 (seibeleto),2020,4538123
Seyve Willard (Tinta),2020,735427
Vênus,2020,2590
BRANCAS E ROSADAS,2020,56980104
Baco,2020,0
Bokay,2020,91980
BRS Bibiana ,2020,0
BRS Clara,2020,0
BRS Lorena,2020,7165025
Couderc 13,2020,3794245
Delaware,2020,0
Dona Zillá,2020,12610
Dut Chess,2020,0
Goethe,2020,358137
IAC,2020,0
Juliana,2020,0
Martha,2020,6130
Mistura de uvas americanas,2020,0
Moscato Embrapa,2020,7836758
Niagara,2020,0
Niagara Branca,2020,28672956
Niagara Rosada,2020,8740991
Poloske,2020,14191
Seleções,2020,0
Seyve Villard,2020,313488
Seyve Villard 5276,2020,57423
Seyve Villard 12375,2020,0
Tardia de Caxias,2020,8150
Outras(2),2020,0
TINTAS,2021,394224543
Bacarina,2021,0
Bailey,2021,4092669
Bordo,2021,117655879
Bourdin (S),2021,0
BRS Carmen,2021,13771662
BRS Cora,2021,6442555
BRS Magna,2021,2094359
BRS Margot,2021,86932
BRS Morena,2021,0
BRS Núbia ,2021,0
BRS Rúbea,2021,191970
BRS Violeta,2021,15601302
BRS Vitória,2021,125731
Champagnon (Champanheta),2021,0
Coleções,2021,0
Concord,2021,367793
Concord clone 30,2021,621693
Couderc,2021,54081578
Cynthiana(1),2021,7346675
Herbemont,2021,14846723
IAC 138022,2021,0
Isabel,2021,125664882
Isabel Precoce,2021,12814595
Jacquez,2021,17862770
Kyoko,2021,0
Landot,2021,0
Mistura de uvas americanas tinto,2021,8617
Oberlin,2021,0
Othello,2021,0
Paco,2021,0
Patricia,2021,0
Seibel,2021,351956
Seibel 2 (seibeleto),2021,26032
Seyve Willard (Tinta),2021,67600
Vênus,2021,100570
BRANCAS E ROSADAS,2021,175576873
Baco,2021,0
Bokay,2021,12830
BRS Bibiana ,2021,0
BRS Clara,2021,0
BRS Lorena,2021,23133629
Couderc 13,2021,33620117
Delaware,2021,0
Dona Zillá,2021,10610
Dut Chess,2021,0
Goethe,2021,104596918
IAC,2021,0
Juliana,2021,0
Martha,2021,113040
Mistura de uvas americanas,2021,1856
Moscato Embrapa,2021,5747131
Niagara,2021,0
Niagara Branca,2021,5574368
Niagara Rosada,2021,2170241
Poloske,2021,402953
Seleções,2021,0
Seyve Villard,2021,0
Seyve Villard 5276,2021,97368
Seyve Villard 12375,2021,61942
Tardia de Caxias,2021,33870
Outras(2),2021,0
TINTAS,2023,502666358
Bacarina,2023,0
Bailey,2023,587066
Bordo,2023,154310837
Bourdin (S),2023,0
BRS Carmen,2023,22242535
BRS Cora,2023,19508450
BRS Magna,2023,13919693
BRS Margot,2023,36842
BRS Morena,2023,0
BRS Núbia ,2023,57060
BRS Rúbea,2023,3311843
BRS Violeta,2023,15657282
BRS Vitória,2023,8820
Champagnon (Champanheta),2023,0
Coleções,2023,0
Concord,2023,25091503
Concord clone 30,2023,5491777
Couderc,2023,23121275
Cynthiana(1),2023,1186253
Herbemont,2023,1417502
IAC 138022,2023,0
Isabel,2023,176590596
Isabel Precoce,2023,17956434
Jacquez,2023,12749029
Kyoko,2023,0
Landot,2023,0
Mistura de uvas americanas tinto,2023,346747
Oberlin,2023,0
Othello,2023,0
Paco,2023,15300
Patricia,2023,0
Seibel,2023,2600315
Seibel 2 (seibeleto),2023,5387790
Seyve Willard (Tinta),2023,1002782
Vênus,2023,68626
BRANCAS E ROSADAS,2023,62577564
Baco,2023,0
Bokay,2023,84670
BRS Bibiana ,2023,25491
BRS Clara,2023,0
BRS Lorena,2023,10186931
Couderc 13,2023,4524468
Delaware,2023,0
Dona Zillá,2023,24890
Dut Chess,2023,0
Goethe,2023,269143
IAC,2023,0
Juliana,2023,0
Martha,2023,1380
Mistura de uvas americanas,2023,42550
Moscato Embrapa,2023,8790794
Niagara,2023,0
Niagara Branca,2023,23148433
Niagara Rosada,2023,14987968
Poloske,2023,55493
Seleções,2023,0
Seyve Villard,2023,0
Seyve Villard 5276,2023,105771
Seyve Villard 12375,2023,329582
Tardia de Caxias,2023,0
Outras(2),2023,0
