Produto,Ano,Quantidade (kg)
VINHO DE MESA,1970,98327606
  Tinto,1970,83300735
  Rosado,1970,107681
  Branco,1970,14919190
VINHO  FINO DE MESA,1970,4430629
  Tinto,1970,435354
  Rosado,1970,183234
  Branco,1970,3812041
VINHO FRIZANTE,1970,466480
VINHO ORGÂNICO,1970,0
VINHO ESPECIAL,1970,7325789
  Tinto,1970,4730346
  Rosado,1970,1229564
  Branco,1970,1365879
ESPUMANTES ,1970,2743678
  Espumante  Moscatel,1970,0
  Espumante,1970,0
  Espumante Orgânico,1970,0
SUCO DE UVAS,1970,2626855
  Suco Natural Integral,1970,0
  Suco Adoçado,1970,0
  Suco Reprocessado/reconstituido,1970,0
  Suco Orgânico,1970,0
  Outros sucos de uvas,1970,0
SUCO DE UVAS CONCENTRADO,1970,0
OUTROS PRODUTOS COMERCIALIZADOS,1970,19844550
  Outros vinhos (sem informação detalhada),1970,0
"  Agrin (fermentado, acetico misto)",1970,0
  Aguardente de vinho 50°gl,1970,0
  Alcool vinico,1970,0
  Bagaceira (graspa),1970,1192987
  Base champenoise champanha,1970,0
  Base charmat champanha,1970,0
  Base espumante moscatel,1970,0
  Bebida de uva,1970,0
  Borra líquida,1970,0
  Borra seca,1970,0
  Brandy (conhaque),1970,9388296
  Cooler,1970,0
  Coquetel com vinho,1970,0
  Destilado de vinho,1970,533987
  Filtrado doce,1970,346403
  Jeropiga,1970,0
  Mistelas,1970,178350
  Mosto concentrado,1970,44971
  Mosto de uva,1970,0
  Mosto sulfitado,1970,401030
  Nectar de uva,1970,0
  Outros produtos,1970,0
  Polpa de uva,1970,0
  Preparado líquido para refresco,1970,0
  Refrigerante +50% suco,1970,0
  Sangria,1970,0
  Vinagre balsamico,1970,0
  Vinagre duplo,1970,0
  Vinagre simples,1970,1359297
  Vinho acetificado,1970,0
  Vinho base para espumantes,1970,0
  Vinho composto,1970,3386173
  Vinho licoroso,1970,3013056
  Vinho leve,1970,0
  Vinho gaseificado,1970,0
VINHO DE MESA,1971,114399031
  Tinto,1971,98522869
  Rosado,1971,542274
  Branco,1971,15333888
VINHO  FINO DE MESA,1971,4840369
  Tinto,1971,428927
  Rosado,1971,227299
  Branco,1971,4184143
VINHO FRIZANTE,1971,358116
VINHO ORGÂNICO,1971,0
VINHO ESPECIAL,1971,7824931
  Tinto,1971,4802828
  Rosado,1971,1662821
  Branco,1971,1359282
ESPUMANTES ,1971,2907289
  Espumante  Moscatel,1971,0
  Espumante,1971,0
  Espumante Orgânico,1971,0
SUCO DE UVAS,1971,2745249
  Suco Natural Integral,1971,0
  Suco Adoçado,1971,0
  Suco Reprocessado/reconstituido,1971,0
  Suco Orgânico,1971,0
  Outros sucos de uvas,1971,0
SUCO DE UVAS CONCENTRADO,1971,0
OUTROS PRODUTOS COMERCIALIZADOS,1971,20351384
  Outros vinhos (sem informação detalhada),1971,0
"  Agrin (fermentado, acetico misto)",1971,0
  Aguardente de vinho 50°gl,1971,0
  Alcool vinico,1971,0
  Bagaceira (graspa),1971,1111014
  Base champenoise champanha,1971,0
  Base charmat champanha,1971,0
  Base espumante moscatel,1971,0
  Bebida de uva,1971,0
  Borra líquida,1971,0
  Borra seca,1971,0
  Brandy (conhaque),1971,9893167
  Cooler,1971,0
  Coquetel com vinho,1971,0
  Destilado de vinho,1971,1023876
  Filtrado doce,1971,432991
  Jeropiga,1971,0
  Mistelas,1971,81510
  Mosto concentrado,1971,20502
  Mosto de uva,1971,0
  Mosto sulfitado,1971,410850
  Nectar de uva,1971,0
  Outros produtos,1971,0
  Polpa de uva,1971,0
  Preparado líquido para refresco,1971,0
  Refrigerante +50% suco,1971,0
  Sangria,1971,0
  Vinagre balsamico,1971,0
  Vinagre duplo,1971,0
  Vinagre simples,1971,1256068
  Vinho acetificado,1971,0
  Vinho base para espumantes,1971,0
  Vinho composto,1971,3645774
  Vinho licoroso,1971,2475632
  Vinho leve,1971,0
  Vinho gaseificado,1971,0
VINHO DE MESA,1972,118377367
  Tinto,1972,101167932
  Rosado,1972,7770851
  Branco,1972,9438584
VINHO  FINO DE MESA,1972,5602091
  Tinto,1972,624499
  Rosado,1972,403664
  Branco,1972,4573928
VINHO FRIZANTE,1972,356340
VINHO ORGÂNICO,1972,0
VINHO ESPECIAL,1972,8737605
  Tinto,1972,4347706
  Rosado,1972,1901801
  Branco,1972,2488098
ESPUMANTES ,1972,3523335
  Espumante  Moscatel,1972,0
  Espumante,1972,0
  Espumante Orgânico,1972,0
SUCO DE UVAS,1972,4069351
  Suco Natural Integral,1972,0
  Suco Adoçado,1972,0
  Suco Reprocessado/reconstituido,1972,0
  Suco Orgânico,1972,0
  Outros sucos de uvas,1972,0
SUCO DE UVAS CONCENTRADO,1972,59044
OUTROS PRODUTOS COMERCIALIZADOS,1972,23615205
  Outros vinhos (sem informação detalhada),1972,0
"  Agrin (fermentado, acetico misto)",1972,0
  Aguardente de vinho 50°gl,1972,0
  Alcool vinico,1972,0
  Bagaceira (graspa),1972,1059696
  Base champenoise champanha,1972,0
  Base charmat champanha,1972,0
  Base espumante moscatel,1972,0
  Bebida de uva,1972,0
  Borra líquida,1972,0
  Borra seca,1972,0
  Brandy (conhaque),1972,11876098
  Cooler,1972,0
  Coquetel com vinho,1972,0
  Destilado de vinho,1972,1573023
  Filtrado doce,1972,670626
  Jeropiga,1972,0
  Mistelas,1972,133865
  Mosto concentrado,1972,0
  Mosto de uva,1972,0
  Mosto sulfitado,1972,447600
  Nectar de uva,1972,0
  Outros produtos,1972,0
  Polpa de uva,1972,0
  Preparado líquido para refresco,1972,0
  Refrigerante +50% suco,1972,0
  Sangria,1972,0
  Vinagre balsamico,1972,0
  Vinagre duplo,1972,0
  Vinagre simples,1972,1524908
  Vinho acetificado,1972,0
  Vinho base para espumantes,1972,0
  Vinho composto,1972,3921573
  Vinho licoroso,1972,2407816
  Vinho leve,1972,0
  Vinho gaseificado,1972,0
VINHO DE MESA,1973,116617910
  Tinto,1973,98196747
  Rosado,1973,8425617
  Branco,1973,9995546
VINHO  FINO DE MESA,1973,7202830
  Tinto,1973,783508
  Rosado,1973,1377333
  Branco,1973,5041989
VINHO FRIZANTE,1973,327865
VINHO ORGÂNICO,1973,0
VINHO ESPECIAL,1973,9693953
  Tinto,1973,5017487
  Rosado,1973,2062011
  Branco,1973,2614455
ESPUMANTES ,1973,3625230
  Espumante  Moscatel,1973,0
  Espumante,1973,0
  Espumante Orgânico,1973,0
SUCO DE UVAS,1973,5668991
  Suco Natural Integral,1973,0
  Suco Adoçado,1973,0
  Suco Reprocessado/reconstituido,1973,0
  Suco Orgânico,1973,0
  Outros sucos de uvas,1973,0
SUCO DE UVAS CONCENTRADO,1973,1951966
OUTROS PRODUTOS COMERCIALIZADOS,1973,25401454
  Outros vinhos (sem informação detalhada),1973,0
"  Agrin (fermentado, acetico misto)",1973,0
  Aguardente de vinho 50°gl,1973,0
  Alcool vinico,1973,0
  Bagaceira (graspa),1973,997624
  Base champenoise champanha,1973,0
  Base charmat champanha,1973,0
  Base espumante moscatel,1973,0
  Bebida de uva,1973,0
  Borra líquida,1973,0
  Borra seca,1973,0
  Brandy (conhaque),1973,12156057
  Cooler,1973,0
  Coquetel com vinho,1973,0
  Destilado de vinho,1973,1485567
  Filtrado doce,1973,837970
  Jeropiga,1973,0
  Mistelas,1973,160470
  Mosto concentrado,1973,0
  Mosto de uva,1973,0
  Mosto sulfitado,1973,1724244
  Nectar de uva,1973,0
  Outros produtos,1973,0
  Polpa de uva,1973,0
  Preparado líquido para refresco,1973,0
  Refrigerante +50% suco,1973,0
  Sangria,1973,0
  Vinagre balsamico,1973,0
  Vinagre duplo,1973,0
  Vinagre simples,1973,1426737
  Vinho acetificado,1973,0
  Vinho base para espumantes,1973,0
  Vinho composto,1973,4168841
  Vinho licoroso,1973,2443944
  Vinho leve,1973,0
  Vinho gaseificado,1973,0
VINHO DE MESA,1974,94173324
  Tinto,1974,77167303
  Rosado,1974,8891367
  Branco,1974,8114654
VINHO  FINO DE MESA,1974,7571802
  Tinto,1974,1616144
  Rosado,1974,1725564
  Branco,1974,4230094
VINHO FRIZANTE,1974,270641
VINHO ORGÂNICO,1974,0
VINHO ESPECIAL,1974,7638484
  Tinto,1974,3763509
  Rosado,1974,1989341
  Branco,1974,1885634
ESPUMANTES ,1974,3442734
  Espumante  Moscatel,1974,0
  Espumante,1974,0
  Espumante Orgânico,1974,0
SUCO DE UVAS,1974,4673891
  Suco Natural Integral,1974,0
  Suco Adoçado,1974,0
  Suco Reprocessado/reconstituido,1974,0
  Suco Orgânico,1974,0
  Outros sucos de uvas,1974,0
SUCO DE UVAS CONCENTRADO,1974,1619428
OUTROS PRODUTOS COMERCIALIZADOS,1974,24530878
  Outros vinhos (sem informação detalhada),1974,0
"  Agrin (fermentado, acetico misto)",1974,0
  Aguardente de vinho 50°gl,1974,0
  Alcool vinico,1974,0
  Bagaceira (graspa),1974,839441
  Base champenoise champanha,1974,0
  Base charmat champanha,1974,0
  Base espumante moscatel,1974,0
  Bebida de uva,1974,0
  Borra líquida,1974,0
  Borra seca,1974,0
  Brandy (conhaque),1974,12885577
  Cooler,1974,0
  Coquetel com vinho,1974,0
  Destilado de vinho,1974,1409986
  Filtrado doce,1974,1039110
  Jeropiga,1974,0
  Mistelas,1974,45878
  Mosto concentrado,1974,761417
  Mosto de uva,1974,0
  Mosto sulfitado,1974,239200
  Nectar de uva,1974,0
  Outros produtos,1974,0
  Polpa de uva,1974,0
  Preparado líquido para refresco,1974,0
  Refrigerante +50% suco,1974,0
  Sangria,1974,0
  Vinagre balsamico,1974,0
  Vinagre duplo,1974,0
  Vinagre simples,1974,1717666
  Vinho acetificado,1974,0
  Vinho base para espumantes,1974,0
  Vinho composto,1974,3670736
  Vinho licoroso,1974,1921867
  Vinho leve,1974,0
  Vinho gaseificado,1974,0
VINHO DE MESA,1975,108031792
  Tinto,1975,91528090
  Rosado,1975,7261777
  Branco,1975,9241925
VINHO  FINO DE MESA,1975,8848303
  Tinto,1975,2050960
  Rosado,1975,2130619
  Branco,1975,4666724
VINHO FRIZANTE,1975,301293
VINHO ORGÂNICO,1975,0
VINHO ESPECIAL,1975,10260445
  Tinto,1975,4815235
  Rosado,1975,2885972
  Branco,1975,2559238
ESPUMANTES ,1975,3691348
  Espumante  Moscatel,1975,0
  Espumante,1975,0
  Espumante Orgânico,1975,0
SUCO DE UVAS,1975,5802187
  Suco Natural Integral,1975,0
  Suco Adoçado,1975,0
  Suco Reprocessado/reconstituido,1975,0
  Suco Orgânico,1975,0
  Outros sucos de uvas,1975,0
SUCO DE UVAS CONCENTRADO,1975,768401
OUTROS PRODUTOS COMERCIALIZADOS,1975,23102540
  Outros vinhos (sem informação detalhada),1975,0
"  Agrin (fermentado, acetico misto)",1975,0
  Aguardente de vinho 50°gl,1975,0
  Alcool vinico,1975,0
  Bagaceira (graspa),1975,706946
  Base champenoise champanha,1975,0
  Base charmat champanha,1975,0
  Base espumante moscatel,1975,0
  Bebida de uva,1975,0
  Borra líquida,1975,0
  Borra seca,1975,0
  Brandy (conhaque),1975,11418527
  Cooler,1975,0
  Coquetel com vinho,1975,0
  Destilado de vinho,1975,1793135
  Filtrado doce,1975,1353194
  Jeropiga,1975,0
  Mistelas,1975,272141
  Mosto concentrado,1975,251197
  Mosto de uva,1975,0
  Mosto sulfitado,1975,34300
  Nectar de uva,1975,0
  Outros produtos,1975,0
  Polpa de uva,1975,0
  Preparado líquido para refresco,1975,0
  Refrigerante +50% suco,1975,0
  Sangria,1975,0
  Vinagre balsamico,1975,0
  Vinagre duplo,1975,0
  Vinagre simples,1975,1574960
  Vinho acetificado,1975,0
  Vinho base para espumantes,1975,0
  Vinho composto,1975,3493104
  Vinho licoroso,1975,2205036
  Vinho leve,1975,0
  Vinho gaseificado,1975,0
VINHO DE MESA,1976,139238614
  Tinto,1976,116407222
  Rosado,1976,11748047
  Branco,1976,11083345
VINHO  FINO DE MESA,1976,14095648
  Tinto,1976,4450570
  Rosado,1976,3118919
  Branco,1976,6526159
VINHO FRIZANTE,1976,248456
VINHO ORGÂNICO,1976,0
VINHO ESPECIAL,1976,12392725
  Tinto,1976,4819463
  Rosado,1976,4231765
  Branco,1976,3341497
ESPUMANTES ,1976,4204666
  Espumante  Moscatel,1976,0
  Espumante,1976,0
  Espumante Orgânico,1976,0
SUCO DE UVAS,1976,6433821
  Suco Natural Integral,1976,0
  Suco Adoçado,1976,0
  Suco Reprocessado/reconstituido,1976,0
  Suco Orgânico,1976,0
  Outros sucos de uvas,1976,0
SUCO DE UVAS CONCENTRADO,1976,1467883
OUTROS PRODUTOS COMERCIALIZADOS,1976,28321777
  Outros vinhos (sem informação detalhada),1976,0
"  Agrin (fermentado, acetico misto)",1976,0
  Aguardente de vinho 50°gl,1976,0
  Alcool vinico,1976,0
  Bagaceira (graspa),1976,698399
  Base champenoise champanha,1976,0
  Base charmat champanha,1976,0
  Base espumante moscatel,1976,0
  Bebida de uva,1976,0
  Borra líquida,1976,0
  Borra seca,1976,0
  Brandy (conhaque),1976,14938849
  Cooler,1976,0
  Coquetel com vinho,1976,0
  Destilado de vinho,1976,1373075
  Filtrado doce,1976,1792832
  Jeropiga,1976,48203
  Mistelas,1976,88300
  Mosto concentrado,1976,309196
  Mosto de uva,1976,0
  Mosto sulfitado,1976,420300
  Nectar de uva,1976,0
  Outros produtos,1976,0
  Polpa de uva,1976,0
  Preparado líquido para refresco,1976,0
  Refrigerante +50% suco,1976,0
  Sangria,1976,0
  Vinagre balsamico,1976,0
  Vinagre duplo,1976,0
  Vinagre simples,1976,748459
  Vinho acetificado,1976,0
  Vinho base para espumantes,1976,0
  Vinho composto,1976,5429800
  Vinho licoroso,1976,2474364
  Vinho leve,1976,0
  Vinho gaseificado,1976,0
VINHO DE MESA,1977,140813114
  Tinto,1977,116609545
  Rosado,1977,15195525
  Branco,1977,9008044
VINHO  FINO DE MESA,1977,14975330
  Tinto,1977,4504303
  Rosado,1977,3248565
  Branco,1977,7222462
VINHO FRIZANTE,1977,143575
VINHO ORGÂNICO,1977,0
VINHO ESPECIAL,1977,11569676
  Tinto,1977,3959050
  Rosado,1977,4034615
  Branco,1977,3576011
ESPUMANTES ,1977,4150746
  Espumante  Moscatel,1977,0
  Espumante,1977,0
  Espumante Orgânico,1977,0
SUCO DE UVAS,1977,6814893
  Suco Natural Integral,1977,0
  Suco Adoçado,1977,0
  Suco Reprocessado/reconstituido,1977,0
  Suco Orgânico,1977,0
  Outros sucos de uvas,1977,0
SUCO DE UVAS CONCENTRADO,1977,2444089
OUTROS PRODUTOS COMERCIALIZADOS,1977,27333925
  Outros vinhos (sem informação detalhada),1977,0
"  Agrin (fermentado, acetico misto)",1977,0
  Aguardente de vinho 50°gl,1977,0
  Alcool vinico,1977,0
  Bagaceira (graspa),1977,595137
  Base champenoise champanha,1977,0
  Base charmat champanha,1977,0
  Base espumante moscatel,1977,0
  Bebida de uva,1977,0
  Borra líquida,1977,0
  Borra seca,1977,0
  Brandy (conhaque),1977,12858163
  Cooler,1977,0
  Coquetel com vinho,1977,0
  Destilado de vinho,1977,780548
  Filtrado doce,1977,2292414
  Jeropiga,1977,34624
  Mistelas,1977,195060
  Mosto concentrado,1977,84058
  Mosto de uva,1977,0
  Mosto sulfitado,1977,746326
  Nectar de uva,1977,0
  Outros produtos,1977,0
  Polpa de uva,1977,0
  Preparado líquido para refresco,1977,0
  Refrigerante +50% suco,1977,0
  Sangria,1977,0
  Vinagre balsamico,1977,0
  Vinagre duplo,1977,0
  Vinagre simples,1977,1549579
  Vinho acetificado,1977,0
  Vinho base para espumantes,1977,0
  Vinho composto,1977,5170582
  Vinho licoroso,1977,3027434
  Vinho leve,1977,0
  Vinho gaseificado,1977,0
VINHO DE MESA,1978,141293379
  Tinto,1978,117203914
  Rosado,1978,14612454
  Branco,1978,9477011
VINHO  FINO DE MESA,1978,17596956
  Tinto,1978,4920802
  Rosado,1978,3501895
  Branco,1978,9174259
VINHO FRIZANTE,1978,13915
VINHO ORGÂNICO,1978,0
VINHO ESPECIAL,1978,10247572
  Tinto,1978,4083073
  Rosado,1978,4177476
  Branco,1978,1987023
ESPUMANTES ,1978,3684240
  Espumante  Moscatel,1978,0
  Espumante,1978,0
  Espumante Orgânico,1978,0
SUCO DE UVAS,1978,6963440
  Suco Natural Integral,1978,0
  Suco Adoçado,1978,0
  Suco Reprocessado/reconstituido,1978,0
  Suco Orgânico,1978,0
  Outros sucos de uvas,1978,0
SUCO DE UVAS CONCENTRADO,1978,2454178
OUTROS PRODUTOS COMERCIALIZADOS,1978,29509570
  Outros vinhos (sem informação detalhada),1978,0
"  Agrin (fermentado, acetico misto)",1978,0
  Aguardente de vinho 50°gl,1978,0
  Alcool vinico,1978,0
  Bagaceira (graspa),1978,432596
  Base champenoise champanha,1978,0
  Base charmat champanha,1978,0
  Base espumante moscatel,1978,0
  Bebida de uva,1978,0
  Borra líquida,1978,0
  Borra seca,1978,0
  Brandy (conhaque),1978,12014556
  Cooler,1978,0
  Coquetel com vinho,1978,0
  Destilado de vinho,1978,866773
  Filtrado doce,1978,2396689
  Jeropiga,1978,56372
  Mistelas,1978,2217900
  Mosto concentrado,1978,0
  Mosto de uva,1978,0
  Mosto sulfitado,1978,327450
  Nectar de uva,1978,0
  Outros produtos,1978,0
  Polpa de uva,1978,0
  Preparado líquido para refresco,1978,0
  Refrigerante +50% suco,1978,0
  Sangria,1978,0
  Vinagre balsamico,1978,0
  Vinagre duplo,1978,0
  Vinagre simples,1978,2452955
  Vinho acetificado,1978,0
  Vinho base para espumantes,1978,0
  Vinho composto,1978,5649977
  Vinho licoroso,1978,3094302
  Vinho leve,1978,0
  Vinho gaseificado,1978,0
VINHO DE MESA,1979,149609112
  Tinto,1979,119496652
  Rosado,1979,18643308
  Branco,1979,11469152
VINHO  FINO DE MESA,1979,21695829
  Tinto,1979,6360276
  Rosado,1979,4119615
  Branco,1979,11215938
VINHO FRIZANTE,1979,14578
VINHO ORGÂNICO,1979,0
VINHO ESPECIAL,1979,13790557
  Tinto,1979,7004780
  Rosado,1979,5067851
  Branco,1979,1717926
ESPUMANTES ,1979,3246929
  Espumante  Moscatel,1979,0
  Espumante,1979,0
  Espumante Orgânico,1979,0
SUCO DE UVAS,1979,6096784
  Suco Natural Integral,1979,0
  Suco Adoçado,1979,0
  Suco Reprocessado/reconstituido,1979,0
  Suco Orgânico,1979,0
  Outros sucos de uvas,1979,0
SUCO DE UVAS CONCENTRADO,1979,2751886
OUTROS PRODUTOS COMERCIALIZADOS,1979,29719709
  Outros vinhos (sem informação detalhada),1979,0
"  Agrin (fermentado, acetico misto)",1979,0
  Aguardente de vinho 50°gl,1979,0
  Alcool vinico,1979,0
  Bagaceira (graspa),1979,812433
  Base champenoise champanha,1979,0
  Base charmat champanha,1979,0
  Base espumante moscatel,1979,0
  Bebida de uva,1979,0
  Borra líquida,1979,0
  Borra seca,1979,0
  Brandy (conhaque),1979,9991254
  Cooler,1979,0
  Coquetel com vinho,1979,0
  Destilado de vinho,1979,3062750
  Filtrado doce,1979,3374608
  Jeropiga,1979,47738
  Mistelas,1979,6293317
  Mosto concentrado,1979,0
  Mosto de uva,1979,0
  Mosto sulfitado,1979,485800
  Nectar de uva,1979,0
  Outros produtos,1979,0
  Polpa de uva,1979,0
  Preparado líquido para refresco,1979,0
  Refrigerante +50% suco,1979,0
  Sangria,1979,0
  Vinagre balsamico,1979,0
  Vinagre duplo,1979,0
  Vinagre simples,1979,2144256
  Vinho acetificado,1979,0
  Vinho base para espumantes,1979,0
  Vinho composto,1979,976174
  Vinho licoroso,1979,2531379
  Vinho leve,1979,0
  Vinho gaseificado,1979,0
VINHO DE MESA,1980,122825298
  Tinto,1980,99646124
  Rosado,1980,14746625
  Branco,1980,8432549
VINHO  FINO DE MESA,1980,22976342
  Tinto,1980,7244385
  Rosado,1980,5096819
  Branco,1980,10635138
VINHO FRIZANTE,1980,9303
VINHO ORGÂNICO,1980,0
VINHO ESPECIAL,1980,11056774
  Tinto,1980,4608059
  Rosado,1980,4312513
  Branco,1980,2136202
ESPUMANTES ,1980,3257451
  Espumante  Moscatel,1980,0
  Espumante,1980,0
  Espumante Orgânico,1980,0
SUCO DE UVAS,1980,5837620
  Suco Natural Integral,1980,0
  Suco Adoçado,1980,0
  Suco Reprocessado/reconstituido,1980,0
  Suco Orgânico,1980,0
  Outros sucos de uvas,1980,0
SUCO DE UVAS CONCENTRADO,1980,4142363
OUTROS PRODUTOS COMERCIALIZADOS,1980,18053687
  Outros vinhos (sem informação detalhada),1980,0
"  Agrin (fermentado, acetico misto)",1980,0
  Aguardente de vinho 50°gl,1980,0
  Alcool vinico,1980,0
  Bagaceira (graspa),1980,494061
  Base champenoise champanha,1980,0
  Base charmat champanha,1980,0
  Base espumante moscatel,1980,0
  Bebida de uva,1980,0
  Borra líquida,1980,0
  Borra seca,1980,0
  Brandy (conhaque),1980,2593406
  Cooler,1980,0
  Coquetel com vinho,1980,0
  Destilado de vinho,1980,1778900
  Filtrado doce,1980,4414074
  Jeropiga,1980,25352
  Mistelas,1980,3806641
  Mosto concentrado,1980,0
  Mosto de uva,1980,0
  Mosto sulfitado,1980,113550
  Nectar de uva,1980,0
  Outros produtos,1980,0
  Polpa de uva,1980,0
  Preparado líquido para refresco,1980,0
  Refrigerante +50% suco,1980,0
  Sangria,1980,0
  Vinagre balsamico,1980,0
  Vinagre duplo,1980,0
  Vinagre simples,1980,2052253
  Vinho acetificado,1980,0
  Vinho base para espumantes,1980,0
  Vinho composto,1980,697908
  Vinho licoroso,1980,2077542
  Vinho leve,1980,0
  Vinho gaseificado,1980,0
VINHO DE MESA,1981,128894580
  Tinto,1981,99151812
  Rosado,1981,16360547
  Branco,1981,13382221
VINHO  FINO DE MESA,1981,21607857
  Tinto,1981,7403644
  Rosado,1981,2738962
  Branco,1981,11465251
VINHO FRIZANTE,1981,13354
VINHO ORGÂNICO,1981,0
VINHO ESPECIAL,1981,6907060
  Tinto,1981,1906240
  Rosado,1981,3388872
  Branco,1981,1611948
ESPUMANTES ,1981,2301421
  Espumante  Moscatel,1981,0
  Espumante,1981,0
  Espumante Orgânico,1981,0
SUCO DE UVAS,1981,3994038
  Suco Natural Integral,1981,0
  Suco Adoçado,1981,0
  Suco Reprocessado/reconstituido,1981,0
  Suco Orgânico,1981,0
  Outros sucos de uvas,1981,0
SUCO DE UVAS CONCENTRADO,1981,3064156
OUTROS PRODUTOS COMERCIALIZADOS,1981,19698180
  Outros vinhos (sem informação detalhada),1981,0
"  Agrin (fermentado, acetico misto)",1981,0
  Aguardente de vinho 50°gl,1981,0
  Alcool vinico,1981,0
  Bagaceira (graspa),1981,1770895
  Base champenoise champanha,1981,0
  Base charmat champanha,1981,0
  Base espumante moscatel,1981,0
  Bebida de uva,1981,0
  Borra líquida,1981,0
  Borra seca,1981,0
  Brandy (conhaque),1981,1637947
  Cooler,1981,0
  Coquetel com vinho,1981,0
  Destilado de vinho,1981,2728959
  Filtrado doce,1981,3861367
  Jeropiga,1981,4236
  Mistelas,1981,4518098
  Mosto concentrado,1981,0
  Mosto de uva,1981,0
  Mosto sulfitado,1981,360180
  Nectar de uva,1981,0
  Outros produtos,1981,0
  Polpa de uva,1981,0
  Preparado líquido para refresco,1981,0
  Refrigerante +50% suco,1981,0
  Sangria,1981,0
  Vinagre balsamico,1981,0
  Vinagre duplo,1981,0
  Vinagre simples,1981,2296456
  Vinho acetificado,1981,0
  Vinho base para espumantes,1981,0
  Vinho composto,1981,579372
  Vinho licoroso,1981,1940670
  Vinho leve,1981,0
  Vinho gaseificado,1981,0
VINHO DE MESA,1982,166861772
  Tinto,1982,131957890
  Rosado,1982,15786964
  Branco,1982,19116918
VINHO  FINO DE MESA,1982,26302928
  Tinto,1982,7699010
  Rosado,1982,3608877
  Branco,1982,14995041
VINHO FRIZANTE,1982,176692
VINHO ORGÂNICO,1982,0
VINHO ESPECIAL,1982,5011009
  Tinto,1982,939619
  Rosado,1982,2418770
  Branco,1982,1652620
ESPUMANTES ,1982,2432386
  Espumante  Moscatel,1982,0
  Espumante,1982,0
  Espumante Orgânico,1982,0
SUCO DE UVAS,1982,4081256
  Suco Natural Integral,1982,0
  Suco Adoçado,1982,0
  Suco Reprocessado/reconstituido,1982,0
  Suco Orgânico,1982,0
  Outros sucos de uvas,1982,0
SUCO DE UVAS CONCENTRADO,1982,3148110
OUTROS PRODUTOS COMERCIALIZADOS,1982,17770629
  Outros vinhos (sem informação detalhada),1982,0
"  Agrin (fermentado, acetico misto)",1982,0
  Aguardente de vinho 50°gl,1982,0
  Alcool vinico,1982,0
  Bagaceira (graspa),1982,496554
  Base champenoise champanha,1982,0
  Base charmat champanha,1982,0
  Base espumante moscatel,1982,0
  Bebida de uva,1982,0
  Borra líquida,1982,0
  Borra seca,1982,0
  Brandy (conhaque),1982,1348154
  Cooler,1982,0
  Coquetel com vinho,1982,0
  Destilado de vinho,1982,3466121
  Filtrado doce,1982,4261912
  Jeropiga,1982,30410
  Mistelas,1982,2068930
  Mosto concentrado,1982,0
  Mosto de uva,1982,0
  Mosto sulfitado,1982,607630
  Nectar de uva,1982,0
  Outros produtos,1982,0
  Polpa de uva,1982,0
  Preparado líquido para refresco,1982,0
  Refrigerante +50% suco,1982,0
  Sangria,1982,0
  Vinagre balsamico,1982,0
  Vinagre duplo,1982,0
  Vinagre simples,1982,2434183
  Vinho acetificado,1982,0
  Vinho base para espumantes,1982,0
  Vinho composto,1982,708876
  Vinho licoroso,1982,2347859
  Vinho leve,1982,0
  Vinho gaseificado,1982,0
VINHO DE MESA,1983,195616620
  Tinto,1983,151852639
  Rosado,1983,23841328
  Branco,1983,19922653
VINHO  FINO DE MESA,1983,32690119
  Tinto,1983,9811525
  Rosado,1983,3548807
  Branco,1983,19329787
VINHO FRIZANTE,1983,147892
VINHO ORGÂNICO,1983,0
VINHO ESPECIAL,1983,5393631
  Tinto,1983,1034452
  Rosado,1983,2735222
  Branco,1983,1623957
ESPUMANTES ,1983,2601590
  Espumante  Moscatel,1983,0
  Espumante,1983,0
  Espumante Orgânico,1983,0
SUCO DE UVAS,1983,4625317
  Suco Natural Integral,1983,0
  Suco Adoçado,1983,0
  Suco Reprocessado/reconstituido,1983,0
  Suco Orgânico,1983,0
  Outros sucos de uvas,1983,0
SUCO DE UVAS CONCENTRADO,1983,3447837
OUTROS PRODUTOS COMERCIALIZADOS,1983,13706809
  Outros vinhos (sem informação detalhada),1983,0
"  Agrin (fermentado, acetico misto)",1983,0
  Aguardente de vinho 50°gl,1983,0
  Alcool vinico,1983,0
  Bagaceira (graspa),1983,339085
  Base champenoise champanha,1983,0
  Base charmat champanha,1983,0
  Base espumante moscatel,1983,0
  Bebida de uva,1983,0
  Borra líquida,1983,0
  Borra seca,1983,0
  Brandy (conhaque),1983,1212182
  Cooler,1983,0
  Coquetel com vinho,1983,0
  Destilado de vinho,1983,2029714
  Filtrado doce,1983,4062927
  Jeropiga,1983,25618
  Mistelas,1983,872156
  Mosto concentrado,1983,0
  Mosto de uva,1983,0
  Mosto sulfitado,1983,215868
  Nectar de uva,1983,0
  Outros produtos,1983,0
  Polpa de uva,1983,0
  Preparado líquido para refresco,1983,0
  Refrigerante +50% suco,1983,0
  Sangria,1983,0
  Vinagre balsamico,1983,0
  Vinagre duplo,1983,0
  Vinagre simples,1983,2490691
  Vinho acetificado,1983,0
  Vinho base para espumantes,1983,0
  Vinho composto,1983,657957
  Vinho licoroso,1983,1800611
  Vinho leve,1983,0
  Vinho gaseificado,1983,0
VINHO DE MESA,1984,171619507
  Tinto,1984,129249097
  Rosado,1984,21724540
  Branco,1984,20645870
VINHO  FINO DE MESA,1984,42164393
  Tinto,1984,14797285
  Rosado,1984,3714334
  Branco,1984,23652774
VINHO FRIZANTE,1984,0
VINHO ORGÂNICO,1984,0
VINHO ESPECIAL,1984,5535657
  Tinto,1984,1043073
  Rosado,1984,2308400
  Branco,1984,2184184
ESPUMANTES ,1984,2778815
  Espumante  Moscatel,1984,0
  Espumante,1984,0
  Espumante Orgânico,1984,0
SUCO DE UVAS,1984,6167053
  Suco Natural Integral,1984,0
  Suco Adoçado,1984,0
  Suco Reprocessado/reconstituido,1984,0
  Suco Orgânico,1984,0
  Outros sucos de uvas,1984,0
SUCO DE UVAS CONCENTRADO,1984,3923167
OUTROS PRODUTOS COMERCIALIZADOS,1984,15284617
  Outros vinhos (sem informação detalhada),1984,0
"  Agrin (fermentado, acetico misto)",1984,0
  Aguardente de vinho 50°gl,1984,0
  Alcool vinico,1984,0
  Bagaceira (graspa),1984,434913
  Base champenoise champanha,1984,0
  Base charmat champanha,1984,0
  Base espumante moscatel,1984,0
  Bebida de uva,1984,0
  Borra líquida,1984,0
  Borra seca,1984,0
  Brandy (conhaque),1984,1074816
  Cooler,1984,0
  Coquetel com vinho,1984,0
  Destilado de vinho,1984,1678482
  Filtrado doce,1984,4994248
  Jeropiga,1984,36717
  Mistelas,1984,1095044
  Mosto concentrado,1984,0
  Mosto de uva,1984,0
  Mosto sulfitado,1984,914641
  Nectar de uva,1984,0
  Outros produtos,1984,0
  Polpa de uva,1984,0
  Preparado líquido para refresco,1984,0
  Refrigerante +50% suco,1984,0
  Sangria,1984,0
  Vinagre balsamico,1984,0
  Vinagre duplo,1984,0
  Vinagre simples,1984,2690012
  Vinho acetificado,1984,0
  Vinho base para espumantes,1984,0
  Vinho composto,1984,656837
  Vinho licoroso,1984,1708907
  Vinho leve,1984,0
  Vinho gaseificado,1984,0
VINHO DE MESA,1985,185191837
  Tinto,1985,138710394
  Rosado,1985,23988088
  Branco,1985,22493355
VINHO  FINO DE MESA,1985,44599207
  Tinto,1985,13133683
  Rosado,1985,3510330
  Branco,1985,27955194
VINHO FRIZANTE,1985,0
VINHO ORGÂNICO,1985,0
VINHO ESPECIAL,1985,4766741
  Tinto,1985,863932
  Rosado,1985,2145100
  Branco,1985,1757709
ESPUMANTES ,1985,3238436
  Espumante  Moscatel,1985,0
  Espumante,1985,0
  Espumante Orgânico,1985,0
SUCO DE UVAS,1985,4711949
  Suco Natural Integral,1985,0
  Suco Adoçado,1985,0
  Suco Reprocessado/reconstituido,1985,0
  Suco Orgânico,1985,0
  Outros sucos de uvas,1985,0
SUCO DE UVAS CONCENTRADO,1985,5736808
OUTROS PRODUTOS COMERCIALIZADOS,1985,15655775
  Outros vinhos (sem informação detalhada),1985,0
"  Agrin (fermentado, acetico misto)",1985,0
  Aguardente de vinho 50°gl,1985,0
  Alcool vinico,1985,0
  Bagaceira (graspa),1985,289415
  Base champenoise champanha,1985,0
  Base charmat champanha,1985,0
  Base espumante moscatel,1985,0
  Bebida de uva,1985,0
  Borra líquida,1985,0
  Borra seca,1985,0
  Brandy (conhaque),1985,1551097
  Cooler,1985,0
  Coquetel com vinho,1985,0
  Destilado de vinho,1985,1460361
  Filtrado doce,1985,6005137
  Jeropiga,1985,130094
  Mistelas,1985,83792
  Mosto concentrado,1985,0
  Mosto de uva,1985,0
  Mosto sulfitado,1985,57717
  Nectar de uva,1985,0
  Outros produtos,1985,0
  Polpa de uva,1985,0
  Preparado líquido para refresco,1985,0
  Refrigerante +50% suco,1985,0
  Sangria,1985,0
  Vinagre balsamico,1985,0
  Vinagre duplo,1985,0
  Vinagre simples,1985,3397749
  Vinho acetificado,1985,0
  Vinho base para espumantes,1985,0
  Vinho composto,1985,1081646
  Vinho licoroso,1985,1598767
  Vinho leve,1985,0
  Vinho gaseificado,1985,0
VINHO DE MESA,1986,203130018
  Tinto,1986,153357217
  Rosado,1986,28544630
  Branco,1986,21228171
VINHO  FINO DE MESA,1986,50881779
  Tinto,1986,15664511
  Rosado,1986,3685709
  Branco,1986,31531559
VINHO FRIZANTE,1986,0
VINHO ORGÂNICO,1986,0
VINHO ESPECIAL,1986,4636751
  Tinto,1986,749197
  Rosado,1986,2057888
  Branco,1986,1829666
ESPUMANTES ,1986,4058335
  Espumante  Moscatel,1986,0
  Espumante,1986,0
  Espumante Orgânico,1986,0
SUCO DE UVAS,1986,5767993
  Suco Natural Integral,1986,0
  Suco Adoçado,1986,0
  Suco Reprocessado/reconstituido,1986,0
  Suco Orgânico,1986,0
  Outros sucos de uvas,1986,0
SUCO DE UVAS CONCENTRADO,1986,7553410
OUTROS PRODUTOS COMERCIALIZADOS,1986,19777809
  Outros vinhos (sem informação detalhada),1986,0
"  Agrin (fermentado, acetico misto)",1986,0
  Aguardente de vinho 50°gl,1986,0
  Alcool vinico,1986,0
  Bagaceira (graspa),1986,353074
  Base champenoise champanha,1986,0
  Base charmat champanha,1986,0
  Base espumante moscatel,1986,0
  Bebida de uva,1986,0
  Borra líquida,1986,0
  Borra seca,1986,0
  Brandy (conhaque),1986,2308675
  Cooler,1986,0
  Coquetel com vinho,1986,0
  Destilado de vinho,1986,5142969
  Filtrado doce,1986,5065559
  Jeropiga,1986,86296
  Mistelas,1986,320098
  Mosto concentrado,1986,0
  Mosto de uva,1986,0
  Mosto sulfitado,1986,218400
  Nectar de uva,1986,0
  Outros produtos,1986,0
  Polpa de uva,1986,0
  Preparado líquido para refresco,1986,0
  Refrigerante +50% suco,1986,0
  Sangria,1986,0
  Vinagre balsamico,1986,0
  Vinagre duplo,1986,0
  Vinagre simples,1986,2503550
  Vinho acetificado,1986,0
  Vinho base para espumantes,1986,0
  Vinho composto,1986,2008030
  Vinho licoroso,1986,1771158
  Vinho leve,1986,0
  Vinho gaseificado,1986,0
VINHO DE MESA,1987,131065191
  Tinto,1987,96590206
  Rosado,1987,21376304
  Branco,1987,13098681
VINHO  FINO DE MESA,1987,34335860
  Tinto,1987,10144561
  Rosado,1987,2328264
  Branco,1987,21863035
VINHO FRIZANTE,1987,0
VINHO ORGÂNICO,1987,0
VINHO ESPECIAL,1987,2969853
  Tinto,1987,372184
  Rosado,1987,1122648
  Branco,1987,1475021
ESPUMANTES ,1987,3006097
  Espumante  Moscatel,1987,0
  Espumante,1987,0
  Espumante Orgânico,1987,0
SUCO DE UVAS,1987,4932369
  Suco Natural Integral,1987,0
  Suco Adoçado,1987,0
  Suco Reprocessado/reconstituido,1987,0
  Suco Orgânico,1987,0
  Outros sucos de uvas,1987,0
SUCO DE UVAS CONCENTRADO,1987,5969562
OUTROS PRODUTOS COMERCIALIZADOS,1987,25522173
  Outros vinhos (sem informação detalhada),1987,0
"  Agrin (fermentado, acetico misto)",1987,0
  Aguardente de vinho 50°gl,1987,0
  Alcool vinico,1987,0
  Bagaceira (graspa),1987,236724
  Base champenoise champanha,1987,0
  Base charmat champanha,1987,0
  Base espumante moscatel,1987,0
  Bebida de uva,1987,0
  Borra líquida,1987,0
  Borra seca,1987,0
  Brandy (conhaque),1987,1553986
  Cooler,1987,9062619
  Coquetel com vinho,1987,0
  Destilado de vinho,1987,2601744
  Filtrado doce,1987,6529116
  Jeropiga,1987,19124
  Mistelas,1987,188048
  Mosto concentrado,1987,0
  Mosto de uva,1987,0
  Mosto sulfitado,1987,0
  Nectar de uva,1987,0
  Outros produtos,1987,0
  Polpa de uva,1987,0
  Preparado líquido para refresco,1987,0
  Refrigerante +50% suco,1987,0
  Sangria,1987,0
  Vinagre balsamico,1987,0
  Vinagre duplo,1987,0
  Vinagre simples,1987,2156496
  Vinho acetificado,1987,0
  Vinho base para espumantes,1987,0
  Vinho composto,1987,1803640
  Vinho licoroso,1987,1370676
  Vinho leve,1987,0
  Vinho gaseificado,1987,0
VINHO DE MESA,1988,150678647
  Tinto,1988,114100716
  Rosado,1988,17329181
  Branco,1988,19248750
VINHO  FINO DE MESA,1988,40014386
  Tinto,1988,11713661
  Rosado,1988,1939881
  Branco,1988,26360844
VINHO FRIZANTE,1988,248840
VINHO ORGÂNICO,1988,0
VINHO ESPECIAL,1988,2328150
  Tinto,1988,525229
  Rosado,1988,887025
  Branco,1988,915896
ESPUMANTES ,1988,2845663
  Espumante  Moscatel,1988,0
  Espumante,1988,0
  Espumante Orgânico,1988,0
SUCO DE UVAS,1988,4191947
  Suco Natural Integral,1988,0
  Suco Adoçado,1988,0
  Suco Reprocessado/reconstituido,1988,0
  Suco Orgânico,1988,0
  Outros sucos de uvas,1988,0
SUCO DE UVAS CONCENTRADO,1988,5656096
OUTROS PRODUTOS COMERCIALIZADOS,1988,24276716
  Outros vinhos (sem informação detalhada),1988,0
"  Agrin (fermentado, acetico misto)",1988,0
  Aguardente de vinho 50°gl,1988,0
  Alcool vinico,1988,0
  Bagaceira (graspa),1988,285409
  Base champenoise champanha,1988,0
  Base charmat champanha,1988,0
  Base espumante moscatel,1988,0
  Bebida de uva,1988,0
  Borra líquida,1988,0
  Borra seca,1988,0
  Brandy (conhaque),1988,1786613
  Cooler,1988,8806545
  Coquetel com vinho,1988,0
  Destilado de vinho,1988,2220670
  Filtrado doce,1988,5574201
  Jeropiga,1988,59251
  Mistelas,1988,221836
  Mosto concentrado,1988,0
  Mosto de uva,1988,0
  Mosto sulfitado,1988,0
  Nectar de uva,1988,0
  Outros produtos,1988,0
  Polpa de uva,1988,0
  Preparado líquido para refresco,1988,0
  Refrigerante +50% suco,1988,0
  Sangria,1988,0
  Vinagre balsamico,1988,0
  Vinagre duplo,1988,0
  Vinagre simples,1988,2696620
  Vinho acetificado,1988,0
  Vinho base para espumantes,1988,0
  Vinho composto,1988,1381934
  Vinho licoroso,1988,1243637
  Vinho leve,1988,0
  Vinho gaseificado,1988,0
VINHO DE MESA,1989,172921267
  Tinto,1989,136642954
  Rosado,1989,14564451
  Branco,1989,21713862
VINHO  FINO DE MESA,1989,50390262
  Tinto,1989,14737896
  Rosado,1989,2596587
  Branco,1989,33055779
VINHO FRIZANTE,1989,275708
VINHO ORGÂNICO,1989,0
VINHO ESPECIAL,1989,1788772
  Tinto,1989,288905
  Rosado,1989,876167
  Branco,1989,623700
ESPUMANTES ,1989,3766581
  Espumante  Moscatel,1989,0
  Espumante,1989,0
  Espumante Orgânico,1989,0
SUCO DE UVAS,1989,4642831
  Suco Natural Integral,1989,0
  Suco Adoçado,1989,0
  Suco Reprocessado/reconstituido,1989,0
  Suco Orgânico,1989,0
  Outros sucos de uvas,1989,0
SUCO DE UVAS CONCENTRADO,1989,6716197
OUTROS PRODUTOS COMERCIALIZADOS,1989,19148275
  Outros vinhos (sem informação detalhada),1989,0
"  Agrin (fermentado, acetico misto)",1989,0
  Aguardente de vinho 50°gl,1989,0
  Alcool vinico,1989,0
  Bagaceira (graspa),1989,202478
  Base champenoise champanha,1989,0
  Base charmat champanha,1989,0
  Base espumante moscatel,1989,0
  Bebida de uva,1989,0
  Borra líquida,1989,0
  Borra seca,1989,0
  Brandy (conhaque),1989,2232781
  Cooler,1989,4474031
  Coquetel com vinho,1989,0
  Destilado de vinho,1989,1382427
  Filtrado doce,1989,6698678
  Jeropiga,1989,49075
  Mistelas,1989,8265
  Mosto concentrado,1989,0
  Mosto de uva,1989,0
  Mosto sulfitado,1989,0
  Nectar de uva,1989,0
  Outros produtos,1989,0
  Polpa de uva,1989,0
  Preparado líquido para refresco,1989,0
  Refrigerante +50% suco,1989,0
  Sangria,1989,0
  Vinagre balsamico,1989,0
  Vinagre duplo,1989,0
  Vinagre simples,1989,1067310
  Vinho acetificado,1989,0
  Vinho base para espumantes,1989,0
  Vinho composto,1989,1754501
  Vinho licoroso,1989,1278729
  Vinho leve,1989,0
  Vinho gaseificado,1989,0
VINHO DE MESA,1990,164725646
  Tinto,1990,120889721
  Rosado,1990,16482188
  Branco,1990,27353737
VINHO  FINO DE MESA,1990,39885259
  Tinto,1990,11141857
  Rosado,1990,1583368
  Branco,1990,27160034
VINHO FRIZANTE,1990,310524
VINHO ORGÂNICO,1990,0
VINHO ESPECIAL,1990,1371223
  Tinto,1990,266887
  Rosado,1990,595973
  Branco,1990,508363
ESPUMANTES ,1990,2720096
  Espumante  Moscatel,1990,0
  Espumante,1990,0
  Espumante Orgânico,1990,0
SUCO DE UVAS,1990,5431892
  Suco Natural Integral,1990,0
  Suco Adoçado,1990,0
  Suco Reprocessado/reconstituido,1990,0
  Suco Orgânico,1990,0
  Outros sucos de uvas,1990,0
SUCO DE UVAS CONCENTRADO,1990,8211959
OUTROS PRODUTOS COMERCIALIZADOS,1990,17145444
  Outros vinhos (sem informação detalhada),1990,0
"  Agrin (fermentado, acetico misto)",1990,0
  Aguardente de vinho 50°gl,1990,0
  Alcool vinico,1990,0
  Bagaceira (graspa),1990,174148
  Base champenoise champanha,1990,0
  Base charmat champanha,1990,0
  Base espumante moscatel,1990,0
  Bebida de uva,1990,0
  Borra líquida,1990,0
  Borra seca,1990,0
  Brandy (conhaque),1990,1464094
  Cooler,1990,2649267
  Coquetel com vinho,1990,0
  Destilado de vinho,1990,577779
  Filtrado doce,1990,7009725
  Jeropiga,1990,47536
  Mistelas,1990,175827
  Mosto concentrado,1990,0
  Mosto de uva,1990,0
  Mosto sulfitado,1990,0
  Nectar de uva,1990,0
  Outros produtos,1990,0
  Polpa de uva,1990,0
  Preparado líquido para refresco,1990,0
  Refrigerante +50% suco,1990,0
  Sangria,1990,0
  Vinagre balsamico,1990,0
  Vinagre duplo,1990,0
  Vinagre simples,1990,362275
  Vinho acetificado,1990,0
  Vinho base para espumantes,1990,0
  Vinho composto,1990,3746797
  Vinho licoroso,1990,937996
  Vinho leve,1990,0
  Vinho gaseificado,1990,0
VINHO DE MESA,1991,190134895
  Tinto,1991,141726264
  Rosado,1991,16322381
  Branco,1991,32086250
VINHO  FINO DE MESA,1991,37526111
  Tinto,1991,9015204
  Rosado,1991,1342140
  Branco,1991,27168767
VINHO FRIZANTE,1991,268563
VINHO ORGÂNICO,1991,0
VINHO ESPECIAL,1991,1354861
  Tinto,1991,326807
  Rosado,1991,487553
  Branco,1991,540501
ESPUMANTES ,1991,2442072
  Espumante  Moscatel,1991,0
  Espumante,1991,0
  Espumante Orgânico,1991,0
SUCO DE UVAS,1991,7630442
  Suco Natural Integral,1991,0
  Suco Adoçado,1991,0
  Suco Reprocessado/reconstituido,1991,0
  Suco Orgânico,1991,0
  Outros sucos de uvas,1991,0
SUCO DE UVAS CONCENTRADO,1991,7311205
OUTROS PRODUTOS COMERCIALIZADOS,1991,18701133
  Outros vinhos (sem informação detalhada),1991,0
"  Agrin (fermentado, acetico misto)",1991,0
  Aguardente de vinho 50°gl,1991,0
  Alcool vinico,1991,0
  Bagaceira (graspa),1991,149352
  Base champenoise champanha,1991,0
  Base charmat champanha,1991,0
  Base espumante moscatel,1991,0
  Bebida de uva,1991,0
  Borra líquida,1991,0
  Borra seca,1991,0
  Brandy (conhaque),1991,1627961
  Cooler,1991,3190379
  Coquetel com vinho,1991,0
  Destilado de vinho,1991,181500
  Filtrado doce,1991,8163189
  Jeropiga,1991,35880
  Mistelas,1991,0
  Mosto concentrado,1991,0
  Mosto de uva,1991,0
  Mosto sulfitado,1991,0
  Nectar de uva,1991,0
  Outros produtos,1991,0
  Polpa de uva,1991,0
  Preparado líquido para refresco,1991,0
  Refrigerante +50% suco,1991,0
  Sangria,1991,0
  Vinagre balsamico,1991,0
  Vinagre duplo,1991,0
  Vinagre simples,1991,544002
  Vinho acetificado,1991,0
  Vinho base para espumantes,1991,0
  Vinho composto,1991,3842243
  Vinho licoroso,1991,966627
  Vinho leve,1991,0
  Vinho gaseificado,1991,0
VINHO DE MESA,1992,180230431
  Tinto,1992,138190489
  Rosado,1992,12822511
  Branco,1992,29217431
VINHO  FINO DE MESA,1992,39537060
  Tinto,1992,10712402
  Rosado,1992,1130509
  Branco,1992,27694149
VINHO FRIZANTE,1992,161507
VINHO ORGÂNICO,1992,0
VINHO ESPECIAL,1992,882564
  Tinto,1992,217945
  Rosado,1992,304897
  Branco,1992,359722
ESPUMANTES ,1992,1846809
  Espumante  Moscatel,1992,0
  Espumante,1992,0
  Espumante Orgânico,1992,0
SUCO DE UVAS,1992,5699977
  Suco Natural Integral,1992,0
  Suco Adoçado,1992,0
  Suco Reprocessado/reconstituido,1992,0
  Suco Orgânico,1992,0
  Outros sucos de uvas,1992,0
SUCO DE UVAS CONCENTRADO,1992,10607336
OUTROS PRODUTOS COMERCIALIZADOS,1992,13669760
  Outros vinhos (sem informação detalhada),1992,0
"  Agrin (fermentado, acetico misto)",1992,0
  Aguardente de vinho 50°gl,1992,0
  Alcool vinico,1992,0
  Bagaceira (graspa),1992,38015
  Base champenoise champanha,1992,0
  Base charmat champanha,1992,0
  Base espumante moscatel,1992,0
  Bebida de uva,1992,0
  Borra líquida,1992,0
  Borra seca,1992,0
  Brandy (conhaque),1992,1488284
  Cooler,1992,1975289
  Coquetel com vinho,1992,0
  Destilado de vinho,1992,109142
  Filtrado doce,1992,7140569
  Jeropiga,1992,25440
  Mistelas,1992,91000
  Mosto concentrado,1992,0
  Mosto de uva,1992,0
  Mosto sulfitado,1992,0
  Nectar de uva,1992,0
  Outros produtos,1992,0
  Polpa de uva,1992,0
  Preparado líquido para refresco,1992,0
  Refrigerante +50% suco,1992,0
  Sangria,1992,0
  Vinagre balsamico,1992,0
  Vinagre duplo,1992,0
  Vinagre simples,1992,1614757
  Vinho acetificado,1992,0
  Vinho base para espumantes,1992,0
  Vinho composto,1992,375229
  Vinho licoroso,1992,812035
  Vinho leve,1992,0
  Vinho gaseificado,1992,0
VINHO DE MESA,1993,201168480
  Tinto,1993,157031022
  Rosado,1993,13767249
  Branco,1993,30370209
VINHO  FINO DE MESA,1993,49916112
  Tinto,1993,11988665
  Rosado,1993,1639949
  Branco,1993,36287498
VINHO FRIZANTE,1993,359420
VINHO ORGÂNICO,1993,0
VINHO ESPECIAL,1993,1849251
  Tinto,1993,542146
  Rosado,1993,243582
  Branco,1993,1063523
ESPUMANTES ,1993,2183871
  Espumante  Moscatel,1993,0
  Espumante,1993,0
  Espumante Orgânico,1993,0
SUCO DE UVAS,1993,7605488
  Suco Natural Integral,1993,0
  Suco Adoçado,1993,0
  Suco Reprocessado/reconstituido,1993,0
  Suco Orgânico,1993,0
  Outros sucos de uvas,1993,0
SUCO DE UVAS CONCENTRADO,1993,12178160
OUTROS PRODUTOS COMERCIALIZADOS,1993,17047905
  Outros vinhos (sem informação detalhada),1993,0
"  Agrin (fermentado, acetico misto)",1993,0
  Aguardente de vinho 50°gl,1993,0
  Alcool vinico,1993,0
  Bagaceira (graspa),1993,53928
  Base champenoise champanha,1993,0
  Base charmat champanha,1993,0
  Base espumante moscatel,1993,0
  Bebida de uva,1993,0
  Borra líquida,1993,0
  Borra seca,1993,0
  Brandy (conhaque),1993,1278706
  Cooler,1993,2756302
  Coquetel com vinho,1993,0
  Destilado de vinho,1993,71000
  Filtrado doce,1993,8373602
  Jeropiga,1993,25053
  Mistelas,1993,1229584
  Mosto concentrado,1993,42000
  Mosto de uva,1993,0
  Mosto sulfitado,1993,0
  Nectar de uva,1993,0
  Outros produtos,1993,0
  Polpa de uva,1993,0
  Preparado líquido para refresco,1993,0
  Refrigerante +50% suco,1993,0
  Sangria,1993,0
  Vinagre balsamico,1993,0
  Vinagre duplo,1993,0
  Vinagre simples,1993,1521123
  Vinho acetificado,1993,0
  Vinho base para espumantes,1993,0
  Vinho composto,1993,884622
  Vinho licoroso,1993,811985
  Vinho leve,1993,0
  Vinho gaseificado,1993,0
VINHO DE MESA,1994,180295366
  Tinto,1994,140192480
  Rosado,1994,13762956
  Branco,1994,26339930
VINHO  FINO DE MESA,1994,46541918
  Tinto,1994,13290842
  Rosado,1994,1631454
  Branco,1994,31619622
VINHO FRIZANTE,1994,183160
VINHO ORGÂNICO,1994,0
VINHO ESPECIAL,1994,1423645
  Tinto,1994,589529
  Rosado,1994,104886
  Branco,1994,729230
ESPUMANTES ,1994,2661540
  Espumante  Moscatel,1994,0
  Espumante,1994,0
  Espumante Orgânico,1994,0
SUCO DE UVAS,1994,6504949
  Suco Natural Integral,1994,0
  Suco Adoçado,1994,0
  Suco Reprocessado/reconstituido,1994,0
  Suco Orgânico,1994,0
  Outros sucos de uvas,1994,0
SUCO DE UVAS CONCENTRADO,1994,10005084
OUTROS PRODUTOS COMERCIALIZADOS,1994,21351477
  Outros vinhos (sem informação detalhada),1994,0
"  Agrin (fermentado, acetico misto)",1994,0
  Aguardente de vinho 50°gl,1994,0
  Alcool vinico,1994,0
  Bagaceira (graspa),1994,20016
  Base champenoise champanha,1994,0
  Base charmat champanha,1994,0
  Base espumante moscatel,1994,0
  Bebida de uva,1994,0
  Borra líquida,1994,0
  Borra seca,1994,0
  Brandy (conhaque),1994,1519307
  Cooler,1994,2798706
  Coquetel com vinho,1994,0
  Destilado de vinho,1994,236400
  Filtrado doce,1994,12190120
  Jeropiga,1994,36612
  Mistelas,1994,1968299
  Mosto concentrado,1994,0
  Mosto de uva,1994,0
  Mosto sulfitado,1994,0
  Nectar de uva,1994,0
  Outros produtos,1994,0
  Polpa de uva,1994,0
  Preparado líquido para refresco,1994,0
  Refrigerante +50% suco,1994,0
  Sangria,1994,0
  Vinagre balsamico,1994,0
  Vinagre duplo,1994,0
  Vinagre simples,1994,1287211
  Vinho acetificado,1994,0
  Vinho base para espumantes,1994,0
  Vinho composto,1994,559442
  Vinho licoroso,1994,735364
  Vinho leve,1994,0
  Vinho gaseificado,1994,0
VINHO DE MESA,1995,146583828
  Tinto,1995,108968350
  Rosado,1995,11653971
  Branco,1995,25961507
VINHO  FINO DE MESA,1995,40195501
  Tinto,1995,12299213
  Rosado,1995,1540910
  Branco,1995,26355378
VINHO FRIZANTE,1995,136526
VINHO ORGÂNICO,1995,0
VINHO ESPECIAL,1995,1396441
  Tinto,1995,628481
  Rosado,1995,86933
  Branco,1995,681027
ESPUMANTES ,1995,2276321
  Espumante  Moscatel,1995,0
  Espumante,1995,0
  Espumante Orgânico,1995,0
SUCO DE UVAS,1995,4865675
  Suco Natural Integral,1995,0
  Suco Adoçado,1995,0
  Suco Reprocessado/reconstituido,1995,0
  Suco Orgânico,1995,0
  Outros sucos de uvas,1995,0
SUCO DE UVAS CONCENTRADO,1995,11029248
OUTROS PRODUTOS COMERCIALIZADOS,1995,21348586
  Outros vinhos (sem informação detalhada),1995,0
"  Agrin (fermentado, acetico misto)",1995,0
  Aguardente de vinho 50°gl,1995,0
  Alcool vinico,1995,0
  Bagaceira (graspa),1995,39232
  Base champenoise champanha,1995,0
  Base charmat champanha,1995,0
  Base espumante moscatel,1995,0
  Bebida de uva,1995,0
  Borra líquida,1995,0
  Borra seca,1995,0
  Brandy (conhaque),1995,1846401
  Cooler,1995,2664342
  Coquetel com vinho,1995,0
  Destilado de vinho,1995,135045
  Filtrado doce,1995,11222169
  Jeropiga,1995,33024
  Mistelas,1995,986673
  Mosto concentrado,1995,54120
  Mosto de uva,1995,0
  Mosto sulfitado,1995,4982
  Nectar de uva,1995,0
  Outros produtos,1995,0
  Polpa de uva,1995,0
  Preparado líquido para refresco,1995,0
  Refrigerante +50% suco,1995,0
  Sangria,1995,0
  Vinagre balsamico,1995,0
  Vinagre duplo,1995,0
  Vinagre simples,1995,2921137
  Vinho acetificado,1995,0
  Vinho base para espumantes,1995,0
  Vinho composto,1995,645253
  Vinho licoroso,1995,796208
  Vinho leve,1995,0
  Vinho gaseificado,1995,0
VINHO DE MESA,1996,165831436
  Tinto,1996,122549540
  Rosado,1996,13374874
  Branco,1996,29907022
VINHO  FINO DE MESA,1996,43695771
  Tinto,1996,13540528
  Rosado,1996,1457704
  Branco,1996,28697539
VINHO FRIZANTE,1996,260638
VINHO ORGÂNICO,1996,0
VINHO ESPECIAL,1996,1261662
  Tinto,1996,264304
  Rosado,1996,70536
  Branco,1996,926822
ESPUMANTES ,1996,2154497
  Espumante  Moscatel,1996,0
  Espumante,1996,0
  Espumante Orgânico,1996,0
SUCO DE UVAS,1996,4495950
  Suco Natural Integral,1996,0
  Suco Adoçado,1996,0
  Suco Reprocessado/reconstituido,1996,0
  Suco Orgânico,1996,0
  Outros sucos de uvas,1996,0
SUCO DE UVAS CONCENTRADO,1996,11625777
OUTROS PRODUTOS COMERCIALIZADOS,1996,27574147
  Outros vinhos (sem informação detalhada),1996,0
"  Agrin (fermentado, acetico misto)",1996,0
  Aguardente de vinho 50°gl,1996,0
  Alcool vinico,1996,0
  Bagaceira (graspa),1996,46959
  Base champenoise champanha,1996,0
  Base charmat champanha,1996,0
  Base espumante moscatel,1996,0
  Bebida de uva,1996,0
  Borra líquida,1996,0
  Borra seca,1996,0
  Brandy (conhaque),1996,2331889
  Cooler,1996,3078523
  Coquetel com vinho,1996,0
  Destilado de vinho,1996,276355
  Filtrado doce,1996,8890818
  Jeropiga,1996,85560
  Mistelas,1996,906081
  Mosto concentrado,1996,55728
  Mosto de uva,1996,0
  Mosto sulfitado,1996,0
  Nectar de uva,1996,0
  Outros produtos,1996,0
  Polpa de uva,1996,0
  Preparado líquido para refresco,1996,0
  Refrigerante +50% suco,1996,0
  Sangria,1996,0
  Vinagre balsamico,1996,0
  Vinagre duplo,1996,0
  Vinagre simples,1996,3303855
  Vinho acetificado,1996,7224172
  Vinho base para espumantes,1996,0
  Vinho composto,1996,559501
  Vinho licoroso,1996,814706
  Vinho leve,1996,0
  Vinho gaseificado,1996,0
VINHO DE MESA,1997,174768638
  Tinto,1997,127693158
  Rosado,1997,13550872
  Branco,1997,33524608
VINHO  FINO DE MESA,1997,46442209
  Tinto,1997,18303579
  Rosado,1997,1997373
  Branco,1997,26141257
VINHO FRIZANTE,1997,221733
VINHO ORGÂNICO,1997,0
VINHO ESPECIAL,1997,790617
  Tinto,1997,136027
  Rosado,1997,145144
  Branco,1997,509446
ESPUMANTES ,1997,3054624
  Espumante  Moscatel,1997,19222
  Espumante,1997,3035402
  Espumante Orgânico,1997,0
SUCO DE UVAS,1997,4996959
  Suco Natural Integral,1997,0
  Suco Adoçado,1997,0
  Suco Reprocessado/reconstituido,1997,0
  Suco Orgânico,1997,0
  Outros sucos de uvas,1997,0
SUCO DE UVAS CONCENTRADO,1997,16724519
OUTROS PRODUTOS COMERCIALIZADOS,1997,31437414
  Outros vinhos (sem informação detalhada),1997,0
"  Agrin (fermentado, acetico misto)",1997,0
  Aguardente de vinho 50°gl,1997,0
  Alcool vinico,1997,0
  Bagaceira (graspa),1997,33549
  Base champenoise champanha,1997,0
  Base charmat champanha,1997,0
  Base espumante moscatel,1997,0
  Bebida de uva,1997,0
  Borra líquida,1997,0
  Borra seca,1997,0
  Brandy (conhaque),1997,2201034
  Cooler,1997,4571501
  Coquetel com vinho,1997,0
  Destilado de vinho,1997,368631
  Filtrado doce,1997,11400130
  Jeropiga,1997,78504
  Mistelas,1997,420127
  Mosto concentrado,1997,124870
  Mosto de uva,1997,0
  Mosto sulfitado,1997,0
  Nectar de uva,1997,0
  Outros produtos,1997,0
  Polpa de uva,1997,0
  Preparado líquido para refresco,1997,0
  Refrigerante +50% suco,1997,0
  Sangria,1997,0
  Vinagre balsamico,1997,0
  Vinagre duplo,1997,0
  Vinagre simples,1997,2472555
  Vinho acetificado,1997,8162500
  Vinho base para espumantes,1997,0
  Vinho composto,1997,847456
  Vinho licoroso,1997,756557
  Vinho leve,1997,0
  Vinho gaseificado,1997,0
VINHO DE MESA,1998,181576649
  Tinto,1998,133479291
  Rosado,1998,12980172
  Branco,1998,35117186
VINHO  FINO DE MESA,1998,32456318
  Tinto,1998,11925188
  Rosado,1998,1585687
  Branco,1998,18945443
VINHO FRIZANTE,1998,15370
VINHO ORGÂNICO,1998,0
VINHO ESPECIAL,1998,194075
  Tinto,1998,50870
  Rosado,1998,2074
  Branco,1998,141131
ESPUMANTES ,1998,3253174
  Espumante  Moscatel,1998,29712
  Espumante,1998,3223462
  Espumante Orgânico,1998,0
SUCO DE UVAS,1998,9025797
  Suco Natural Integral,1998,0
  Suco Adoçado,1998,0
  Suco Reprocessado/reconstituido,1998,0
  Suco Orgânico,1998,0
  Outros sucos de uvas,1998,0
SUCO DE UVAS CONCENTRADO,1998,13944137
OUTROS PRODUTOS COMERCIALIZADOS,1998,29935005
  Outros vinhos (sem informação detalhada),1998,0
"  Agrin (fermentado, acetico misto)",1998,0
  Aguardente de vinho 50°gl,1998,0
  Alcool vinico,1998,0
  Bagaceira (graspa),1998,14356
  Base champenoise champanha,1998,0
  Base charmat champanha,1998,0
  Base espumante moscatel,1998,0
  Bebida de uva,1998,0
  Borra líquida,1998,0
  Borra seca,1998,0
  Brandy (conhaque),1998,2441572
  Cooler,1998,5764233
  Coquetel com vinho,1998,0
  Destilado de vinho,1998,256061
  Filtrado doce,1998,11506197
  Jeropiga,1998,49339
  Mistelas,1998,108555
  Mosto concentrado,1998,0
  Mosto de uva,1998,0
  Mosto sulfitado,1998,0
  Nectar de uva,1998,0
  Outros produtos,1998,0
  Polpa de uva,1998,0
  Preparado líquido para refresco,1998,0
  Refrigerante +50% suco,1998,0
  Sangria,1998,0
  Vinagre balsamico,1998,0
  Vinagre duplo,1998,0
  Vinagre simples,1998,2394887
  Vinho acetificado,1998,4606230
  Vinho base para espumantes,1998,0
  Vinho composto,1998,1137668
  Vinho licoroso,1998,1655907
  Vinho leve,1998,0
  Vinho gaseificado,1998,0
VINHO DE MESA,1999,200578746
  Tinto,1999,150857434
  Rosado,1999,13221934
  Branco,1999,36499378
VINHO  FINO DE MESA,1999,37096571
  Tinto,1999,14706398
  Rosado,1999,1479987
  Branco,1999,20910186
VINHO FRIZANTE,1999,12861
VINHO ORGÂNICO,1999,0
VINHO ESPECIAL,1999,234696
  Tinto,1999,56589
  Rosado,1999,112392
  Branco,1999,65715
ESPUMANTES ,1999,5606536
  Espumante  Moscatel,1999,50670
  Espumante,1999,5555866
  Espumante Orgânico,1999,0
SUCO DE UVAS,1999,7778310
  Suco Natural Integral,1999,0
  Suco Adoçado,1999,0
  Suco Reprocessado/reconstituido,1999,0
  Suco Orgânico,1999,0
  Outros sucos de uvas,1999,0
SUCO DE UVAS CONCENTRADO,1999,16261806
OUTROS PRODUTOS COMERCIALIZADOS,1999,34388096
  Outros vinhos (sem informação detalhada),1999,0
"  Agrin (fermentado, acetico misto)",1999,0
  Aguardente de vinho 50°gl,1999,0
  Alcool vinico,1999,0
  Bagaceira (graspa),1999,5121
  Base champenoise champanha,1999,0
  Base charmat champanha,1999,0
  Base espumante moscatel,1999,0
  Bebida de uva,1999,0
  Borra líquida,1999,0
  Borra seca,1999,0
  Brandy (conhaque),1999,2480893
  Cooler,1999,9424282
  Coquetel com vinho,1999,0
  Destilado de vinho,1999,409640
  Filtrado doce,1999,14457195
  Jeropiga,1999,71800
  Mistelas,1999,27060
  Mosto concentrado,1999,0
  Mosto de uva,1999,0
  Mosto sulfitado,1999,88000
  Nectar de uva,1999,0
  Outros produtos,1999,0
  Polpa de uva,1999,0
  Preparado líquido para refresco,1999,0
  Refrigerante +50% suco,1999,0
  Sangria,1999,0
  Vinagre balsamico,1999,0
  Vinagre duplo,1999,0
  Vinagre simples,1999,2426530
  Vinho acetificado,1999,2784540
  Vinho base para espumantes,1999,0
  Vinho composto,1999,1199898
  Vinho licoroso,1999,1013137
  Vinho leve,1999,0
  Vinho gaseificado,1999,0
VINHO DE MESA,2000,221023603
  Tinto,2000,172183792
  Rosado,2000,9150927
  Branco,2000,39688884
VINHO  FINO DE MESA,2000,34195829
  Tinto,2000,15119076
  Rosado,2000,1021310
  Branco,2000,18055443
VINHO FRIZANTE,2000,2583
VINHO ORGÂNICO,2000,0
VINHO ESPECIAL,2000,249345
  Tinto,2000,177872
  Rosado,2000,0
  Branco,2000,71473
ESPUMANTES ,2000,4330795
  Espumante  Moscatel,2000,194723
  Espumante,2000,4136072
  Espumante Orgânico,2000,0
SUCO DE UVAS,2000,6847466
  Suco Natural Integral,2000,0
  Suco Adoçado,2000,0
  Suco Reprocessado/reconstituido,2000,0
  Suco Orgânico,2000,0
  Outros sucos de uvas,2000,0
SUCO DE UVAS CONCENTRADO,2000,15315971
OUTROS PRODUTOS COMERCIALIZADOS,2000,37168164
  Outros vinhos (sem informação detalhada),2000,0
"  Agrin (fermentado, acetico misto)",2000,0
  Aguardente de vinho 50°gl,2000,0
  Alcool vinico,2000,0
  Bagaceira (graspa),2000,8213
  Base champenoise champanha,2000,0
  Base charmat champanha,2000,0
  Base espumante moscatel,2000,0
  Bebida de uva,2000,0
  Borra líquida,2000,0
  Borra seca,2000,0
  Brandy (conhaque),2000,2035067
  Cooler,2000,10847415
  Coquetel com vinho,2000,0
  Destilado de vinho,2000,400579
  Filtrado doce,2000,11065803
  Jeropiga,2000,66197
  Mistelas,2000,0
  Mosto concentrado,2000,0
  Mosto de uva,2000,0
  Mosto sulfitado,2000,180900
  Nectar de uva,2000,0
  Outros produtos,2000,0
  Polpa de uva,2000,0
  Preparado líquido para refresco,2000,0
  Refrigerante +50% suco,2000,0
  Sangria,2000,0
  Vinagre balsamico,2000,0
  Vinagre duplo,2000,0
  Vinagre simples,2000,6654097
  Vinho acetificado,2000,3715390
  Vinho base para espumantes,2000,0
  Vinho composto,2000,1084344
  Vinho licoroso,2000,1110159
  Vinho leve,2000,0
  Vinho gaseificado,2000,0
VINHO DE MESA,2001,221518224
  Tinto,2001,176793696
  Rosado,2001,7283912
  Branco,2001,37440616
VINHO  FINO DE MESA,2001,28701658
  Tinto,2001,12112495
  Rosado,2001,790176
  Branco,2001,15798987
VINHO FRIZANTE,2001,0
VINHO ORGÂNICO,2001,0
VINHO ESPECIAL,2001,492272
  Tinto,2001,281260
  Rosado,2001,12833
  Branco,2001,198179
ESPUMANTES ,2001,4494015
  Espumante  Moscatel,2001,474162
  Espumante,2001,4019853
  Espumante Orgânico,2001,0
SUCO DE UVAS,2001,11498893
  Suco Natural Integral,2001,0
  Suco Adoçado,2001,0
  Suco Reprocessado/reconstituido,2001,0
  Suco Orgânico,2001,0
  Outros sucos de uvas,2001,0
SUCO DE UVAS CONCENTRADO,2001,14704091
OUTROS PRODUTOS COMERCIALIZADOS,2001,30853863
  Outros vinhos (sem informação detalhada),2001,0
"  Agrin (fermentado, acetico misto)",2001,0
  Aguardente de vinho 50°gl,2001,0
  Alcool vinico,2001,0
  Bagaceira (graspa),2001,13881
  Base champenoise champanha,2001,0
  Base charmat champanha,2001,0
  Base espumante moscatel,2001,0
  Bebida de uva,2001,0
  Borra líquida,2001,0
  Borra seca,2001,0
  Brandy (conhaque),2001,2018918
  Cooler,2001,10994658
  Coquetel com vinho,2001,0
  Destilado de vinho,2001,208570
  Filtrado doce,2001,10253296
  Jeropiga,2001,66824
  Mistelas,2001,6619
  Mosto concentrado,2001,0
  Mosto de uva,2001,0
  Mosto sulfitado,2001,369070
  Nectar de uva,2001,0
  Outros produtos,2001,0
  Polpa de uva,2001,0
  Preparado líquido para refresco,2001,0
  Refrigerante +50% suco,2001,0
  Sangria,2001,0
  Vinagre balsamico,2001,0
  Vinagre duplo,2001,0
  Vinagre simples,2001,1767848
  Vinho acetificado,2001,3920000
  Vinho base para espumantes,2001,0
  Vinho composto,2001,276791
  Vinho licoroso,2001,957388
  Vinho leve,2001,0
  Vinho gaseificado,2001,0
VINHO DE MESA,2002,227447392
  Tinto,2002,181274195
  Rosado,2002,8434812
  Branco,2002,37738385
VINHO  FINO DE MESA,2002,25438750
  Tinto,2002,12109658
  Rosado,2002,650263
  Branco,2002,12678829
VINHO FRIZANTE,2002,5003
VINHO ORGÂNICO,2002,0
VINHO ESPECIAL,2002,270364
  Tinto,2002,258412
  Rosado,2002,0
  Branco,2002,11952
ESPUMANTES ,2002,4267544
  Espumante  Moscatel,2002,525996
  Espumante,2002,3741548
  Espumante Orgânico,2002,0
SUCO DE UVAS,2002,9140897
  Suco Natural Integral,2002,0
  Suco Adoçado,2002,0
  Suco Reprocessado/reconstituido,2002,0
  Suco Orgânico,2002,0
  Outros sucos de uvas,2002,0
SUCO DE UVAS CONCENTRADO,2002,16499202
OUTROS PRODUTOS COMERCIALIZADOS,2002,29950775
  Outros vinhos (sem informação detalhada),2002,0
"  Agrin (fermentado, acetico misto)",2002,0
  Aguardente de vinho 50°gl,2002,0
  Alcool vinico,2002,0
  Bagaceira (graspa),2002,23901
  Base champenoise champanha,2002,0
  Base charmat champanha,2002,0
  Base espumante moscatel,2002,0
  Bebida de uva,2002,0
  Borra líquida,2002,0
  Borra seca,2002,0
  Brandy (conhaque),2002,2030651
  Cooler,2002,10423992
  Coquetel com vinho,2002,0
  Destilado de vinho,2002,169986
  Filtrado doce,2002,9105252
  Jeropiga,2002,5003
  Mistelas,2002,650136
  Mosto concentrado,2002,0
  Mosto de uva,2002,0
  Mosto sulfitado,2002,2080050
  Nectar de uva,2002,0
  Outros produtos,2002,0
  Polpa de uva,2002,0
  Preparado líquido para refresco,2002,0
  Refrigerante +50% suco,2002,0
  Sangria,2002,0
  Vinagre balsamico,2002,0
  Vinagre duplo,2002,0
  Vinagre simples,2002,1587601
  Vinho acetificado,2002,2947650
  Vinho base para espumantes,2002,0
  Vinho composto,2002,300
  Vinho licoroso,2002,926253
  Vinho leve,2002,0
  Vinho gaseificado,2002,0
VINHO DE MESA,2003,217082959
  Tinto,2003,179225328
  Rosado,2003,6945806
  Branco,2003,30911825
VINHO  FINO DE MESA,2003,23293171
  Tinto,2003,12559693
  Rosado,2003,579724
  Branco,2003,10153754
VINHO FRIZANTE,2003,5203
VINHO ORGÂNICO,2003,0
VINHO ESPECIAL,2003,205269
  Tinto,2003,87544
  Rosado,2003,0
  Branco,2003,117725
ESPUMANTES ,2003,4798284
  Espumante  Moscatel,2003,594044
  Espumante,2003,4204240
  Espumante Orgânico,2003,0
SUCO DE UVAS,2003,7496195
  Suco Natural Integral,2003,0
  Suco Adoçado,2003,0
  Suco Reprocessado/reconstituido,2003,0
  Suco Orgânico,2003,0
  Outros sucos de uvas,2003,0
SUCO DE UVAS CONCENTRADO,2003,15246651
OUTROS PRODUTOS COMERCIALIZADOS,2003,29636903
  Outros vinhos (sem informação detalhada),2003,0
"  Agrin (fermentado, acetico misto)",2003,0
  Aguardente de vinho 50°gl,2003,0
  Alcool vinico,2003,0
  Bagaceira (graspa),2003,28128
  Base champenoise champanha,2003,0
  Base charmat champanha,2003,0
  Base espumante moscatel,2003,0
  Bebida de uva,2003,1767072
  Borra líquida,2003,0
  Borra seca,2003,0
  Brandy (conhaque),2003,2729201
  Cooler,2003,7355796
  Coquetel com vinho,2003,0
  Destilado de vinho,2003,169245
  Filtrado doce,2003,7954174
  Jeropiga,2003,52987
  Mistelas,2003,10435
  Mosto concentrado,2003,0
  Mosto de uva,2003,0
  Mosto sulfitado,2003,0
  Nectar de uva,2003,1085422
  Outros produtos,2003,0
  Polpa de uva,2003,0
  Preparado líquido para refresco,2003,94231
  Refrigerante +50% suco,2003,0
  Sangria,2003,330576
  Vinagre balsamico,2003,0
  Vinagre duplo,2003,0
  Vinagre simples,2003,2272996
  Vinho acetificado,2003,4314150
  Vinho base para espumantes,2003,0
  Vinho composto,2003,582970
  Vinho licoroso,2003,889520
  Vinho leve,2003,0
  Vinho gaseificado,2003,0
VINHO DE MESA,2004,225021830
  Tinto,2004,186236086
  Rosado,2004,5478618
  Branco,2004,33307126
VINHO  FINO DE MESA,2004,19884366
  Tinto,2004,10859722
  Rosado,2004,390371
  Branco,2004,8634273
VINHO FRIZANTE,2004,17225
VINHO ORGÂNICO,2004,0
VINHO ESPECIAL,2004,66989
  Tinto,2004,51824
  Rosado,2004,0
  Branco,2004,15165
ESPUMANTES ,2004,5485441
  Espumante  Moscatel,2004,673332
  Espumante,2004,4812109
  Espumante Orgânico,2004,0
SUCO DE UVAS,2004,8805190
  Suco Natural Integral,2004,0
  Suco Adoçado,2004,0
  Suco Reprocessado/reconstituido,2004,0
  Suco Orgânico,2004,0
  Outros sucos de uvas,2004,0
SUCO DE UVAS CONCENTRADO,2004,19218964
OUTROS PRODUTOS COMERCIALIZADOS,2004,32261664
  Outros vinhos (sem informação detalhada),2004,0
"  Agrin (fermentado, acetico misto)",2004,7861278
  Aguardente de vinho 50°gl,2004,0
  Alcool vinico,2004,0
  Bagaceira (graspa),2004,31294
  Base champenoise champanha,2004,0
  Base charmat champanha,2004,0
  Base espumante moscatel,2004,0
  Bebida de uva,2004,2977407
  Borra líquida,2004,0
  Borra seca,2004,0
  Brandy (conhaque),2004,2505882
  Cooler,2004,6674776
  Coquetel com vinho,2004,1428500
  Destilado de vinho,2004,171335
  Filtrado doce,2004,8558393
  Jeropiga,2004,31123
  Mistelas,2004,3741
  Mosto concentrado,2004,0
  Mosto de uva,2004,717
  Mosto sulfitado,2004,0
  Nectar de uva,2004,451845
  Outros produtos,2004,1491
  Polpa de uva,2004,832399
  Preparado líquido para refresco,2004,91243
  Refrigerante +50% suco,2004,0
  Sangria,2004,1118654
  Vinagre balsamico,2004,7059
  Vinagre duplo,2004,277450
  Vinagre simples,2004,1659785
  Vinho acetificado,2004,3396380
  Vinho base para espumantes,2004,19456
  Vinho composto,2004,1251605
  Vinho licoroso,2004,771129
  Vinho leve,2004,0
  Vinho gaseificado,2004,0
VINHO DE MESA,2005,271248493
  Tinto,2005,227987458
  Rosado,2005,3562059
  Branco,2005,39698976
VINHO  FINO DE MESA,2005,22306004
  Tinto,2005,13335767
  Rosado,2005,472971
  Branco,2005,8497266
VINHO FRIZANTE,2005,111666
VINHO ORGÂNICO,2005,0
VINHO ESPECIAL,2005,285994
  Tinto,2005,278339
  Rosado,2005,0
  Branco,2005,7655
ESPUMANTES ,2005,6776672
  Espumante  Moscatel,2005,1071448
  Espumante,2005,5705224
  Espumante Orgânico,2005,0
SUCO DE UVAS,2005,14675316
  Suco Natural Integral,2005,0
  Suco Adoçado,2005,0
  Suco Reprocessado/reconstituido,2005,0
  Suco Orgânico,2005,0
  Outros sucos de uvas,2005,0
SUCO DE UVAS CONCENTRADO,2005,23221898
OUTROS PRODUTOS COMERCIALIZADOS,2005,32226420
  Outros vinhos (sem informação detalhada),2005,0
"  Agrin (fermentado, acetico misto)",2005,7419736
  Aguardente de vinho 50°gl,2005,0
  Alcool vinico,2005,0
  Bagaceira (graspa),2005,31048
  Base champenoise champanha,2005,0
  Base charmat champanha,2005,0
  Base espumante moscatel,2005,0
  Bebida de uva,2005,4533973
  Borra líquida,2005,0
  Borra seca,2005,0
  Brandy (conhaque),2005,2074381
  Cooler,2005,6005392
  Coquetel com vinho,2005,1286524
  Destilado de vinho,2005,167878
  Filtrado doce,2005,7990925
  Jeropiga,2005,23553
  Mistelas,2005,5009
  Mosto concentrado,2005,0
  Mosto de uva,2005,233420
  Mosto sulfitado,2005,0
  Nectar de uva,2005,362230
  Outros produtos,2005,1579563
  Polpa de uva,2005,940619
  Preparado líquido para refresco,2005,126667
  Refrigerante +50% suco,2005,0
  Sangria,2005,1142453
  Vinagre balsamico,2005,9338
  Vinagre duplo,2005,93100
  Vinagre simples,2005,1785401
  Vinho acetificado,2005,1959030
  Vinho base para espumantes,2005,30000
  Vinho composto,2005,1104777
  Vinho licoroso,2005,741139
  Vinho leve,2005,0
  Vinho gaseificado,2005,0
VINHO DE MESA,2006,245625614
  Tinto,2006,209438207
  Rosado,2006,3071382
  Branco,2006,33116025
VINHO  FINO DE MESA,2006,22767358
  Tinto,2006,13920655
  Rosado,2006,307189
  Branco,2006,8539514
VINHO FRIZANTE,2006,258248
VINHO ORGÂNICO,2006,0
VINHO ESPECIAL,2006,172176
  Tinto,2006,171361
  Rosado,2006,0
  Branco,2006,815
ESPUMANTES ,2006,7728838
  Espumante  Moscatel,2006,1320959
  Espumante,2006,6407879
  Espumante Orgânico,2006,0
SUCO DE UVAS,2006,15640857
  Suco Natural Integral,2006,0
  Suco Adoçado,2006,0
  Suco Reprocessado/reconstituido,2006,0
  Suco Orgânico,2006,0
  Outros sucos de uvas,2006,0
SUCO DE UVAS CONCENTRADO,2006,23228388
OUTROS PRODUTOS COMERCIALIZADOS,2006,27088994
  Outros vinhos (sem informação detalhada),2006,0
"  Agrin (fermentado, acetico misto)",2006,7677906
  Aguardente de vinho 50°gl,2006,0
  Alcool vinico,2006,0
  Bagaceira (graspa),2006,29939
  Base champenoise champanha,2006,0
  Base charmat champanha,2006,0
  Base espumante moscatel,2006,0
  Bebida de uva,2006,5097873
  Borra líquida,2006,0
  Borra seca,2006,0
  Brandy (conhaque),2006,5500
  Cooler,2006,5067810
  Coquetel com vinho,2006,932979
  Destilado de vinho,2006,194434
  Filtrado doce,2006,7820382
  Jeropiga,2006,46926
  Mistelas,2006,4500
  Mosto concentrado,2006,0
  Mosto de uva,2006,7740
  Mosto sulfitado,2006,0
  Nectar de uva,2006,358963
  Outros produtos,2006,5934
  Polpa de uva,2006,987828
  Preparado líquido para refresco,2006,632074
  Refrigerante +50% suco,2006,0
  Sangria,2006,1208403
  Vinagre balsamico,2006,9344
  Vinagre duplo,2006,125312
  Vinagre simples,2006,2088195
  Vinho acetificado,2006,892770
  Vinho base para espumantes,2006,68
  Vinho composto,2006,844292
  Vinho licoroso,2006,727728
  Vinho leve,2006,0
  Vinho gaseificado,2006,0
VINHO DE MESA,2007,226710045
  Tinto,2007,190526781
  Rosado,2007,2252558
  Branco,2007,29122090
VINHO  FINO DE MESA,2007,21485699
  Tinto,2007,13872339
  Rosado,2007,416285
  Branco,2007,7197075
VINHO FRIZANTE,2007,250114
VINHO ORGÂNICO,2007,0
VINHO ESPECIAL,2007,106333
  Tinto,2007,106333
  Rosado,2007,0
  Branco,2007,0
ESPUMANTES ,2007,8596406
  Espumante  Moscatel,2007,1585203
  Espumante,2007,7011203
  Espumante Orgânico,2007,0
SUCO DE UVAS,2007,18514411
  Suco Natural Integral,2007,0
  Suco Adoçado,2007,0
  Suco Reprocessado/reconstituido,2007,0
  Suco Orgânico,2007,0
  Outros sucos de uvas,2007,0
SUCO DE UVAS CONCENTRADO,2007,25603588
OUTROS PRODUTOS COMERCIALIZADOS,2007,27833872
  Outros vinhos (sem informação detalhada),2007,0
"  Agrin (fermentado, acetico misto)",2007,7188135
  Aguardente de vinho 50°gl,2007,0
  Alcool vinico,2007,0
  Bagaceira (graspa),2007,21186
  Base champenoise champanha,2007,0
  Base charmat champanha,2007,0
  Base espumante moscatel,2007,0
  Bebida de uva,2007,5369833
  Borra líquida,2007,0
  Borra seca,2007,24543
  Brandy (conhaque),2007,5929
  Cooler,2007,5008953
  Coquetel com vinho,2007,798624
  Destilado de vinho,2007,139410
  Filtrado doce,2007,7586058
  Jeropiga,2007,19926
  Mistelas,2007,3430
  Mosto concentrado,2007,0
  Mosto de uva,2007,2000
  Mosto sulfitado,2007,0
  Nectar de uva,2007,541685
  Outros produtos,2007,597586
  Polpa de uva,2007,1177805
  Preparado líquido para refresco,2007,753842
  Refrigerante +50% suco,2007,0
  Sangria,2007,541088
  Vinagre balsamico,2007,17384
  Vinagre duplo,2007,479747
  Vinagre simples,2007,2338035
  Vinho acetificado,2007,921000
  Vinho base para espumantes,2007,0
  Vinho composto,2007,898156
  Vinho licoroso,2007,587652
  Vinho leve,2007,0
  Vinho gaseificado,2007,0
VINHO DE MESA,2008,200488612
  Tinto,2008,172020779
  Rosado,2008,1840779
  Branco,2008,26627054
VINHO  FINO DE MESA,2008,23167738
  Tinto,2008,13920224
  Rosado,2008,313513
  Branco,2008,8934001
VINHO FRIZANTE,2008,441691
VINHO ORGÂNICO,2008,0
VINHO ESPECIAL,2008,65
  Tinto,2008,65
  Rosado,2008,0
  Branco,2008,0
ESPUMANTES ,2008,9539610
  Espumante  Moscatel,2008,1905395
  Espumante,2008,7634215
  Espumante Orgânico,2008,0
SUCO DE UVAS,2008,21568032
  Suco Natural Integral,2008,0
  Suco Adoçado,2008,0
  Suco Reprocessado/reconstituido,2008,0
  Suco Orgânico,2008,0
  Outros sucos de uvas,2008,0
SUCO DE UVAS CONCENTRADO,2008,27880465
OUTROS PRODUTOS COMERCIALIZADOS,2008,28697650
  Outros vinhos (sem informação detalhada),2008,0
"  Agrin (fermentado, acetico misto)",2008,7268443
  Aguardente de vinho 50°gl,2008,0
  Alcool vinico,2008,0
  Bagaceira (graspa),2008,23195
  Base champenoise champanha,2008,69800
  Base charmat champanha,2008,56
  Base espumante moscatel,2008,12794
  Bebida de uva,2008,3888187
  Borra líquida,2008,0
  Borra seca,2008,18640
  Brandy (conhaque),2008,6606
  Cooler,2008,4367404
  Coquetel com vinho,2008,791532
  Destilado de vinho,2008,32281
  Filtrado doce,2008,7551842
  Jeropiga,2008,10796
  Mistelas,2008,3340
  Mosto concentrado,2008,0
  Mosto de uva,2008,0
  Mosto sulfitado,2008,0
  Nectar de uva,2008,2019104
  Outros produtos,2008,743367
  Polpa de uva,2008,1316846
  Preparado líquido para refresco,2008,694816
  Refrigerante +50% suco,2008,0
  Sangria,2008,455704
  Vinagre balsamico,2008,20395
  Vinagre duplo,2008,687430
  Vinagre simples,2008,2813447
  Vinho acetificado,2008,1547161
  Vinho base para espumantes,2008,0
  Vinho composto,2008,1065845
  Vinho licoroso,2008,557062
  Vinho leve,2008,0
  Vinho gaseificado,2008,0
VINHO DE MESA,2009,234525979
  Tinto,2009,193004182
  Rosado,2009,2307580
  Branco,2009,39214217
VINHO  FINO DE MESA,2009,33080270
  Tinto,2009,19576295
  Rosado,2009,213835
  Branco,2009,13290140
VINHO FRIZANTE,2009,1003596
VINHO ORGÂNICO,2009,0
VINHO ESPECIAL,2009,113
  Tinto,2009,113
  Rosado,2009,0
  Branco,2009,0
ESPUMANTES ,2009,11242890
  Espumante  Moscatel,2009,2500230
  Espumante,2009,8742660
  Espumante Orgânico,2009,0
SUCO DE UVAS,2009,29131455
  Suco Natural Integral,2009,0
  Suco Adoçado,2009,0
  Suco Reprocessado/reconstituido,2009,0
  Suco Orgânico,2009,0
  Outros sucos de uvas,2009,0
SUCO DE UVAS CONCENTRADO,2009,31861857
OUTROS PRODUTOS COMERCIALIZADOS,2009,26554757
  Outros vinhos (sem informação detalhada),2009,0
"  Agrin (fermentado, acetico misto)",2009,6745427
  Aguardente de vinho 50°gl,2009,0
  Alcool vinico,2009,0
  Bagaceira (graspa),2009,21133
  Base champenoise champanha,2009,0
  Base charmat champanha,2009,0
  Base espumante moscatel,2009,0
  Bebida de uva,2009,1279586
  Borra líquida,2009,12000
  Borra seca,2009,0
  Brandy (conhaque),2009,7151
  Cooler,2009,4561959
  Coquetel com vinho,2009,1354734
  Destilado de vinho,2009,100
  Filtrado doce,2009,6533888
  Jeropiga,2009,14443
  Mistelas,2009,7034
  Mosto concentrado,2009,0
  Mosto de uva,2009,0
  Mosto sulfitado,2009,0
  Nectar de uva,2009,4933019
  Outros produtos,2009,418132
  Polpa de uva,2009,1339958
  Preparado líquido para refresco,2009,467005
  Refrigerante +50% suco,2009,0
  Sangria,2009,192082
  Vinagre balsamico,2009,36937
  Vinagre duplo,2009,426804
  Vinagre simples,2009,2996318
  Vinho acetificado,2009,808389
  Vinho base para espumantes,2009,10649
  Vinho composto,2009,542123
  Vinho licoroso,2009,591313
  Vinho leve,2009,0
  Vinho gaseificado,2009,0
VINHO DE MESA,2010,221242945
  Tinto,2010,188649074
  Rosado,2010,2036928
  Branco,2010,30556943
VINHO  FINO DE MESA,2010,21390159
  Tinto,2010,15184398
  Rosado,2010,236802
  Branco,2010,5968959
VINHO FRIZANTE,2010,1851136
VINHO ORGÂNICO,2010,0
VINHO ESPECIAL,2010,293
  Tinto,2010,293
  Rosado,2010,0
  Branco,2010,0
ESPUMANTES ,2010,12647906
  Espumante  Moscatel,2010,2946179
  Espumante,2010,9701727
  Espumante Orgânico,2010,0
SUCO DE UVAS,2010,35164681
  Suco Natural Integral,2010,0
  Suco Adoçado,2010,0
  Suco Reprocessado/reconstituido,2010,0
  Suco Orgânico,2010,0
  Outros sucos de uvas,2010,0
SUCO DE UVAS CONCENTRADO,2010,30827991
OUTROS PRODUTOS COMERCIALIZADOS,2010,29023870
  Outros vinhos (sem informação detalhada),2010,0
"  Agrin (fermentado, acetico misto)",2010,6852708
  Aguardente de vinho 50°gl,2010,0
  Alcool vinico,2010,0
  Bagaceira (graspa),2010,16413
  Base champenoise champanha,2010,11
  Base charmat champanha,2010,42847
  Base espumante moscatel,2010,18418
  Bebida de uva,2010,763368
  Borra líquida,2010,13000
  Borra seca,2010,46000
  Brandy (conhaque),2010,6448
  Cooler,2010,4674272
  Coquetel com vinho,2010,977962
  Destilado de vinho,2010,31814
  Filtrado doce,2010,6611313
  Jeropiga,2010,37310
  Mistelas,2010,26577
  Mosto concentrado,2010,0
  Mosto de uva,2010,12438
  Mosto sulfitado,2010,0
  Nectar de uva,2010,5397459
  Outros produtos,2010,284824
  Polpa de uva,2010,2774322
  Preparado líquido para refresco,2010,377010
  Refrigerante +50% suco,2010,0
  Sangria,2010,172214
  Vinagre balsamico,2010,67502
  Vinagre duplo,2010,912242
  Vinagre simples,2010,3336175
  Vinho acetificado,2010,1123858
  Vinho base para espumantes,2010,0
  Vinho composto,2010,661586
  Vinho licoroso,2010,638487
  Vinho leve,2010,0
  Vinho gaseificado,2010,0
VINHO DE MESA,2011,230310468
  Tinto,2011,196562722
  Rosado,2011,1668823
  Branco,2011,32078923
VINHO  FINO DE MESA,2011,19967310
  Tinto,2011,14876896
  Rosado,2011,211484
  Branco,2011,4878930
VINHO FRIZANTE,2011,1706679
VINHO ORGÂNICO,2011,0
VINHO ESPECIAL,2011,699
  Tinto,2011,699
  Rosado,2011,0
  Branco,2011,0
ESPUMANTES ,2011,13305275
  Espumante  Moscatel,2011,2996441
  Espumante,2011,10308834
  Espumante Orgânico,2011,0
SUCO DE UVAS,2011,45222136
  Suco Natural Integral,2011,0
  Suco Adoçado,2011,0
  Suco Reprocessado/reconstituido,2011,0
  Suco Orgânico,2011,0
  Outros sucos de uvas,2011,0
SUCO DE UVAS CONCENTRADO,2011,34892316
OUTROS PRODUTOS COMERCIALIZADOS,2011,28783827
  Outros vinhos (sem informação detalhada),2011,0
"  Agrin (fermentado, acetico misto)",2011,5997697
  Aguardente de vinho 50°gl,2011,0
  Alcool vinico,2011,0
  Bagaceira (graspa),2011,18111
  Base champenoise champanha,2011,41134
  Base charmat champanha,2011,66220
  Base espumante moscatel,2011,22162
  Bebida de uva,2011,532821
  Borra líquida,2011,22016
  Borra seca,2011,73006
  Brandy (conhaque),2011,5640
  Cooler,2011,4684087
  Coquetel com vinho,2011,805235
  Destilado de vinho,2011,90364
  Filtrado doce,2011,7001836
  Jeropiga,2011,57887
  Mistelas,2011,983
  Mosto concentrado,2011,0
  Mosto de uva,2011,291399
  Mosto sulfitado,2011,0
  Nectar de uva,2011,5703340
  Outros produtos,2011,385029
  Polpa de uva,2011,1875782
  Preparado líquido para refresco,2011,367193
  Refrigerante +50% suco,2011,0
  Sangria,2011,158868
  Vinagre balsamico,2011,78540
  Vinagre duplo,2011,875720
  Vinagre simples,2011,3386303
  Vinho acetificado,2011,983700
  Vinho base para espumantes,2011,0
  Vinho composto,2011,662965
  Vinho licoroso,2011,593486
  Vinho leve,2011,0
  Vinho gaseificado,2011,0
VINHO DE MESA,2012,206969571
  Tinto,2012,173964776
  Rosado,2012,1738134
  Branco,2012,31266661
VINHO  FINO DE MESA,2012,22469950
  Tinto,2012,15443016
  Rosado,2012,150806
  Branco,2012,6876128
VINHO FRIZANTE,2012,1605767
VINHO ORGÂNICO,2012,0
VINHO ESPECIAL,2012,239
  Tinto,2012,239
  Rosado,2012,0
  Branco,2012,0
ESPUMANTES ,2012,14889147
  Espumante  Moscatel,2012,3610289
  Espumante,2012,11278858
  Espumante Orgânico,2012,0
SUCO DE UVAS,2012,53832204
  Suco Natural Integral,2012,0
  Suco Adoçado,2012,0
  Suco Reprocessado/reconstituido,2012,0
  Suco Orgânico,2012,0
  Outros sucos de uvas,2012,0
SUCO DE UVAS CONCENTRADO,2012,33529324
OUTROS PRODUTOS COMERCIALIZADOS,2012,30316511
  Outros vinhos (sem informação detalhada),2012,0
"  Agrin (fermentado, acetico misto)",2012,5311258
  Aguardente de vinho 50°gl,2012,0
  Alcool vinico,2012,0
  Bagaceira (graspa),2012,14710
  Base champenoise champanha,2012,42671
  Base charmat champanha,2012,46518
  Base espumante moscatel,2012,25921
  Bebida de uva,2012,261223
  Borra líquida,2012,21980
  Borra seca,2012,89000
  Brandy (conhaque),2012,5495
  Cooler,2012,4258333
  Coquetel com vinho,2012,907199
  Destilado de vinho,2012,30000
  Filtrado doce,2012,7108554
  Jeropiga,2012,55050
  Mistelas,2012,5097
  Mosto concentrado,2012,0
  Mosto de uva,2012,29304
  Mosto sulfitado,2012,0
  Nectar de uva,2012,5644055
  Outros produtos,2012,484205
  Polpa de uva,2012,1995839
  Preparado líquido para refresco,2012,613313
  Refrigerante +50% suco,2012,0
  Sangria,2012,73590
  Vinagre balsamico,2012,102259
  Vinagre duplo,2012,1208132
  Vinagre simples,2012,4027358
  Vinho acetificado,2012,2110450
  Vinho base para espumantes,2012,0
  Vinho composto,2012,510914
  Vinho licoroso,2012,645341
  Vinho leve,2012,0
  Vinho gaseificado,2012,0
VINHO DE MESA,2013,221590810
  Tinto,2013,188033494
  Rosado,2013,1777648
  Branco,2013,31779668
VINHO  FINO DE MESA,2013,27912934
  Tinto,2013,19121750
  Rosado,2013,214269
  Branco,2013,8576915
VINHO FRIZANTE,2013,1764851
VINHO ORGÂNICO,2013,0
VINHO ESPECIAL,2013,2257
  Tinto,2013,2257
  Rosado,2013,0
  Branco,2013,0
ESPUMANTES ,2013,15978504
  Espumante  Moscatel,2013,3783531
  Espumante,2013,12194973
  Espumante Orgânico,2013,0
SUCO DE UVAS,2013,75973297
  Suco Natural Integral,2013,0
  Suco Adoçado,2013,0
  Suco Reprocessado/reconstituido,2013,0
  Suco Orgânico,2013,0
  Outros sucos de uvas,2013,0
SUCO DE UVAS CONCENTRADO,2013,38369914
OUTROS PRODUTOS COMERCIALIZADOS,2013,36841561
  Outros vinhos (sem informação detalhada),2013,0
"  Agrin (fermentado, acetico misto)",2013,56936
  Aguardente de vinho 50°gl,2013,0
  Alcool vinico,2013,0
  Bagaceira (graspa),2013,17075
  Base champenoise champanha,2013,27078
  Base charmat champanha,2013,97260
  Base espumante moscatel,2013,26483
  Bebida de uva,2013,291188
  Borra líquida,2013,22000
  Borra seca,2013,62825
  Brandy (conhaque),2013,6276
  Cooler,2013,4028017
  Coquetel com vinho,2013,806955
  Destilado de vinho,2013,24838
  Filtrado doce,2013,6685648
  Jeropiga,2013,94860
  Mistelas,2013,1655
  Mosto concentrado,2013,0
  Mosto de uva,2013,325562
  Mosto sulfitado,2013,0
  Nectar de uva,2013,5347775
  Outros produtos,2013,529274
  Polpa de uva,2013,1981851
  Preparado líquido para refresco,2013,623481
  Refrigerante +50% suco,2013,0
  Sangria,2013,76039
  Vinagre balsamico,2013,122749
  Vinagre duplo,2013,3233270
  Vinagre simples,2013,8049936
  Vinho acetificado,2013,3154800
  Vinho base para espumantes,2013,0
  Vinho composto,2013,595513
  Vinho licoroso,2013,609153
  Vinho leve,2013,0
  Vinho gaseificado,2013,0
VINHO DE MESA,2014,206404427
  Tinto,2014,178250072
  Rosado,2014,1419855
  Branco,2014,26734500
VINHO  FINO DE MESA,2014,20424983
  Tinto,2014,15354938
  Rosado,2014,164219
  Branco,2014,4905826
VINHO FRIZANTE,2014,1893469
VINHO ORGÂNICO,2014,0
VINHO ESPECIAL,2014,7231
  Tinto,2014,7231
  Rosado,2014,0
  Branco,2014,0
ESPUMANTES ,2014,17191075
  Espumante  Moscatel,2014,4588465
  Espumante,2014,12602610
  Espumante Orgânico,2014,0
SUCO DE UVAS,2014,88013377
  Suco Natural Integral,2014,0
  Suco Adoçado,2014,0
  Suco Reprocessado/reconstituido,2014,0
  Suco Orgânico,2014,0
  Outros sucos de uvas,2014,0
SUCO DE UVAS CONCENTRADO,2014,39359935
OUTROS PRODUTOS COMERCIALIZADOS,2014,34963296
  Outros vinhos (sem informação detalhada),2014,0
"  Agrin (fermentado, acetico misto)",2014,0
  Aguardente de vinho 50°gl,2014,0
  Alcool vinico,2014,0
  Bagaceira (graspa),2014,14472
  Base champenoise champanha,2014,46476
  Base charmat champanha,2014,75067
  Base espumante moscatel,2014,37395
  Bebida de uva,2014,70999
  Borra líquida,2014,33381
  Borra seca,2014,106400
  Brandy (conhaque),2014,6625
  Cooler,2014,4045218
  Coquetel com vinho,2014,736496
  Destilado de vinho,2014,150
  Filtrado doce,2014,6267047
  Jeropiga,2014,64937
  Mistelas,2014,948
  Mosto concentrado,2014,0
  Mosto de uva,2014,1818425
  Mosto sulfitado,2014,0
  Nectar de uva,2014,3488907
  Outros produtos,2014,639191
  Polpa de uva,2014,2358125
  Preparado líquido para refresco,2014,259320
  Refrigerante +50% suco,2014,0
  Sangria,2014,86279
  Vinagre balsamico,2014,124379
  Vinagre duplo,2014,969702
  Vinagre simples,2014,8180657
  Vinho acetificado,2014,4465675
  Vinho base para espumantes,2014,0
  Vinho composto,2014,450121
  Vinho licoroso,2014,616904
  Vinho leve,2014,0
  Vinho gaseificado,2014,0
VINHO DE MESA,2015,209198468
  Tinto,2015,182028785
  Rosado,2015,1409002
  Branco,2015,25760681
VINHO  FINO DE MESA,2015,20141631
  Tinto,2015,15572632
  Rosado,2015,169185
  Branco,2015,4399814
VINHO FRIZANTE,2015,1836167
VINHO ORGÂNICO,2015,0
VINHO ESPECIAL,2015,593
  Tinto,2015,593
  Rosado,2015,0
  Branco,2015,0
ESPUMANTES ,2015,18897144
  Espumante  Moscatel,2015,5010704
  Espumante,2015,13886440
  Espumante Orgânico,2015,0
SUCO DE UVAS,2015,115288072
  Suco Natural Integral,2015,0
  Suco Adoçado,2015,0
  Suco Reprocessado/reconstituido,2015,0
  Suco Orgânico,2015,0
  Outros sucos de uvas,2015,0
SUCO DE UVAS CONCENTRADO,2015,34923477
OUTROS PRODUTOS COMERCIALIZADOS,2015,31922948
  Outros vinhos (sem informação detalhada),2015,0
"  Agrin (fermentado, acetico misto)",2015,0
  Aguardente de vinho 50°gl,2015,5
  Alcool vinico,2015,0
  Bagaceira (graspa),2015,16268
  Base champenoise champanha,2015,72774
  Base charmat champanha,2015,117404
  Base espumante moscatel,2015,77054
  Bebida de uva,2015,2801
  Borra líquida,2015,24091
  Borra seca,2015,128754
  Brandy (conhaque),2015,8118
  Cooler,2015,3297202
  Coquetel com vinho,2015,611787
  Destilado de vinho,2015,0
  Filtrado doce,2015,6001714
  Jeropiga,2015,58860
  Mistelas,2015,1144
  Mosto concentrado,2015,0
  Mosto de uva,2015,335966
  Mosto sulfitado,2015,0
  Nectar de uva,2015,3959884
  Outros produtos,2015,660042
  Polpa de uva,2015,2500025
  Preparado líquido para refresco,2015,160245
  Refrigerante +50% suco,2015,0
  Sangria,2015,131599
  Vinagre balsamico,2015,120677
  Vinagre duplo,2015,1164527
  Vinagre simples,2015,8188031
  Vinho acetificado,2015,3359266
  Vinho base para espumantes,2015,0
  Vinho composto,2015,413735
  Vinho licoroso,2015,510975
  Vinho leve,2015,0
  Vinho gaseificado,2015,0
VINHO DE MESA,2016,166769622
  Tinto,2016,146646365
  Rosado,2016,1391942
  Branco,2016,18731315
VINHO  FINO DE MESA,2016,19630158
  Tinto,2016,15228514
  Rosado,2016,172351
  Branco,2016,4229293
VINHO FRIZANTE,2016,1727386
VINHO ORGÂNICO,2016,0
VINHO ESPECIAL,2016,331
  Tinto,2016,331
  Rosado,2016,0
  Branco,2016,0
ESPUMANTES ,2016,16945710
  Espumante  Moscatel,2016,4507467
  Espumante,2016,12438243
  Espumante Orgânico,2016,0
SUCO DE UVAS,2016,92290851
  Suco Natural Integral,2016,0
  Suco Adoçado,2016,0
  Suco Reprocessado/reconstituido,2016,0
  Suco Orgânico,2016,0
  Outros sucos de uvas,2016,0
SUCO DE UVAS CONCENTRADO,2016,28859784
OUTROS PRODUTOS COMERCIALIZADOS,2016,27120309
  Outros vinhos (sem informação detalhada),2016,0
"  Agrin (fermentado, acetico misto)",2016,0
  Aguardente de vinho 50°gl,2016,0
  Alcool vinico,2016,6315
  Bagaceira (graspa),2016,9301
  Base champenoise champanha,2016,74805
  Base charmat champanha,2016,122356
  Base espumante moscatel,2016,131739
  Bebida de uva,2016,1483
  Borra líquida,2016,15000
  Borra seca,2016,57292
  Brandy (conhaque),2016,8253
  Cooler,2016,2450732
  Coquetel com vinho,2016,506532
  Destilado de vinho,2016,6700
  Filtrado doce,2016,4225414
  Jeropiga,2016,14429
  Mistelas,2016,835
  Mosto concentrado,2016,0
  Mosto de uva,2016,9458
  Mosto sulfitado,2016,0
  Nectar de uva,2016,3288046
  Outros produtos,2016,763041
  Polpa de uva,2016,1924093
  Preparado líquido para refresco,2016,33684
  Refrigerante +50% suco,2016,0
  Sangria,2016,77070
  Vinagre balsamico,2016,101991
  Vinagre duplo,2016,1083539
  Vinagre simples,2016,8186761
  Vinho acetificado,2016,3097566
  Vinho base para espumantes,2016,0
  Vinho composto,2016,377685
  Vinho licoroso,2016,546189
  Vinho leve,2016,0
  Vinho gaseificado,2016,0
VINHO DE MESA,2017,176059959
  Tinto,2017,154309442
  Rosado,2017,1097426
  Branco,2017,20653091
VINHO  FINO DE MESA,2017,15874354
  Tinto,2017,12021684
  Rosado,2017,182080
  Branco,2017,3670590
VINHO FRIZANTE,2017,1586985
VINHO ORGÂNICO,2017,0
VINHO ESPECIAL,2017,0
  Tinto,2017,0
  Rosado,2017,0
  Branco,2017,0
ESPUMANTES ,2017,17583283
  Espumante  Moscatel,2017,5561181
  Espumante,2017,12022102
  Espumante Orgânico,2017,0
SUCO DE UVAS,2017,107243326
  Suco Natural Integral,2017,0
  Suco Adoçado,2017,0
  Suco Reprocessado/reconstituido,2017,0
  Suco Orgânico,2017,0
  Outros sucos de uvas,2017,0
SUCO DE UVAS CONCENTRADO,2017,26815645
OUTROS PRODUTOS COMERCIALIZADOS,2017,28027052
  Outros vinhos (sem informação detalhada),2017,0
"  Agrin (fermentado, acetico misto)",2017,0
  Aguardente de vinho 50°gl,2017,0
  Alcool vinico,2017,49662
  Bagaceira (graspa),2017,9257
  Base champenoise champanha,2017,48866
  Base charmat champanha,2017,298836
  Base espumante moscatel,2017,139070
  Bebida de uva,2017,10297
  Borra líquida,2017,20795
  Borra seca,2017,4970
  Brandy (conhaque),2017,5089
  Cooler,2017,2471612
  Coquetel com vinho,2017,418433
  Destilado de vinho,2017,0
  Filtrado doce,2017,4208753
  Jeropiga,2017,508
  Mistelas,2017,1194
  Mosto concentrado,2017,0
  Mosto de uva,2017,63971
  Mosto sulfitado,2017,0
  Nectar de uva,2017,4727294
  Outros produtos,2017,1082923
  Polpa de uva,2017,1876212
  Preparado líquido para refresco,2017,30519
  Refrigerante +50% suco,2017,0
  Sangria,2017,62272
  Vinagre balsamico,2017,81944
  Vinagre duplo,2017,975992
  Vinagre simples,2017,7686691
  Vinho acetificado,2017,2769202
  Vinho base para espumantes,2017,0
  Vinho composto,2017,485944
  Vinho licoroso,2017,496746
  Vinho leve,2017,0
  Vinho gaseificado,2017,0
VINHO DE MESA,2018,177186273
  Tinto,2018,155115499
  Rosado,2018,1972944
  Branco,2018,20097830
VINHO  FINO DE MESA,2018,14826143
  Tinto,2018,11150517
  Rosado,2018,262430
  Branco,2018,3413196
VINHO FRIZANTE,2018,1638337
VINHO ORGÂNICO,2018,0
VINHO ESPECIAL,2018,0
  Tinto,2018,0
  Rosado,2018,0
  Branco,2018,0
ESPUMANTES ,2018,18218375
  Espumante  Moscatel,2018,6526075
  Espumante,2018,11692300
  Espumante Orgânico,2018,0
SUCO DE UVAS,2018,140472108
  Suco Natural Integral,2018,0
  Suco Adoçado,2018,0
  Suco Reprocessado/reconstituido,2018,0
  Suco Orgânico,2018,0
  Outros sucos de uvas,2018,0
SUCO DE UVAS CONCENTRADO,2018,23572263
OUTROS PRODUTOS COMERCIALIZADOS,2018,31246158
  Outros vinhos (sem informação detalhada),2018,3734763
"  Agrin (fermentado, acetico misto)",2018,0
  Aguardente de vinho 50°gl,2018,0
  Alcool vinico,2018,21575
  Bagaceira (graspa),2018,6929
  Base champenoise champanha,2018,74941
  Base charmat champanha,2018,287361
  Base espumante moscatel,2018,109200
  Bebida de uva,2018,10330
  Borra líquida,2018,11600
  Borra seca,2018,721280
  Brandy (conhaque),2018,4652
  Cooler,2018,3091682
  Coquetel com vinho,2018,349836
  Destilado de vinho,2018,82
  Filtrado doce,2018,3867645
  Jeropiga,2018,173
  Mistelas,2018,1902
  Mosto concentrado,2018,0
  Mosto de uva,2018,715708
  Mosto sulfitado,2018,0
  Nectar de uva,2018,3517417
  Outros produtos,2018,1773526
  Polpa de uva,2018,1853162
  Preparado líquido para refresco,2018,76888
  Refrigerante +50% suco,2018,40574
  Sangria,2018,58498
  Vinagre balsamico,2018,133714
  Vinagre duplo,2018,888589
  Vinagre simples,2018,6994467
  Vinho acetificado,2018,2158993
  Vinho base para espumantes,2018,0
  Vinho composto,2018,249165
  Vinho licoroso,2018,491165
  Vinho leve,2018,198
  Vinho gaseificado,2018,143
VINHO DE MESA,2019,180446489
  Tinto,2019,158519218
  Rosado,2019,1265435
  Branco,2019,20661836
VINHO  FINO DE MESA,2019,15684588
  Tinto,2019,11433702
  Rosado,2019,503524
  Branco,2019,3747362
VINHO FRIZANTE,2019,1826433
VINHO ORGÂNICO,2019,2554
VINHO ESPECIAL,2019,0
  Tinto,2019,0
  Rosado,2019,0
  Branco,2019,0
ESPUMANTES ,2019,22759859
  Espumante  Moscatel,2019,8997187
  Espumante,2019,13762361
  Espumante Orgânico,2019,311
SUCO DE UVAS,2019,147907617
  Suco Natural Integral,2019,131628685
  Suco Adoçado,2019,0
  Suco Reprocessado/reconstituido,2019,7759932
  Suco Orgânico,2019,416849
  Outros sucos de uvas,2019,8102151
SUCO DE UVAS CONCENTRADO,2019,28721470
OUTROS PRODUTOS COMERCIALIZADOS,2019,34794651
  Outros vinhos (sem informação detalhada),2019,310886
"  Agrin (fermentado, acetico misto)",2019,0
  Aguardente de vinho 50°gl,2019,0
  Alcool vinico,2019,0
  Bagaceira (graspa),2019,8746
  Base champenoise champanha,2019,65692
  Base charmat champanha,2019,271714
  Base espumante moscatel,2019,115468
  Bebida de uva,2019,498512
  Borra líquida,2019,17398
  Borra seca,2019,153770
  Brandy (conhaque),2019,5015
  Cooler,2019,3782516
  Coquetel com vinho,2019,269701
  Destilado de vinho,2019,309
  Filtrado doce,2019,4076204
  Jeropiga,2019,0
  Mistelas,2019,3765
  Mosto concentrado,2019,0
  Mosto de uva,2019,5736852
  Mosto sulfitado,2019,94000
  Nectar de uva,2019,4006608
  Outros produtos,2019,2294581
  Polpa de uva,2019,1838395
  Preparado líquido para refresco,2019,52567
  Refrigerante +50% suco,2019,110648
  Sangria,2019,67279
  Vinagre balsamico,2019,211653
  Vinagre duplo,2019,1130092
  Vinagre simples,2019,6246945
  Vinho acetificado,2019,2592380
  Vinho base para espumantes,2019,0
  Vinho composto,2019,366549
  Vinho licoroso,2019,465964
  Vinho leve,2019,306
  Vinho gaseificado,2019,136
VINHO DE MESA,2020,215557931
  Tinto,2020,189573423
  Rosado,2020,1394901
  Branco,2020,24589607
VINHO  FINO DE MESA,2020,24310834
  Tinto,2020,18202453
  Rosado,2020,993248
  Branco,2020,5115133
VINHO FRIZANTE,2020,2557585
VINHO ORGÂNICO,2020,10718
VINHO ESPECIAL,2020,0
  Tinto,2020,0
  Rosado,2020,0
  Branco,2020,0
ESPUMANTES ,2020,22610762
  Espumante  Moscatel,2020,9298571
  Espumante,2020,13311450
  Espumante Orgânico,2020,742
SUCO DE UVAS,2020,144889668
  Suco Natural Integral,2020,114453657
  Suco Adoçado,2020,0
  Suco Reprocessado/reconstituido,2020,22066742
  Suco Orgânico,2020,553391
  Outros sucos de uvas,2020,7815879
SUCO DE UVAS CONCENTRADO,2020,22422414
OUTROS PRODUTOS COMERCIALIZADOS,2020,26547242
  Outros vinhos (sem informação detalhada),2020,192057
"  Agrin (fermentado, acetico misto)",2020,0
  Aguardente de vinho 50°gl,2020,866
  Alcool vinico,2020,6640
  Bagaceira (graspa),2020,7610
  Base champenoise champanha,2020,8772
  Base charmat champanha,2020,123
  Base espumante moscatel,2020,23703
  Bebida de uva,2020,354511
  Borra líquida,2020,22975
  Borra seca,2020,146260
  Brandy (conhaque),2020,7966
  Cooler,2020,6260381
  Coquetel com vinho,2020,205664
  Destilado de vinho,2020,200
  Filtrado doce,2020,2415338
  Jeropiga,2020,1267
  Mistelas,2020,1201
  Mosto concentrado,2020,0
  Mosto de uva,2020,48044
  Mosto sulfitado,2020,0
  Nectar de uva,2020,3319597
  Outros produtos,2020,2543754
  Polpa de uva,2020,1129453
  Preparado líquido para refresco,2020,11366
  Refrigerante +50% suco,2020,144945
  Sangria,2020,11017
  Vinagre balsamico,2020,248771
  Vinagre duplo,2020,1075579
  Vinagre simples,2020,6049584
  Vinho acetificado,2020,1879227
  Vinho base para espumantes,2020,0
  Vinho composto,2020,63625
  Vinho licoroso,2020,362340
  Vinho leve,2020,396
  Vinho gaseificado,2020,4012
VINHO DE MESA,2021,210012238
  Tinto,2021,185653678
  Rosado,2021,1931606
  Branco,2021,22426954
VINHO  FINO DE MESA,2021,27080445
  Tinto,2021,19337862
  Rosado,2021,1603537
  Branco,2021,6139046
VINHO FRIZANTE,2021,3696762
VINHO ORGÂNICO,2021,18686
VINHO ESPECIAL,2021,0
  Tinto,2021,0
  Rosado,2021,0
  Branco,2021,0
ESPUMANTES ,2021,31242697
  Espumante  Moscatel,2021,12240059
  Espumante,2021,19001999
  Espumante Orgânico,2021,639
SUCO DE UVAS,2021,147753321
  Suco Natural Integral,2021,115173833
  Suco Adoçado,2021,0
  Suco Reprocessado/reconstituido,2021,26136089
  Suco Orgânico,2021,902299
  Outros sucos de uvas,2021,5541100
SUCO DE UVAS CONCENTRADO,2021,26730942
OUTROS PRODUTOS COMERCIALIZADOS,2021,26657930
  Outros vinhos (sem informação detalhada),2021,17618
"  Agrin (fermentado, acetico misto)",2021,0
  Aguardente de vinho 50°gl,2021,0
  Alcool vinico,2021,0
  Bagaceira (graspa),2021,7676
  Base champenoise champanha,2021,9580
  Base charmat champanha,2021,4230
  Base espumante moscatel,2021,49734
  Bebida de uva,2021,324298
  Borra líquida,2021,935
  Borra seca,2021,414100
  Brandy (conhaque),2021,7311
  Cooler,2021,6107943
  Coquetel com vinho,2021,244184
  Destilado de vinho,2021,175
  Filtrado doce,2021,2430821
  Jeropiga,2021,1763
  Mistelas,2021,9075
  Mosto concentrado,2021,0
  Mosto de uva,2021,803171
  Mosto sulfitado,2021,0
  Nectar de uva,2021,4021229
  Outros produtos,2021,2105686
  Polpa de uva,2021,1002033
  Preparado líquido para refresco,2021,23455
  Refrigerante +50% suco,2021,175954
  Sangria,2021,17222
  Vinagre balsamico,2021,332217
  Vinagre duplo,2021,795060
  Vinagre simples,2021,5647166
  Vinho acetificado,2021,1448086
  Vinho base para espumantes,2021,0
  Vinho composto,2021,227116
  Vinho licoroso,2021,376597
  Vinho leve,2021,0
  Vinho gaseificado,2021,53495
VINHO DE MESA,2022,187939996
  Tinto,2022,165067340
  Rosado,2022,2213723
  Branco,2022,20658933
VINHO  FINO DE MESA,2022,21533487
  Tinto,2022,15258778
  Rosado,2022,1318396
  Branco,2022,4956314
VINHO FRIZANTE,2022,2875864
VINHO ORGÂNICO,2022,14947
VINHO ESPECIAL,2022,0
  Tinto,2022,0
  Rosado,2022,0
  Branco,2022,0
ESPUMANTES ,2022,29525942
  Espumante  Moscatel,2022,12204315
  Espumante,2022,17321031
  Espumante Orgânico,2022,597
SUCO DE UVAS,2022,157125036
  Suco Natural Integral,2022,115394795
  Suco Adoçado,2022,0
  Suco Reprocessado/reconstituido,2022,35139154
  Suco Orgânico,2022,1002685
  Outros sucos de uvas,2022,5588403
SUCO DE UVAS CONCENTRADO,2022,33632834
OUTROS PRODUTOS COMERCIALIZADOS,2022,31704382
  Outros vinhos (sem informação detalhada),2022,8812
"  Agrin (fermentado, acetico misto)",2022,0
  Aguardente de vinho 50°gl,2022,0
  Alcool vinico,2022,0
  Bagaceira (graspa),2022,5594
  Base champenoise champanha,2022,60958
  Base charmat champanha,2022,226901
  Base espumante moscatel,2022,720603
  Bebida de uva,2022,139943
  Borra líquida,2022,49840
  Borra seca,2022,122525
  Brandy (conhaque),2022,4407
  Cooler,2022,4505384
  Coquetel com vinho,2022,292420
  Destilado de vinho,2022,33
  Filtrado doce,2022,2339403
  Jeropiga,2022,1392
  Mistelas,2022,4080
  Mosto concentrado,2022,0
  Mosto de uva,2022,1579638
  Mosto sulfitado,2022,0
  Nectar de uva,2022,4719055
  Outros produtos,2022,7406812
  Polpa de uva,2022,1058011
  Preparado líquido para refresco,2022,19711
  Refrigerante +50% suco,2022,265026
  Sangria,2022,95605
  Vinagre balsamico,2022,296664
  Vinagre duplo,2022,987142
  Vinagre simples,2022,5309881
  Vinho acetificado,2022,1052563
  Vinho base para espumantes,2022,0
  Vinho composto,2022,32000
  Vinho licoroso,2022,385006
  Vinho leve,2022,27
  Vinho gaseificado,2022,14947
VINHO DE MESA,2023,187016848
  Tinto,2023,165097539
  Rosado,2023,2520748
  Branco,2023,19398561
VINHO  FINO DE MESA,2023,18589310
  Tinto,2023,12450606
  Rosado,2023,1214583
  Branco,2023,4924121
VINHO FRIZANTE,2023,2843600
VINHO ORGÂNICO,2023,9123
VINHO ESPECIAL,2023,0
  Tinto,2023,0
  Rosado,2023,0
  Branco,2023,0
ESPUMANTES ,2023,29381635
  Espumante  Moscatel,2023,9771698
  Espumante,2023,19609379
  Espumante Orgânico,2023,558
SUCO DE UVAS,2023,166708720
  Suco Natural Integral,2023,129419407
  Suco Adoçado,2023,128599
  Suco Reprocessado/reconstituido,2023,34402925
  Suco Orgânico,2023,932154
  Outros sucos de uvas,2023,1825635
SUCO DE UVAS CONCENTRADO,2023,37852507
OUTROS PRODUTOS COMERCIALIZADOS,2023,29889342
  Outros vinhos (sem informação detalhada),2023,8152
"  Agrin (fermentado, acetico misto)",2023,0
  Aguardente de vinho 50°gl,2023,111
  Alcool vinico,2023,0
  Bagaceira (graspa),2023,0
  Base champenoise champanha,2023,66290
  Base charmat champanha,2023,184040
  Base espumante moscatel,2023,722984
  Bebida de uva,2023,16780
  Borra líquida,2023,72600
  Borra seca,2023,53220
  Brandy (conhaque),2023,4506
  Cooler,2023,4321881
  Coquetel com vinho,2023,397156
  Destilado de vinho,2023,245
  Filtrado doce,2023,2366601
  Jeropiga,2023,346
  Mistelas,2023,1668
  Mosto concentrado,2023,0
  Mosto de uva,2023,359626
  Mosto sulfitado,2023,0
  Nectar de uva,2023,3604413
  Outros produtos,2023,7459271
  Polpa de uva,2023,1331651
  Preparado líquido para refresco,2023,17178
  Refrigerante +50% suco,2023,501876
  Sangria,2023,84157
  Vinagre balsamico,2023,338926
  Vinagre duplo,2023,1769130
  Vinagre simples,2023,5047280
  Vinho acetificado,2023,194020
  Vinho base para espumantes,2023,0
  Vinho composto,2023,981
  Vinho licoroso,2023,421974
  Vinho leve,2023,132064
  Vinho gaseificado,2023,410215
