Nome,Ano,Quantidade (kg)
Bagaceira,1970,961290
Bagaceira,1971,913200
Bagaceira,1972,755350
Bagaceira,1973,661270
Bagaceira,1974,424620
Bagaceira,1975,576098
Bagaceira,1976,705912
Bagaceira,1977,828000
Bagaceira,1978,698200
Bagaceira,1979,938090
Bagaceira,1980,0
Bagaceira,1981,0
Bagaceira,1982,0
Bagaceira,1983,0
Bagaceira,1984,0
Bagaceira,1985,299500
Bagaceira,1986,156100
Bagaceira,1987,325600
Bagaceira,1988,29000
Bagaceira,1989,52000
Bagaceira,1990,55000
Bagaceira,1991,15000
Bagaceira,1992,10000
Bagaceira,1993,0
Bagaceira,1994,0
Bagaceira,1995,0
Bagaceira,1996,0
Bagaceira,1997,0
Bagaceira,1998,0
Bagaceira,1999,0
Bagaceira,2000,12700
Bagaceira,2001,10350
Bagaceira,2002,0
Bagaceira,2003,26800
Bagaceira,2004,66082
Bagaceira,2005,32050
Bagaceira,2006,24250
Bagaceira,2007,48500
Bagaceira,2008,8500
Bagaceira,2009,6500
Bagaceira,2010,0
Bagaceira,2011,0
Bagaceira,2012,0
Bagaceira,2013,0
Bagaceira,2014,0
Bagaceira,2015,1350
Bagaceira,2016,1000
Bagaceira,2017,900
Bagaceira,2018,2100
Bagaceira,2019,10495
Bagaceira,2020,0
Bagaceira,2021,12060
Bagaceira,2022,4998
Bagaceira,2023,0
Base Champenoise champanha,1970,0
Base Champenoise champanha,1971,0
Base Champenoise champanha,1972,0
Base Champenoise champanha,1973,0
Base Champenoise champanha,1974,0
Base Champenoise champanha,1975,0
Base Champenoise champanha,1976,0
Base Champenoise champanha,1977,0
Base Champenoise champanha,1978,0
Base Champenoise champanha,1979,0
Base Champenoise champanha,1980,0
Base Champenoise champanha,1981,0
Base Champenoise champanha,1982,0
Base Champenoise champanha,1983,0
Base Champenoise champanha,1984,0
Base Champenoise champanha,1985,0
Base Champenoise champanha,1986,0
Base Champenoise champanha,1987,0
Base Champenoise champanha,1988,0
Base Champenoise champanha,1989,0
Base Champenoise champanha,1990,0
Base Champenoise champanha,1991,0
Base Champenoise champanha,1992,0
Base Champenoise champanha,1993,0
Base Champenoise champanha,1994,0
Base Champenoise champanha,1995,0
Base Champenoise champanha,1996,0
Base Champenoise champanha,1997,0
Base Champenoise champanha,1998,0
Base Champenoise champanha,1999,0
Base Champenoise champanha,2000,0
Base Champenoise champanha,2001,0
Base Champenoise champanha,2002,0
Base Champenoise champanha,2003,0
Base Champenoise champanha,2004,0
Base Champenoise champanha,2005,0
Base Champenoise champanha,2006,0
Base Champenoise champanha,2007,0
Base Champenoise champanha,2008,0
Base Champenoise champanha,2009,0
Base Champenoise champanha,2010,92082
Base Champenoise champanha,2011,74746
Base Champenoise champanha,2012,369278
Base Champenoise champanha,2013,359617
Base Champenoise champanha,2014,234725
Base Champenoise champanha,2015,605001
Base Champenoise champanha,2016,740395
Base Champenoise champanha,2017,1552403
Base Champenoise champanha,2018,228518
Base Champenoise champanha,2019,274903
Base Champenoise champanha,2020,200777
Base Champenoise champanha,2021,0
Base Champenoise champanha,2022,1146717
Base Champenoise champanha,2023,1552243
Base Charmat champanha,1970,0
Base Charmat champanha,1971,0
Base Charmat champanha,1972,0
Base Charmat champanha,1973,0
Base Charmat champanha,1974,0
Base Charmat champanha,1975,0
Base Charmat champanha,1976,0
Base Charmat champanha,1977,0
Base Charmat champanha,1978,0
Base Charmat champanha,1979,0
Base Charmat champanha,1980,0
Base Charmat champanha,1981,0
Base Charmat champanha,1982,0
Base Charmat champanha,1983,0
Base Charmat champanha,1984,0
Base Charmat champanha,1985,0
Base Charmat champanha,1986,0
Base Charmat champanha,1987,0
Base Charmat champanha,1988,0
Base Charmat champanha,1989,0
Base Charmat champanha,1990,0
Base Charmat champanha,1991,0
Base Charmat champanha,1992,0
Base Charmat champanha,1993,0
Base Charmat champanha,1994,0
Base Charmat champanha,1995,0
Base Charmat champanha,1996,0
Base Charmat champanha,1997,0
Base Charmat champanha,1998,0
Base Charmat champanha,1999,0
Base Charmat champanha,2000,0
Base Charmat champanha,2001,0
Base Charmat champanha,2002,0
Base Charmat champanha,2003,0
Base Charmat champanha,2004,0
Base Charmat champanha,2005,0
Base Charmat champanha,2006,0
Base Charmat champanha,2007,0
Base Charmat champanha,2008,0
Base Charmat champanha,2009,0
Base Charmat champanha,2010,254000
Base Charmat champanha,2011,865858
Base Charmat champanha,2012,479625
Base Charmat champanha,2013,624728
Base Charmat champanha,2014,376968
Base Charmat champanha,2015,1466259
Base Charmat champanha,2016,250280
Base Charmat champanha,2017,893364
Base Charmat champanha,2018,1746540
Base Charmat champanha,2019,1188095
Base Charmat champanha,2020,2487939
Base Charmat champanha,2021,0
Base Charmat champanha,2022,4078766
Base Charmat champanha,2023,5418118
Base espumante,1970,0
Base espumante,1971,0
Base espumante,1972,0
Base espumante,1973,0
Base espumante,1974,0
Base espumante,1975,0
Base espumante,1976,0
Base espumante,1977,0
Base espumante,1978,0
Base espumante,1979,0
Base espumante,1980,0
Base espumante,1981,0
Base espumante,1982,0
Base espumante,1983,0
Base espumante,1984,0
Base espumante,1985,0
Base espumante,1986,0
Base espumante,1987,0
Base espumante,1988,0
Base espumante,1989,0
Base espumante,1990,0
Base espumante,1991,0
Base espumante,1992,0
Base espumante,1993,0
Base espumante,1994,0
Base espumante,1995,0
Base espumante,1996,0
Base espumante,1997,0
Base espumante,1998,0
Base espumante,1999,0
Base espumante,2000,0
Base espumante,2001,0
Base espumante,2002,0
Base espumante,2003,0
Base espumante,2004,0
Base espumante,2005,239000
Base espumante,2006,0
Base espumante,2007,78250
Base espumante,2008,220120
Base espumante,2009,335850
Base espumante,2010,0
Base espumante,2011,0
Base espumante,2012,0
Base espumante,2013,0
Base espumante,2014,0
Base espumante,2015,0
Base espumante,2016,0
Base espumante,2017,0
Base espumante,2018,0
Base espumante,2019,0
Base espumante,2020,0
Base espumante,2021,5475049
Base espumante,2022,0
Base espumante,2023,0
Base espumante moscatel,1970,0
Base espumante moscatel,1971,0
Base espumante moscatel,1972,0
Base espumante moscatel,1973,0
Base espumante moscatel,1974,0
Base espumante moscatel,1975,0
Base espumante moscatel,1976,0
Base espumante moscatel,1977,0
Base espumante moscatel,1978,0
Base espumante moscatel,1979,0
Base espumante moscatel,1980,0
Base espumante moscatel,1981,0
Base espumante moscatel,1982,0
Base espumante moscatel,1983,0
Base espumante moscatel,1984,0
Base espumante moscatel,1985,0
Base espumante moscatel,1986,0
Base espumante moscatel,1987,0
Base espumante moscatel,1988,0
Base espumante moscatel,1989,0
Base espumante moscatel,1990,0
Base espumante moscatel,1991,0
Base espumante moscatel,1992,0
Base espumante moscatel,1993,0
Base espumante moscatel,1994,0
Base espumante moscatel,1995,0
Base espumante moscatel,1996,0
Base espumante moscatel,1997,0
Base espumante moscatel,1998,0
Base espumante moscatel,1999,0
Base espumante moscatel,2000,0
Base espumante moscatel,2001,0
Base espumante moscatel,2002,0
Base espumante moscatel,2003,0
Base espumante moscatel,2004,98900
Base espumante moscatel,2005,212400
Base espumante moscatel,2006,362589
Base espumante moscatel,2007,111200
Base espumante moscatel,2008,474721
Base espumante moscatel,2009,442150
Base espumante moscatel,2010,1144508
Base espumante moscatel,2011,2749540
Base espumante moscatel,2012,2798908
Base espumante moscatel,2013,1470700
Base espumante moscatel,2014,1808044
Base espumante moscatel,2015,1607727
Base espumante moscatel,2016,1325700
Base espumante moscatel,2017,1965629
Base espumante moscatel,2018,1320650
Base espumante moscatel,2019,1962443
Base espumante moscatel,2020,3006705
Base espumante moscatel,2021,5549471
Base espumante moscatel,2022,6308043
Base espumante moscatel,2023,6734590
Bebida de uva,1970,0
Bebida de uva,1971,0
Bebida de uva,1972,0
Bebida de uva,1973,0
Bebida de uva,1974,0
Bebida de uva,1975,0
Bebida de uva,1976,0
Bebida de uva,1977,0
Bebida de uva,1978,0
Bebida de uva,1979,0
Bebida de uva,1980,0
Bebida de uva,1981,0
Bebida de uva,1982,0
Bebida de uva,1983,0
Bebida de uva,1984,0
Bebida de uva,1985,0
Bebida de uva,1986,0
Bebida de uva,1987,0
Bebida de uva,1988,0
Bebida de uva,1989,0
Bebida de uva,1990,0
Bebida de uva,1991,0
Bebida de uva,1992,0
Bebida de uva,1993,0
Bebida de uva,1994,0
Bebida de uva,1995,0
Bebida de uva,1996,0
Bebida de uva,1997,0
Bebida de uva,1998,0
Bebida de uva,1999,0
Bebida de uva,2000,0
Bebida de uva,2001,0
Bebida de uva,2002,0
Bebida de uva,2003,0
Bebida de uva,2004,0
Bebida de uva,2005,0
Bebida de uva,2006,0
Bebida de uva,2007,0
Bebida de uva,2008,1082700
Bebida de uva,2009,420
Bebida de uva,2010,7900
Bebida de uva,2011,0
Bebida de uva,2012,0
Bebida de uva,2013,4260
Bebida de uva,2014,3860
Bebida de uva,2015,922
Bebida de uva,2016,3474
Bebida de uva,2017,0
Bebida de uva,2018,0
Bebida de uva,2019,0
Bebida de uva,2020,0
Bebida de uva,2021,2000
Bebida de uva,2022,0
Bebida de uva,2023,1627
Borra líquida,1970,3847673
Borra líquida,1971,3565644
Borra líquida,1972,3015037
Borra líquida,1973,3559922
Borra líquida,1974,5136979
Borra líquida,1975,4624839
Borra líquida,1976,3393173
Borra líquida,1977,0
Borra líquida,1978,0
Borra líquida,1979,0
Borra líquida,1980,0
Borra líquida,1981,3767852
Borra líquida,1982,0
Borra líquida,1983,0
Borra líquida,1984,0
Borra líquida,1985,5095798
Borra líquida,1986,6357648
Borra líquida,1987,5142446
Borra líquida,1988,1953488
Borra líquida,1989,2426804
Borra líquida,1990,1282381
Borra líquida,1991,1649130
Borra líquida,1992,1400200
Borra líquida,1993,0
Borra líquida,1994,0
Borra líquida,1995,0
Borra líquida,1996,0
Borra líquida,1997,0
Borra líquida,1998,0
Borra líquida,1999,0
Borra líquida,2000,9626928
Borra líquida,2001,8216162
Borra líquida,2002,8541861
Borra líquida,2003,3126172
Borra líquida,2004,1044490
Borra líquida,2005,526016
Borra líquida,2006,57333
Borra líquida,2007,2095873
Borra líquida,2008,1679775
Borra líquida,2009,0
Borra líquida,2010,64304
Borra líquida,2011,0
Borra líquida,2012,0
Borra líquida,2013,63111
Borra líquida,2014,50954
Borra líquida,2015,48833
Borra líquida,2016,24975
Borra líquida,2017,0
Borra líquida,2018,255100
Borra líquida,2019,901431
Borra líquida,2020,509378
Borra líquida,2021,116450
Borra líquida,2022,0
Borra líquida,2023,758140
Borra seca,1970,0
Borra seca,1971,0
Borra seca,1972,0
Borra seca,1973,0
Borra seca,1974,0
Borra seca,1975,0
Borra seca,1976,0
Borra seca,1977,0
Borra seca,1978,0
Borra seca,1979,0
Borra seca,1980,0
Borra seca,1981,0
Borra seca,1982,0
Borra seca,1983,0
Borra seca,1984,0
Borra seca,1985,0
Borra seca,1986,0
Borra seca,1987,0
Borra seca,1988,0
Borra seca,1989,0
Borra seca,1990,0
Borra seca,1991,0
Borra seca,1992,0
Borra seca,1993,0
Borra seca,1994,0
Borra seca,1995,0
Borra seca,1996,0
Borra seca,1997,0
Borra seca,1998,0
Borra seca,1999,0
Borra seca,2000,0
Borra seca,2001,0
Borra seca,2002,0
Borra seca,2003,0
Borra seca,2004,0
Borra seca,2005,0
Borra seca,2006,0
Borra seca,2007,0
Borra seca,2008,0
Borra seca,2009,0
Borra seca,2010,149981
Borra seca,2011,0
Borra seca,2012,0
Borra seca,2013,78397
Borra seca,2014,142850
Borra seca,2015,120230
Borra seca,2016,82367
Borra seca,2017,0
Borra seca,2018,70480
Borra seca,2019,25996
Borra seca,2020,167587
Borra seca,2021,16789
Borra seca,2022,0
Borra seca,2023,17200
Branco,1970,748400
Branco,1970,15562889
Branco,1971,1160500
Branco,1971,15655709
Branco,1972,1812367
Branco,1972,13289304
Branco,1973,243900
Branco,1973,7930070
Branco,1974,4138768
Branco,1974,18927471
Branco,1975,1441507
Branco,1975,21933695
Branco,1976,1871473
Branco,1976,19874659
Branco,1977,4954387
Branco,1977,20409231
Branco,1978,5079748
Branco,1978,17640081
Branco,1979,7146395
Branco,1979,25727132
Branco,1980,5363452
Branco,1980,19326572
Branco,1981,12547739
Branco,1981,27528276
Branco,1982,15782499
Branco,1982,34423412
Branco,1983,12191896
Branco,1983,24164361
Branco,1984,19502230
Branco,1984,30395959
Branco,1985,23010666
Branco,1985,44679484
Branco,1986,16872183
Branco,1986,34794145
Branco,1987,27497857
Branco,1987,35432544
Branco,1988,32660045
Branco,1988,56441847
Branco,1989,24603265
Branco,1989,54983093
Branco,1990,33512030
Branco,1990,52080420
Branco,1991,25046588
Branco,1991,33307472
Branco,1992,25446255
Branco,1992,38856367
Branco,1993,31986075
Branco,1993,40415898
Branco,1994,28291853
Branco,1994,42419680
Branco,1995,15472732
Branco,1995,34209738
Branco,1996,24073622
Branco,1996,31893892
Branco,1997,41842945
Branco,1997,33792167
Branco,1998,32140249
Branco,1998,24384090
Branco,1999,42528150
Branco,1999,30674840
Branco,2000,44902276
Branco,2000,36955126
Branco,2001,44322836
Branco,2001,20393594
Branco,2002,35329657
Branco,2002,17911689
Branco,2003,40861639
Branco,2003,14058481
Branco,2004,51719967
Branco,2004,19803647
Branco,2005,39212146
Branco,2005,20012363
Branco,2006,31738390
Branco,2006,13249969
Branco,2007,42118552
Branco,2007,17598428
Branco,2008,42942053
Branco,2008,18812571
Branco,2009,39211278
Branco,2009,21366975
Branco,2010,35408083
Branco,2010,13013027
Branco,2011,46007504
Branco,2011,22739426
Branco,2012,34938249
Branco,2012,20647238
Branco,2013,32066403
Branco,2013,21906349
Branco,2014,37438069
Branco,2014,20054804
Branco,2015,39557250
Branco,2015,19561966
Branco,2016,10727099
Branco,2016,8705066
Branco,2017,217527985
Branco,2017,21928400
Branco,2018,29229970
Branco,2018,18297257
Branco,2019,22032828
Branco,2019,18193055
Branco,2020,19568734
Branco,2020,15487915
Branco,2021,26432799
Branco,2021,20867999
Branco,2022,30198430
Branco,2022,20896613
Branco,2023,27910299
Branco,2023,20693437
Brandy,1970,0
Brandy,1971,0
Brandy,1972,0
Brandy,1973,0
Brandy,1974,0
Brandy,1975,0
Brandy,1976,0
Brandy,1977,0
Brandy,1978,0
Brandy,1979,0
Brandy,1980,0
Brandy,1981,0
Brandy,1982,0
Brandy,1983,0
Brandy,1984,0
Brandy,1985,13000
Brandy,1986,0
Brandy,1987,0
Brandy,1988,5216
Brandy,1989,6500
Brandy,1990,0
Brandy,1991,0
Brandy,1992,0
Brandy,1993,0
Brandy,1994,0
Brandy,1995,0
Brandy,1996,0
Brandy,1997,0
Brandy,1998,0
Brandy,1999,0
Brandy,2000,0
Brandy,2001,0
Brandy,2002,0
Brandy,2003,0
Brandy,2004,0
Brandy,2005,0
Brandy,2006,0
Brandy,2007,0
Brandy,2008,0
Brandy,2009,0
Brandy,2010,0
Brandy,2011,0
Brandy,2012,0
Brandy,2013,0
Brandy,2014,0
Brandy,2015,0
Brandy,2016,0
Brandy,2017,0
Brandy,2018,0
Brandy,2019,0
Brandy,2020,0
Brandy,2021,120
Brandy,2022,0
Brandy,2023,450
Compostos,1970,0
Compostos,1971,45000
Compostos,1972,1358300
Compostos,1973,1628000
Compostos,1974,0
Compostos,1975,0
Compostos,1976,0
Compostos,1977,0
Compostos,1978,75000
Compostos,1979,0
Compostos,1980,0
Compostos,1981,0
Compostos,1982,0
Compostos,1983,0
Compostos,1984,0
Compostos,1985,0
Compostos,1986,0
Compostos,1987,0
Compostos,1988,2000
Compostos,1989,1900
Compostos,1990,0
Compostos,1991,0
Compostos,1992,0
Compostos,1993,0
Compostos,1994,0
Compostos,1995,0
Compostos,1996,0
Compostos,1997,0
Compostos,1998,0
Compostos,1999,0
Compostos,2000,0
Compostos,2001,0
Compostos,2002,0
Compostos,2003,0
Compostos,2004,0
Compostos,2005,0
Compostos,2006,0
Compostos,2007,0
Compostos,2008,0
Compostos,2009,0
Compostos,2010,0
Compostos,2011,0
Compostos,2012,7600
Compostos,2013,0
Compostos,2014,0
Compostos,2015,0
Compostos,2016,0
Compostos,2017,0
Compostos,2018,0
Compostos,2019,0
Compostos,2020,0
Compostos,2021,0
Compostos,2022,0
Compostos,2023,0
DERIVADOS,1970,14164329
DERIVADOS,1971,13280518
DERIVADOS,1972,12314509
DERIVADOS,1973,28317919
DERIVADOS,1974,47904934
DERIVADOS,1975,53633143
DERIVADOS,1976,22925012
DERIVADOS,1977,24015856
DERIVADOS,1978,41607777
DERIVADOS,1979,35370846
DERIVADOS,1980,37553414
DERIVADOS,1981,52530037
DERIVADOS,1982,37506770
DERIVADOS,1983,27314628
DERIVADOS,1984,17331744
DERIVADOS,1985,17336419
DERIVADOS,1986,14785645
DERIVADOS,1987,14905862
DERIVADOS,1988,19644584
DERIVADOS,1989,12004574
DERIVADOS,1990,16191621
DERIVADOS,1991,20352398
DERIVADOS,1992,29469940
DERIVADOS,1993,17573100
DERIVADOS,1994,16053642
DERIVADOS,1995,23637100
DERIVADOS,1996,12754798
DERIVADOS,1997,24553317
DERIVADOS,1998,14693351
DERIVADOS,1999,23422306
DERIVADOS,2000,25959016
DERIVADOS,2001,15498842
DERIVADOS,2002,28122348
DERIVADOS,2003,24108352
DERIVADOS,2004,28471858
DERIVADOS,2005,25541605
DERIVADOS,2006,27752531
DERIVADOS,2007,42011603
DERIVADOS,2008,59622293
DERIVADOS,2009,56787892
DERIVADOS,2010,51210756
DERIVADOS,2011,85748723
DERIVADOS,2012,100757101
DERIVADOS,2013,64072127
DERIVADOS,2014,62907281
DERIVADOS,2015,107349704
DERIVADOS,2016,53950314
DERIVADOS,2017,109116761
DERIVADOS,2018,95202101
DERIVADOS,2019,142888747
DERIVADOS,2020,92533804
DERIVADOS,2021,169031493
DERIVADOS,2022,138501226
DERIVADOS,2023,174716647
Destilado,1970,830030
Destilado,1971,0
Destilado,1972,0
Destilado,1973,0
Destilado,1974,0
Destilado,1975,0
Destilado,1976,0
Destilado,1977,0
Destilado,1978,0
Destilado,1979,0
Destilado,1980,0
Destilado,1981,0
Destilado,1982,0
Destilado,1983,0
Destilado,1984,0
Destilado,1985,342650
Destilado,1986,222230
Destilado,1987,472576
Destilado,1988,287220
Destilado,1989,176800
Destilado,1990,0
Destilado,1991,0
Destilado,1992,0
Destilado,1993,0
Destilado,1994,0
Destilado,1995,0
Destilado,1996,0
Destilado,1997,0
Destilado,1998,0
Destilado,1999,7350
Destilado,2000,1960
Destilado,2001,0
Destilado,2002,0
Destilado,2003,0
Destilado,2004,1000
Destilado,2005,0
Destilado,2006,0
Destilado,2007,0
Destilado,2008,0
Destilado,2009,0
Destilado,2010,0
Destilado,2011,0
Destilado,2012,0
Destilado,2013,0
Destilado,2014,0
Destilado,2015,0
Destilado,2016,0
Destilado,2017,0
Destilado,2018,680
Destilado,2019,0
Destilado,2020,0
Destilado,2021,0
Destilado,2022,0
Destilado,2023,0
Destilado alcoólico simples de bagaceira ,1970,0
Destilado alcoólico simples de bagaceira ,1971,0
Destilado alcoólico simples de bagaceira ,1972,0
Destilado alcoólico simples de bagaceira ,1973,0
Destilado alcoólico simples de bagaceira ,1974,0
Destilado alcoólico simples de bagaceira ,1975,0
Destilado alcoólico simples de bagaceira ,1976,0
Destilado alcoólico simples de bagaceira ,1977,0
Destilado alcoólico simples de bagaceira ,1978,0
Destilado alcoólico simples de bagaceira ,1979,0
Destilado alcoólico simples de bagaceira ,1980,0
Destilado alcoólico simples de bagaceira ,1981,0
Destilado alcoólico simples de bagaceira ,1982,0
Destilado alcoólico simples de bagaceira ,1983,0
Destilado alcoólico simples de bagaceira ,1984,0
Destilado alcoólico simples de bagaceira ,1985,0
Destilado alcoólico simples de bagaceira ,1986,0
Destilado alcoólico simples de bagaceira ,1987,0
Destilado alcoólico simples de bagaceira ,1988,0
Destilado alcoólico simples de bagaceira ,1989,0
Destilado alcoólico simples de bagaceira ,1990,0
Destilado alcoólico simples de bagaceira ,1991,0
Destilado alcoólico simples de bagaceira ,1992,0
Destilado alcoólico simples de bagaceira ,1993,0
Destilado alcoólico simples de bagaceira ,1994,0
Destilado alcoólico simples de bagaceira ,1995,0
Destilado alcoólico simples de bagaceira ,1996,0
Destilado alcoólico simples de bagaceira ,1997,0
Destilado alcoólico simples de bagaceira ,1998,0
Destilado alcoólico simples de bagaceira ,1999,0
Destilado alcoólico simples de bagaceira ,2000,0
Destilado alcoólico simples de bagaceira ,2001,0
Destilado alcoólico simples de bagaceira ,2002,0
Destilado alcoólico simples de bagaceira ,2003,0
Destilado alcoólico simples de bagaceira ,2004,0
Destilado alcoólico simples de bagaceira ,2005,0
Destilado alcoólico simples de bagaceira ,2006,0
Destilado alcoólico simples de bagaceira ,2007,0
Destilado alcoólico simples de bagaceira ,2008,0
Destilado alcoólico simples de bagaceira ,2009,0
Destilado alcoólico simples de bagaceira ,2010,0
Destilado alcoólico simples de bagaceira ,2011,0
Destilado alcoólico simples de bagaceira ,2012,0
Destilado alcoólico simples de bagaceira ,2013,0
Destilado alcoólico simples de bagaceira ,2014,0
Destilado alcoólico simples de bagaceira ,2015,0
Destilado alcoólico simples de bagaceira ,2016,0
Destilado alcoólico simples de bagaceira ,2017,0
Destilado alcoólico simples de bagaceira ,2018,0
Destilado alcoólico simples de bagaceira ,2019,0
Destilado alcoólico simples de bagaceira ,2020,500
Destilado alcoólico simples de bagaceira ,2021,3000
Destilado alcoólico simples de bagaceira ,2022,4300
Destilado alcoólico simples de bagaceira ,2023,0
Espumante,1970,0
Espumante,1971,0
Espumante,1972,0
Espumante,1973,0
Espumante,1974,0
Espumante,1975,0
Espumante,1976,0
Espumante,1977,0
Espumante,1978,0
Espumante,1979,0
Espumante,1980,0
Espumante,1981,0
Espumante,1982,0
Espumante,1983,0
Espumante,1984,0
Espumante,1985,0
Espumante,1986,0
Espumante,1987,0
Espumante,1988,76000
Espumante,1989,0
Espumante,1990,0
Espumante,1991,0
Espumante,1992,11000
Espumante,1993,0
Espumante,1994,0
Espumante,1995,0
Espumante,1996,0
Espumante,1997,0
Espumante,1998,0
Espumante,1999,6900
Espumante,2000,71410
Espumante,2001,0
Espumante,2002,0
Espumante,2003,0
Espumante,2004,3999
Espumante,2005,1920
Espumante,2006,26600
Espumante,2007,0
Espumante,2008,88690
Espumante,2009,0
Espumante,2010,10125
Espumante,2011,26361
Espumante,2012,17200
Espumante,2013,30275
Espumante,2014,2700
Espumante,2015,23750
Espumante,2016,1500
Espumante,2017,11280
Espumante,2018,68500
Espumante,2019,52176
Espumante,2020,32399
Espumante,2021,70091
Espumante,2022,70759
Espumante,2023,65525
Espumante moscatel,1970,0
Espumante moscatel,1971,0
Espumante moscatel,1972,0
Espumante moscatel,1973,0
Espumante moscatel,1974,0
Espumante moscatel,1975,0
Espumante moscatel,1976,0
Espumante moscatel,1977,0
Espumante moscatel,1978,0
Espumante moscatel,1979,0
Espumante moscatel,1980,0
Espumante moscatel,1981,0
Espumante moscatel,1982,0
Espumante moscatel,1983,0
Espumante moscatel,1984,0
Espumante moscatel,1985,0
Espumante moscatel,1986,0
Espumante moscatel,1987,0
Espumante moscatel,1988,0
Espumante moscatel,1989,0
Espumante moscatel,1990,0
Espumante moscatel,1991,0
Espumante moscatel,1992,0
Espumante moscatel,1993,0
Espumante moscatel,1994,0
Espumante moscatel,1995,0
Espumante moscatel,1996,0
Espumante moscatel,1997,0
Espumante moscatel,1998,0
Espumante moscatel,1999,0
Espumante moscatel,2000,0
Espumante moscatel,2001,276099
Espumante moscatel,2002,0
Espumante moscatel,2003,147600
Espumante moscatel,2004,204000
Espumante moscatel,2005,514480
Espumante moscatel,2006,320514
Espumante moscatel,2007,589332
Espumante moscatel,2008,1113462
Espumante moscatel,2009,1190500
Espumante moscatel,2010,703393
Espumante moscatel,2011,219100
Espumante moscatel,2012,139775
Espumante moscatel,2013,159781
Espumante moscatel,2014,100000
Espumante moscatel,2015,110100
Espumante moscatel,2016,100000
Espumante moscatel,2017,152375
Espumante moscatel,2018,326200
Espumante moscatel,2019,515800
Espumante moscatel,2020,689139
Espumante moscatel,2021,11950
Espumante moscatel,2022,27200
Espumante moscatel,2023,14744
Espumante orgânico,1970,0
Espumante orgânico,1971,0
Espumante orgânico,1972,0
Espumante orgânico,1973,0
Espumante orgânico,1974,0
Espumante orgânico,1975,0
Espumante orgânico,1976,0
Espumante orgânico,1977,0
Espumante orgânico,1978,0
Espumante orgânico,1979,0
Espumante orgânico,1980,0
Espumante orgânico,1981,0
Espumante orgânico,1982,0
Espumante orgânico,1983,0
Espumante orgânico,1984,0
Espumante orgânico,1985,0
Espumante orgânico,1986,0
Espumante orgânico,1987,0
Espumante orgânico,1988,0
Espumante orgânico,1989,0
Espumante orgânico,1990,0
Espumante orgânico,1991,0
Espumante orgânico,1992,0
Espumante orgânico,1993,0
Espumante orgânico,1994,0
Espumante orgânico,1995,0
Espumante orgânico,1996,0
Espumante orgânico,1997,0
Espumante orgânico,1998,0
Espumante orgânico,1999,0
Espumante orgânico,2000,0
Espumante orgânico,2001,0
Espumante orgânico,2002,0
Espumante orgânico,2003,0
Espumante orgânico,2004,0
Espumante orgânico,2005,0
Espumante orgânico,2006,0
Espumante orgânico,2007,0
Espumante orgânico,2008,0
Espumante orgânico,2009,0
Espumante orgânico,2010,0
Espumante orgânico,2011,0
Espumante orgânico,2012,0
Espumante orgânico,2013,0
Espumante orgânico,2014,0
Espumante orgânico,2015,0
Espumante orgânico,2016,0
Espumante orgânico,2017,0
Espumante orgânico,2018,0
Espumante orgânico,2019,0
Espumante orgânico,2020,0
Espumante orgânico,2021,2412
Espumante orgânico,2022,0
Espumante orgânico,2023,1365
Filtrado,1970,0
Filtrado,1971,0
Filtrado,1972,0
Filtrado,1973,0
Filtrado,1974,0
Filtrado,1975,0
Filtrado,1976,0
Filtrado,1977,0
Filtrado,1978,0
Filtrado,1979,0
Filtrado,1980,0
Filtrado,1981,0
Filtrado,1982,0
Filtrado,1983,0
Filtrado,1984,0
Filtrado,1985,0
Filtrado,1986,0
Filtrado,1987,0
Filtrado,1988,88000
Filtrado,1989,39000
Filtrado,1990,11000
Filtrado,1991,18000
Filtrado,1992,11000
Filtrado,1993,0
Filtrado,1994,0
Filtrado,1995,0
Filtrado,1996,0
Filtrado,1997,0
Filtrado,1998,0
Filtrado,1999,0
Filtrado,2000,0
Filtrado,2001,0
Filtrado,2002,0
Filtrado,2003,0
Filtrado,2004,0
Filtrado,2005,0
Filtrado,2006,0
Filtrado,2007,0
Filtrado,2008,0
Filtrado,2009,0
Filtrado,2010,0
Filtrado,2011,0
Filtrado,2012,0
Filtrado,2013,0
Filtrado,2014,0
Filtrado,2015,0
Filtrado,2016,0
Filtrado,2017,0
Filtrado,2018,0
Filtrado,2019,0
Filtrado,2020,0
Filtrado,2021,0
Filtrado,2022,0
Filtrado,2023,0
Frisante,1970,0
Frisante,1971,0
Frisante,1972,0
Frisante,1973,0
Frisante,1974,0
Frisante,1975,0
Frisante,1976,0
Frisante,1977,0
Frisante,1978,0
Frisante,1979,0
Frisante,1980,0
Frisante,1981,0
Frisante,1982,0
Frisante,1983,0
Frisante,1984,0
Frisante,1985,0
Frisante,1986,0
Frisante,1987,0
Frisante,1988,0
Frisante,1989,0
Frisante,1990,0
Frisante,1991,0
Frisante,1992,0
Frisante,1993,0
Frisante,1994,0
Frisante,1995,0
Frisante,1996,0
Frisante,1997,0
Frisante,1998,0
Frisante,1999,0
Frisante,2000,0
Frisante,2001,0
Frisante,2002,0
Frisante,2003,0
Frisante,2004,0
Frisante,2005,0
Frisante,2006,0
Frisante,2007,0
Frisante,2008,0
Frisante,2009,0
Frisante,2010,831000
Frisante,2011,1003800
Frisante,2012,778500
Frisante,2013,1009000
Frisante,2014,26069
Frisante,2015,0
Frisante,2016,0
Frisante,2017,0
Frisante,2018,0
Frisante,2019,0
Frisante,2020,0
Frisante,2021,1390
Frisante,2022,0
Frisante,2023,0
Jeropiga,1970,0
Jeropiga,1971,0
Jeropiga,1972,0
Jeropiga,1973,0
Jeropiga,1974,0
Jeropiga,1975,0
Jeropiga,1976,107500
Jeropiga,1977,12500
Jeropiga,1978,60000
Jeropiga,1979,20000
Jeropiga,1980,0
Jeropiga,1981,0
Jeropiga,1982,0
Jeropiga,1983,0
Jeropiga,1984,0
Jeropiga,1985,234500
Jeropiga,1986,173000
Jeropiga,1987,122000
Jeropiga,1988,61000
Jeropiga,1989,42000
Jeropiga,1990,0
Jeropiga,1991,0
Jeropiga,1992,60000
Jeropiga,1993,0
Jeropiga,1994,0
Jeropiga,1995,0
Jeropiga,1996,0
Jeropiga,1997,0
Jeropiga,1998,0
Jeropiga,1999,0
Jeropiga,2000,0
Jeropiga,2001,0
Jeropiga,2002,0
Jeropiga,2003,0
Jeropiga,2004,0
Jeropiga,2005,0
Jeropiga,2006,0
Jeropiga,2007,0
Jeropiga,2008,0
Jeropiga,2009,0
Jeropiga,2010,69000
Jeropiga,2011,0
Jeropiga,2012,0
Jeropiga,2013,0
Jeropiga,2014,0
Jeropiga,2015,0
Jeropiga,2016,0
Jeropiga,2017,0
Jeropiga,2018,0
Jeropiga,2019,0
Jeropiga,2020,2000
Jeropiga,2021,3540
Jeropiga,2022,5000
Jeropiga,2023,4500
Licor de bagaceira,1970,0
Licor de bagaceira,1971,0
Licor de bagaceira,1972,0
Licor de bagaceira,1973,0
Licor de bagaceira,1974,0
Licor de bagaceira,1975,0
Licor de bagaceira,1976,0
Licor de bagaceira,1977,0
Licor de bagaceira,1978,0
Licor de bagaceira,1979,0
Licor de bagaceira,1980,0
Licor de bagaceira,1981,0
Licor de bagaceira,1982,0
Licor de bagaceira,1983,0
Licor de bagaceira,1984,0
Licor de bagaceira,1985,0
Licor de bagaceira,1986,0
Licor de bagaceira,1987,0
Licor de bagaceira,1988,0
Licor de bagaceira,1989,0
Licor de bagaceira,1990,0
Licor de bagaceira,1991,0
Licor de bagaceira,1992,0
Licor de bagaceira,1993,0
Licor de bagaceira,1994,0
Licor de bagaceira,1995,0
Licor de bagaceira,1996,0
Licor de bagaceira,1997,0
Licor de bagaceira,1998,0
Licor de bagaceira,1999,0
Licor de bagaceira,2000,0
Licor de bagaceira,2001,0
Licor de bagaceira,2002,0
Licor de bagaceira,2003,0
Licor de bagaceira,2004,0
Licor de bagaceira,2005,0
Licor de bagaceira,2006,0
Licor de bagaceira,2007,0
Licor de bagaceira,2008,0
Licor de bagaceira,2009,0
Licor de bagaceira,2010,0
Licor de bagaceira,2011,0
Licor de bagaceira,2012,0
Licor de bagaceira,2013,0
Licor de bagaceira,2014,0
Licor de bagaceira,2015,0
Licor de bagaceira,2016,0
Licor de bagaceira,2017,0
Licor de bagaceira,2018,0
Licor de bagaceira,2019,1507
Licor de bagaceira,2020,5800
Licor de bagaceira,2021,0
Licor de bagaceira,2022,0
Licor de bagaceira,2023,0
Licorosos,1970,282500
Licorosos,1971,270000
Licorosos,1972,254600
Licorosos,1973,176500
Licorosos,1974,135000
Licorosos,1975,24000
Licorosos,1976,4400
Licorosos,1977,525000
Licorosos,1978,479971
Licorosos,1979,34000
Licorosos,1980,0
Licorosos,1981,0
Licorosos,1982,0
Licorosos,1983,0
Licorosos,1984,0
Licorosos,1985,0
Licorosos,1986,0
Licorosos,1987,0
Licorosos,1988,3000
Licorosos,1989,20000
Licorosos,1990,24300
Licorosos,1991,11500
Licorosos,1992,7800
Licorosos,1993,0
Licorosos,1994,0
Licorosos,1995,0
Licorosos,1996,0
Licorosos,1997,0
Licorosos,1998,0
Licorosos,1999,44740
Licorosos,2000,21000
Licorosos,2001,4000
Licorosos,2002,0
Licorosos,2003,34420
Licorosos,2004,0
Licorosos,2005,0
Licorosos,2006,0
Licorosos,2007,0
Licorosos,2008,0
Licorosos,2009,38000
Licorosos,2010,0
Licorosos,2011,0
Licorosos,2012,26775
Licorosos,2013,0
Licorosos,2014,0
Licorosos,2015,0
Licorosos,2016,0
Licorosos,2017,110820
Licorosos,2018,0
Licorosos,2019,0
Licorosos,2020,0
Licorosos,2021,0
Licorosos,2022,0
Licorosos,2023,0
Mistelas,1970,1072100
Mistelas,1971,818400
Mistelas,1972,871200
Mistelas,1973,512900
Mistelas,1974,826300
Mistelas,1975,223000
Mistelas,1976,205500
Mistelas,1977,553200
Mistelas,1978,242150
Mistelas,1979,60300
Mistelas,1980,0
Mistelas,1981,0
Mistelas,1982,0
Mistelas,1983,0
Mistelas,1984,0
Mistelas,1985,0
Mistelas,1986,378400
Mistelas,1987,402600
Mistelas,1988,196000
Mistelas,1989,32000
Mistelas,1990,149000
Mistelas,1991,0
Mistelas,1992,0
Mistelas,1993,0
Mistelas,1994,0
Mistelas,1995,0
Mistelas,1996,0
Mistelas,1997,0
Mistelas,1998,0
Mistelas,1999,0
Mistelas,2000,33000
Mistelas,2001,15000
Mistelas,2002,0
Mistelas,2003,5500
Mistelas,2004,11500
Mistelas,2005,9960
Mistelas,2006,0
Mistelas,2007,1900
Mistelas,2008,2000
Mistelas,2009,3500
Mistelas,2010,0
Mistelas,2011,0
Mistelas,2012,200
Mistelas,2013,2500
Mistelas,2014,1000
Mistelas,2015,0
Mistelas,2016,0
Mistelas,2017,1500
Mistelas,2018,2000
Mistelas,2019,3000
Mistelas,2020,0
Mistelas,2021,2500
Mistelas,2022,0
Mistelas,2023,600
Mosto concentrado,1970,0
Mosto concentrado,1971,0
Mosto concentrado,1972,0
Mosto concentrado,1973,0
Mosto concentrado,1974,0
Mosto concentrado,1975,0
Mosto concentrado,1976,0
Mosto concentrado,1977,0
Mosto concentrado,1978,0
Mosto concentrado,1979,0
Mosto concentrado,1980,0
Mosto concentrado,1981,0
Mosto concentrado,1982,0
Mosto concentrado,1983,0
Mosto concentrado,1984,0
Mosto concentrado,1985,354707
Mosto concentrado,1986,295800
Mosto concentrado,1987,400500
Mosto concentrado,1988,384200
Mosto concentrado,1989,732470
Mosto concentrado,1990,1098250
Mosto concentrado,1991,921400
Mosto concentrado,1992,288900
Mosto concentrado,1993,355100
Mosto concentrado,1994,335500
Mosto concentrado,1995,265000
Mosto concentrado,1996,292000
Mosto concentrado,1997,490000
Mosto concentrado,1998,381000
Mosto concentrado,1999,411354
Mosto concentrado,2000,0
Mosto concentrado,2001,0
Mosto concentrado,2002,0
Mosto concentrado,2003,0
Mosto concentrado,2004,0
Mosto concentrado,2005,83116
Mosto concentrado,2006,0
Mosto concentrado,2007,110000
Mosto concentrado,2008,0
Mosto concentrado,2009,0
Mosto concentrado,2010,0
Mosto concentrado,2011,0
Mosto concentrado,2012,0
Mosto concentrado,2013,0
Mosto concentrado,2014,0
Mosto concentrado,2015,0
Mosto concentrado,2016,0
Mosto concentrado,2017,0
Mosto concentrado,2018,0
Mosto concentrado,2019,0
Mosto concentrado,2020,0
Mosto concentrado,2021,0
Mosto concentrado,2022,0
Mosto concentrado,2023,0
Mosto de uva com bagaço,1970,0
Mosto de uva com bagaço,1971,0
Mosto de uva com bagaço,1972,0
Mosto de uva com bagaço,1973,0
Mosto de uva com bagaço,1974,0
Mosto de uva com bagaço,1975,0
Mosto de uva com bagaço,1976,0
Mosto de uva com bagaço,1977,0
Mosto de uva com bagaço,1978,0
Mosto de uva com bagaço,1979,0
Mosto de uva com bagaço,1980,0
Mosto de uva com bagaço,1981,0
Mosto de uva com bagaço,1982,0
Mosto de uva com bagaço,1983,0
Mosto de uva com bagaço,1984,0
Mosto de uva com bagaço,1985,0
Mosto de uva com bagaço,1986,0
Mosto de uva com bagaço,1987,0
Mosto de uva com bagaço,1988,0
Mosto de uva com bagaço,1989,0
Mosto de uva com bagaço,1990,0
Mosto de uva com bagaço,1991,0
Mosto de uva com bagaço,1992,0
Mosto de uva com bagaço,1993,0
Mosto de uva com bagaço,1994,0
Mosto de uva com bagaço,1995,0
Mosto de uva com bagaço,1996,0
Mosto de uva com bagaço,1997,0
Mosto de uva com bagaço,1998,0
Mosto de uva com bagaço,1999,0
Mosto de uva com bagaço,2000,0
Mosto de uva com bagaço,2001,0
Mosto de uva com bagaço,2002,0
Mosto de uva com bagaço,2003,0
Mosto de uva com bagaço,2004,0
Mosto de uva com bagaço,2005,0
Mosto de uva com bagaço,2006,0
Mosto de uva com bagaço,2007,0
Mosto de uva com bagaço,2008,0
Mosto de uva com bagaço,2009,0
Mosto de uva com bagaço,2010,0
Mosto de uva com bagaço,2011,1037600
Mosto de uva com bagaço,2012,0
Mosto de uva com bagaço,2013,0
Mosto de uva com bagaço,2014,0
Mosto de uva com bagaço,2015,0
Mosto de uva com bagaço,2016,0
Mosto de uva com bagaço,2017,772110
Mosto de uva com bagaço,2018,0
Mosto de uva com bagaço,2019,645816
Mosto de uva com bagaço,2020,3078256
Mosto de uva com bagaço,2021,618764
Mosto de uva com bagaço,2022,0
Mosto de uva com bagaço,2023,7784
Mosto dessulfitado,1970,0
Mosto dessulfitado,1971,0
Mosto dessulfitado,1972,0
Mosto dessulfitado,1973,0
Mosto dessulfitado,1974,0
Mosto dessulfitado,1975,0
Mosto dessulfitado,1976,0
Mosto dessulfitado,1977,0
Mosto dessulfitado,1978,0
Mosto dessulfitado,1979,0
Mosto dessulfitado,1980,0
Mosto dessulfitado,1981,0
Mosto dessulfitado,1982,0
Mosto dessulfitado,1983,0
Mosto dessulfitado,1984,0
Mosto dessulfitado,1985,0
Mosto dessulfitado,1986,0
Mosto dessulfitado,1987,0
Mosto dessulfitado,1988,0
Mosto dessulfitado,1989,0
Mosto dessulfitado,1990,0
Mosto dessulfitado,1991,0
Mosto dessulfitado,1992,0
Mosto dessulfitado,1993,0
Mosto dessulfitado,1994,0
Mosto dessulfitado,1995,0
Mosto dessulfitado,1996,0
Mosto dessulfitado,1997,0
Mosto dessulfitado,1998,0
Mosto dessulfitado,1999,0
Mosto dessulfitado,2000,0
Mosto dessulfitado,2001,0
Mosto dessulfitado,2002,0
Mosto dessulfitado,2003,0
Mosto dessulfitado,2004,0
Mosto dessulfitado,2005,0
Mosto dessulfitado,2006,0
Mosto dessulfitado,2007,0
Mosto dessulfitado,2008,0
Mosto dessulfitado,2009,0
Mosto dessulfitado,2010,0
Mosto dessulfitado,2011,0
Mosto dessulfitado,2012,0
Mosto dessulfitado,2013,0
Mosto dessulfitado,2014,0
Mosto dessulfitado,2015,0
Mosto dessulfitado,2016,0
Mosto dessulfitado,2017,0
Mosto dessulfitado,2018,0
Mosto dessulfitado,2019,1000
Mosto dessulfitado,2020,5000
Mosto dessulfitado,2021,1532000
Mosto dessulfitado,2022,0
Mosto dessulfitado,2023,0
Mosto parcialmente fermentado ,1970,0
Mosto parcialmente fermentado ,1971,0
Mosto parcialmente fermentado ,1972,0
Mosto parcialmente fermentado ,1973,0
Mosto parcialmente fermentado ,1974,0
Mosto parcialmente fermentado ,1975,0
Mosto parcialmente fermentado ,1976,0
Mosto parcialmente fermentado ,1977,0
Mosto parcialmente fermentado ,1978,0
Mosto parcialmente fermentado ,1979,0
Mosto parcialmente fermentado ,1980,0
Mosto parcialmente fermentado ,1981,0
Mosto parcialmente fermentado ,1982,0
Mosto parcialmente fermentado ,1983,0
Mosto parcialmente fermentado ,1984,0
Mosto parcialmente fermentado ,1985,0
Mosto parcialmente fermentado ,1986,0
Mosto parcialmente fermentado ,1987,0
Mosto parcialmente fermentado ,1988,0
Mosto parcialmente fermentado ,1989,0
Mosto parcialmente fermentado ,1990,0
Mosto parcialmente fermentado ,1991,0
Mosto parcialmente fermentado ,1992,0
Mosto parcialmente fermentado ,1993,0
Mosto parcialmente fermentado ,1994,0
Mosto parcialmente fermentado ,1995,0
Mosto parcialmente fermentado ,1996,0
Mosto parcialmente fermentado ,1997,0
Mosto parcialmente fermentado ,1998,0
Mosto parcialmente fermentado ,1999,0
Mosto parcialmente fermentado ,2000,0
Mosto parcialmente fermentado ,2001,0
Mosto parcialmente fermentado ,2002,0
Mosto parcialmente fermentado ,2003,0
Mosto parcialmente fermentado ,2004,0
Mosto parcialmente fermentado ,2005,0
Mosto parcialmente fermentado ,2006,0
Mosto parcialmente fermentado ,2007,0
Mosto parcialmente fermentado ,2008,0
Mosto parcialmente fermentado ,2009,0
Mosto parcialmente fermentado ,2010,0
Mosto parcialmente fermentado ,2011,0
Mosto parcialmente fermentado ,2012,0
Mosto parcialmente fermentado ,2013,0
Mosto parcialmente fermentado ,2014,0
Mosto parcialmente fermentado ,2015,0
Mosto parcialmente fermentado ,2016,0
Mosto parcialmente fermentado ,2017,0
Mosto parcialmente fermentado ,2018,0
Mosto parcialmente fermentado ,2019,0
Mosto parcialmente fermentado ,2020,0
Mosto parcialmente fermentado ,2021,543510
Mosto parcialmente fermentado ,2022,0
Mosto parcialmente fermentado ,2023,0
Mosto simples,1970,7170736
Mosto simples,1971,7646774
Mosto simples,1972,6051822
Mosto simples,1973,21779327
Mosto simples,1974,41346735
Mosto simples,1975,48185206
Mosto simples,1976,18220527
Mosto simples,1977,22097156
Mosto simples,1978,40052456
Mosto simples,1979,34318456
Mosto simples,1980,37553414
Mosto simples,1981,48762185
Mosto simples,1982,37506770
Mosto simples,1983,27314628
Mosto simples,1984,17331744
Mosto simples,1985,10637557
Mosto simples,1986,7031320
Mosto simples,1987,7821040
Mosto simples,1988,16544460
Mosto simples,1989,8141100
Mosto simples,1990,13307690
Mosto simples,1991,17407568
Mosto simples,1992,27491540
Mosto simples,1993,17218000
Mosto simples,1994,10972700
Mosto simples,1995,20917600
Mosto simples,1996,12111372
Mosto simples,1997,19066000
Mosto simples,1998,11046570
Mosto simples,1999,14359734
Mosto simples,2000,16192018
Mosto simples,2001,6977231
Mosto simples,2002,12875000
Mosto simples,2003,13172480
Mosto simples,2004,26067525
Mosto simples,2005,22429791
Mosto simples,2006,25903812
Mosto simples,2007,37558010
Mosto simples,2008,53683415
Mosto simples,2009,53418555
Mosto simples,2010,45912040
Mosto simples,2011,77285998
Mosto simples,2012,93341575
Mosto simples,2013,58517506
Mosto simples,2014,57582195
Mosto simples,2015,100911592
Mosto simples,2016,49770993
Mosto simples,2017,101010116
Mosto simples,2018,88910980
Mosto simples,2019,135614344
Mosto simples,2020,80355474
Mosto simples,2021,153579926
Mosto simples,2022,126048241
Mosto simples,2023,157848983
Néctar de uva,1970,0
Néctar de uva,1971,0
Néctar de uva,1972,0
Néctar de uva,1973,0
Néctar de uva,1974,0
Néctar de uva,1975,0
Néctar de uva,1976,0
Néctar de uva,1977,0
Néctar de uva,1978,0
Néctar de uva,1979,0
Néctar de uva,1980,0
Néctar de uva,1981,0
Néctar de uva,1982,0
Néctar de uva,1983,0
Néctar de uva,1984,0
Néctar de uva,1985,0
Néctar de uva,1986,0
Néctar de uva,1987,0
Néctar de uva,1988,0
Néctar de uva,1989,0
Néctar de uva,1990,0
Néctar de uva,1991,0
Néctar de uva,1992,0
Néctar de uva,1993,0
Néctar de uva,1994,0
Néctar de uva,1995,0
Néctar de uva,1996,0
Néctar de uva,1997,0
Néctar de uva,1998,0
Néctar de uva,1999,0
Néctar de uva,2000,0
Néctar de uva,2001,0
Néctar de uva,2002,0
Néctar de uva,2003,0
Néctar de uva,2004,0
Néctar de uva,2005,0
Néctar de uva,2006,0
Néctar de uva,2007,0
Néctar de uva,2008,0
Néctar de uva,2009,0
Néctar de uva,2010,0
Néctar de uva,2011,0
Néctar de uva,2012,0
Néctar de uva,2013,10000
Néctar de uva,2014,1140
Néctar de uva,2015,1000
Néctar de uva,2016,0
Néctar de uva,2017,3000
Néctar de uva,2018,0
Néctar de uva,2019,32519
Néctar de uva,2020,46000
Néctar de uva,2021,18187
Néctar de uva,2022,0
Néctar de uva,2023,70976
Outros derivados,1970,0
Outros derivados,1971,0
Outros derivados,1972,0
Outros derivados,1973,0
Outros derivados,1974,0
Outros derivados,1975,0
Outros derivados,1976,0
Outros derivados,1977,0
Outros derivados,1978,0
Outros derivados,1979,0
Outros derivados,1980,0
Outros derivados,1981,0
Outros derivados,1982,0
Outros derivados,1983,0
Outros derivados,1984,0
Outros derivados,1985,0
Outros derivados,1986,0
Outros derivados,1987,0
Outros derivados,1988,0
Outros derivados,1989,0
Outros derivados,1990,0
Outros derivados,1991,0
Outros derivados,1992,0
Outros derivados,1993,0
Outros derivados,1994,0
Outros derivados,1995,0
Outros derivados,1996,0
Outros derivados,1997,0
Outros derivados,1998,0
Outros derivados,1999,0
Outros derivados,2000,0
Outros derivados,2001,0
Outros derivados,2002,0
Outros derivados,2003,0
Outros derivados,2004,0
Outros derivados,2005,0
Outros derivados,2006,0
Outros derivados,2007,0
Outros derivados,2008,0
Outros derivados,2009,0
Outros derivados,2010,0
Outros derivados,2011,0
Outros derivados,2012,0
Outros derivados,2013,0
Outros derivados,2014,0
Outros derivados,2015,0
Outros derivados,2016,0
Outros derivados,2017,0
Outros derivados,2018,0
Outros derivados,2019,0
Outros derivados,2020,0
Outros derivados,2021,322
Outros derivados,2022,247228
Outros derivados,2023,652301
Pisco,1970,0
Pisco,1971,0
Pisco,1972,0
Pisco,1973,0
Pisco,1974,0
Pisco,1975,0
Pisco,1976,0
Pisco,1977,0
Pisco,1978,0
Pisco,1979,0
Pisco,1980,0
Pisco,1981,0
Pisco,1982,0
Pisco,1983,0
Pisco,1984,0
Pisco,1985,0
Pisco,1986,0
Pisco,1987,0
Pisco,1988,0
Pisco,1989,0
Pisco,1990,0
Pisco,1991,0
Pisco,1992,0
Pisco,1993,0
Pisco,1994,0
Pisco,1995,0
Pisco,1996,0
Pisco,1997,0
Pisco,1998,0
Pisco,1999,0
Pisco,2000,0
Pisco,2001,0
Pisco,2002,0
Pisco,2003,0
Pisco,2004,0
Pisco,2005,0
Pisco,2006,0
Pisco,2007,0
Pisco,2008,0
Pisco,2009,0
Pisco,2010,0
Pisco,2011,0
Pisco,2012,0
Pisco,2013,0
Pisco,2014,0
Pisco,2015,0
Pisco,2016,0
Pisco,2017,0
Pisco,2018,0
Pisco,2019,3372
Pisco,2020,1000
Pisco,2021,0
Pisco,2022,0
Pisco,2023,0
Polpa de uva,1970,0
Polpa de uva,1971,0
Polpa de uva,1972,0
Polpa de uva,1973,0
Polpa de uva,1974,0
Polpa de uva,1975,0
Polpa de uva,1976,0
Polpa de uva,1977,0
Polpa de uva,1978,0
Polpa de uva,1979,0
Polpa de uva,1980,0
Polpa de uva,1981,0
Polpa de uva,1982,0
Polpa de uva,1983,0
Polpa de uva,1984,0
Polpa de uva,1985,0
Polpa de uva,1986,0
Polpa de uva,1987,0
Polpa de uva,1988,0
Polpa de uva,1989,0
Polpa de uva,1990,0
Polpa de uva,1991,0
Polpa de uva,1992,0
Polpa de uva,1993,0
Polpa de uva,1994,0
Polpa de uva,1995,0
Polpa de uva,1996,0
Polpa de uva,1997,0
Polpa de uva,1998,0
Polpa de uva,1999,0
Polpa de uva,2000,0
Polpa de uva,2001,0
Polpa de uva,2002,0
Polpa de uva,2003,0
Polpa de uva,2004,890562
Polpa de uva,2005,1350672
Polpa de uva,2006,1006000
Polpa de uva,2007,1083202
Polpa de uva,2008,1188260
Polpa de uva,2009,1352417
Polpa de uva,2010,1951606
Polpa de uva,2011,2480120
Polpa de uva,2012,2797665
Polpa de uva,2013,1742152
Polpa de uva,2014,2484000
Polpa de uva,2015,2371140
Polpa de uva,2016,1620430
Polpa de uva,2017,2507125
Polpa de uva,2018,2112683
Polpa de uva,2019,1480269
Polpa de uva,2020,1803472
Polpa de uva,2021,1180578
Polpa de uva,2022,387886
Polpa de uva,2023,1388251
Rosado,1970,42236152
Rosado,1970,744900
Rosado,1971,31970782
Rosado,1971,664687
Rosado,1972,26960004
Rosado,1972,1006630
Rosado,1973,27877426
Rosado,1973,1018715
Rosado,1974,43192093
Rosado,1974,2668995
Rosado,1975,31685568
Rosado,1975,2759789
Rosado,1976,24333795
Rosado,1976,2220777
Rosado,1977,35603565
Rosado,1977,4723982
Rosado,1978,32056558
Rosado,1978,4110181
Rosado,1979,49370148
Rosado,1979,6046125
Rosado,1980,23284978
Rosado,1980,3117350
Rosado,1981,39425814
Rosado,1981,5782808
Rosado,1982,35622605
Rosado,1982,3042581
Rosado,1983,20989120
Rosado,1983,2111937
Rosado,1984,38563073
Rosado,1984,2115718
Rosado,1985,35595899
Rosado,1985,3007930
Rosado,1986,22072645
Rosado,1986,1482068
Rosado,1987,25128167
Rosado,1987,948649
Rosado,1988,38383071
Rosado,1988,1428400
Rosado,1989,20267523
Rosado,1989,1648300
Rosado,1990,22676272
Rosado,1990,3858200
Rosado,1991,11400830
Rosado,1991,209800
Rosado,1992,19163270
Rosado,1992,306500
Rosado,1993,14596702
Rosado,1993,518842
Rosado,1994,12301693
Rosado,1994,667200
Rosado,1995,32141555
Rosado,1995,992200
Rosado,1996,12947240
Rosado,1996,611300
Rosado,1997,24514261
Rosado,1997,605600
Rosado,1998,16546829
Rosado,1998,798400
Rosado,1999,15843212
Rosado,1999,515000
Rosado,2000,19880630
Rosado,2000,709000
Rosado,2001,9342185
Rosado,2001,178000
Rosado,2002,8367750
Rosado,2002,124504
Rosado,2003,6170398
Rosado,2003,135400
Rosado,2004,8069892
Rosado,2004,36779
Rosado,2005,6169620
Rosado,2005,31730
Rosado,2006,3809942
Rosado,2006,50900
Rosado,2007,5013136
Rosado,2007,791985
Rosado,2008,3506830
Rosado,2008,938898
Rosado,2009,2063474
Rosado,2009,324550
Rosado,2010,2569809
Rosado,2010,391280
Rosado,2011,1719887
Rosado,2011,754305
Rosado,2012,1963356
Rosado,2012,525903
Rosado,2013,1726022
Rosado,2013,719723
Rosado,2014,958691
Rosado,2014,1200514
Rosado,2015,939838
Rosado,2015,841120
Rosado,2016,312725
Rosado,2016,590713
Rosado,2017,36121245
Rosado,2017,1167258
Rosado,2018,875524
Rosado,2018,1291709
Rosado,2019,1551794
Rosado,2019,2032990
Rosado,2020,715289
Rosado,2020,1576888
Rosado,2021,1391200
Rosado,2021,2173750
Rosado,2022,1988968
Rosado,2022,2197265
Rosado,2023,2531246
Rosado,2023,1959336
SUCO,1970,1097771
SUCO,1971,2296654
SUCO,1972,3509440
SUCO,1973,0
SUCO,1974,0
SUCO,1975,0
SUCO,1976,0
SUCO,1977,0
SUCO,1978,0
SUCO,1979,0
SUCO,1980,0
SUCO,1981,0
SUCO,1982,0
SUCO,1983,0
SUCO,1984,0
SUCO,1985,6631667
SUCO,1986,4313768
SUCO,1987,5469016
SUCO,1988,7586870
SUCO,1989,6923183
SUCO,1990,10423252
SUCO,1991,11324462
SUCO,1992,10797624
SUCO,1993,12031753
SUCO,1994,13343721
SUCO,1995,12893959
SUCO,1996,9189900
SUCO,1997,13409014
SUCO,1998,13904186
SUCO,1999,15532303
SUCO,2000,17722779
SUCO,2001,17987182
SUCO,2002,20228691
SUCO,2003,12420745
SUCO,2004,24078112
SUCO,2005,27960596
SUCO,2006,31361096
SUCO,2007,30136844
SUCO,2008,35647994
SUCO,2009,39715098
SUCO,2010,50125944
SUCO,2011,69364324
SUCO,2012,70066732
SUCO,2013,64879790
SUCO,2014,76723537
SUCO,2015,87894468
SUCO,2016,42210389
SUCO,2017,77161971
SUCO,2018,65467906
SUCO,2019,77805352
SUCO,2020,69261287
SUCO,2021,100932264
SUCO,2022,65809079
SUCO,2023,67045238
Suco de uva adoçado,1970,0
Suco de uva adoçado,1971,0
Suco de uva adoçado,1972,0
Suco de uva adoçado,1973,0
Suco de uva adoçado,1974,0
Suco de uva adoçado,1975,0
Suco de uva adoçado,1976,0
Suco de uva adoçado,1977,0
Suco de uva adoçado,1978,0
Suco de uva adoçado,1979,0
Suco de uva adoçado,1980,0
Suco de uva adoçado,1981,0
Suco de uva adoçado,1982,0
Suco de uva adoçado,1983,0
Suco de uva adoçado,1984,0
Suco de uva adoçado,1985,0
Suco de uva adoçado,1986,0
Suco de uva adoçado,1987,0
Suco de uva adoçado,1988,0
Suco de uva adoçado,1989,0
Suco de uva adoçado,1990,0
Suco de uva adoçado,1991,0
Suco de uva adoçado,1992,0
Suco de uva adoçado,1993,0
Suco de uva adoçado,1994,0
Suco de uva adoçado,1995,0
Suco de uva adoçado,1996,0
Suco de uva adoçado,1997,0
Suco de uva adoçado,1998,0
Suco de uva adoçado,1999,0
Suco de uva adoçado,2000,0
Suco de uva adoçado,2001,0
Suco de uva adoçado,2002,0
Suco de uva adoçado,2003,0
Suco de uva adoçado,2004,0
Suco de uva adoçado,2005,1344177
Suco de uva adoçado,2006,0
Suco de uva adoçado,2007,709098
Suco de uva adoçado,2008,815407
Suco de uva adoçado,2009,674638
Suco de uva adoçado,2010,0
Suco de uva adoçado,2011,312200
Suco de uva adoçado,2012,533048
Suco de uva adoçado,2013,0
Suco de uva adoçado,2014,0
Suco de uva adoçado,2015,0
Suco de uva adoçado,2016,0
Suco de uva adoçado,2017,177774
Suco de uva adoçado,2018,0
Suco de uva adoçado,2019,120320
Suco de uva adoçado,2020,107289
Suco de uva adoçado,2021,40450
Suco de uva adoçado,2022,79130
Suco de uva adoçado,2023,94587
Suco de uva concentrado,1970,0
Suco de uva concentrado,1971,0
Suco de uva concentrado,1972,0
Suco de uva concentrado,1973,0
Suco de uva concentrado,1974,0
Suco de uva concentrado,1975,0
Suco de uva concentrado,1976,0
Suco de uva concentrado,1977,0
Suco de uva concentrado,1978,0
Suco de uva concentrado,1979,0
Suco de uva concentrado,1980,0
Suco de uva concentrado,1981,0
Suco de uva concentrado,1982,0
Suco de uva concentrado,1983,0
Suco de uva concentrado,1984,0
Suco de uva concentrado,1985,3086961
Suco de uva concentrado,1986,2197261
Suco de uva concentrado,1987,3206776
Suco de uva concentrado,1988,5568870
Suco de uva concentrado,1989,4098583
Suco de uva concentrado,1990,7574692
Suco de uva concentrado,1991,7715462
Suco de uva concentrado,1992,6763926
Suco de uva concentrado,1993,8230953
Suco de uva concentrado,1994,9459721
Suco de uva concentrado,1995,8770183
Suco de uva concentrado,1996,6782000
Suco de uva concentrado,1997,10524045
Suco de uva concentrado,1998,10000000
Suco de uva concentrado,1999,11400000
Suco de uva concentrado,2000,14176000
Suco de uva concentrado,2001,12790752
Suco de uva concentrado,2002,14722802
Suco de uva concentrado,2003,11048364
Suco de uva concentrado,2004,17855732
Suco de uva concentrado,2005,19513244
Suco de uva concentrado,2006,17414605
Suco de uva concentrado,2007,19280709
Suco de uva concentrado,2008,23014646
Suco de uva concentrado,2009,23006457
Suco de uva concentrado,2010,23238685
Suco de uva concentrado,2011,29564324
Suco de uva concentrado,2012,37624855
Suco de uva concentrado,2013,31206394
Suco de uva concentrado,2014,33392314
Suco de uva concentrado,2015,35661313
Suco de uva concentrado,2016,11092520
Suco de uva concentrado,2017,30059271
Suco de uva concentrado,2018,31099910
Suco de uva concentrado,2019,26861009
Suco de uva concentrado,2020,27963865
Suco de uva concentrado,2021,32131218
Suco de uva concentrado,2022,29892550
Suco de uva concentrado,2023,28216760
Suco de uva integral,1970,1097771
Suco de uva integral,1971,2296654
Suco de uva integral,1972,3509440
Suco de uva integral,1973,0
Suco de uva integral,1974,0
Suco de uva integral,1975,0
Suco de uva integral,1976,0
Suco de uva integral,1977,0
Suco de uva integral,1978,0
Suco de uva integral,1979,0
Suco de uva integral,1980,0
Suco de uva integral,1981,0
Suco de uva integral,1982,0
Suco de uva integral,1983,0
Suco de uva integral,1984,0
Suco de uva integral,1985,3544706
Suco de uva integral,1986,2116507
Suco de uva integral,1987,2262240
Suco de uva integral,1988,2018000
Suco de uva integral,1989,2824600
Suco de uva integral,1990,2848560
Suco de uva integral,1991,3609000
Suco de uva integral,1992,4033698
Suco de uva integral,1993,3800800
Suco de uva integral,1994,3884000
Suco de uva integral,1995,4123776
Suco de uva integral,1996,2407900
Suco de uva integral,1997,2884969
Suco de uva integral,1998,3904186
Suco de uva integral,1999,4132303
Suco de uva integral,2000,3546779
Suco de uva integral,2001,5196430
Suco de uva integral,2002,5505889
Suco de uva integral,2003,1372381
Suco de uva integral,2004,6222380
Suco de uva integral,2005,7103175
Suco de uva integral,2006,13946491
Suco de uva integral,2007,10147037
Suco de uva integral,2008,11817941
Suco de uva integral,2009,16034003
Suco de uva integral,2010,26887259
Suco de uva integral,2011,39487800
Suco de uva integral,2012,31908829
Suco de uva integral,2013,33673396
Suco de uva integral,2014,43331223
Suco de uva integral,2015,52233155
Suco de uva integral,2016,31117869
Suco de uva integral,2017,46865626
Suco de uva integral,2018,34367996
Suco de uva integral,2019,50239767
Suco de uva integral,2020,40718523
Suco de uva integral,2021,68038479
Suco de uva integral,2022,35248305
Suco de uva integral,2023,38122173
Suco de uva orgânico,1970,0
Suco de uva orgânico,1971,0
Suco de uva orgânico,1972,0
Suco de uva orgânico,1973,0
Suco de uva orgânico,1974,0
Suco de uva orgânico,1975,0
Suco de uva orgânico,1976,0
Suco de uva orgânico,1977,0
Suco de uva orgânico,1978,0
Suco de uva orgânico,1979,0
Suco de uva orgânico,1980,0
Suco de uva orgânico,1981,0
Suco de uva orgânico,1982,0
Suco de uva orgânico,1983,0
Suco de uva orgânico,1984,0
Suco de uva orgânico,1985,0
Suco de uva orgânico,1986,0
Suco de uva orgânico,1987,0
Suco de uva orgânico,1988,0
Suco de uva orgânico,1989,0
Suco de uva orgânico,1990,0
Suco de uva orgânico,1991,0
Suco de uva orgânico,1992,0
Suco de uva orgânico,1993,0
Suco de uva orgânico,1994,0
Suco de uva orgânico,1995,0
Suco de uva orgânico,1996,0
Suco de uva orgânico,1997,0
Suco de uva orgânico,1998,0
Suco de uva orgânico,1999,0
Suco de uva orgânico,2000,0
Suco de uva orgânico,2001,0
Suco de uva orgânico,2002,0
Suco de uva orgânico,2003,0
Suco de uva orgânico,2004,0
Suco de uva orgânico,2005,0
Suco de uva orgânico,2006,0
Suco de uva orgânico,2007,0
Suco de uva orgânico,2008,0
Suco de uva orgânico,2009,0
Suco de uva orgânico,2010,0
Suco de uva orgânico,2011,0
Suco de uva orgânico,2012,0
Suco de uva orgânico,2013,0
Suco de uva orgânico,2014,0
Suco de uva orgânico,2015,0
Suco de uva orgânico,2016,0
Suco de uva orgânico,2017,0
Suco de uva orgânico,2018,0
Suco de uva orgânico,2019,0
Suco de uva orgânico,2020,471610
Suco de uva orgânico,2021,722117
Suco de uva orgânico,2022,589094
Suco de uva orgânico,2023,611718
Suco de uva reconstituído,1970,0
Suco de uva reconstituído,1971,0
Suco de uva reconstituído,1972,0
Suco de uva reconstituído,1973,0
Suco de uva reconstituído,1974,0
Suco de uva reconstituído,1975,0
Suco de uva reconstituído,1976,0
Suco de uva reconstituído,1977,0
Suco de uva reconstituído,1978,0
Suco de uva reconstituído,1979,0
Suco de uva reconstituído,1980,0
Suco de uva reconstituído,1981,0
Suco de uva reconstituído,1982,0
Suco de uva reconstituído,1983,0
Suco de uva reconstituído,1984,0
Suco de uva reconstituído,1985,0
Suco de uva reconstituído,1986,0
Suco de uva reconstituído,1987,0
Suco de uva reconstituído,1988,0
Suco de uva reconstituído,1989,0
Suco de uva reconstituído,1990,0
Suco de uva reconstituído,1991,0
Suco de uva reconstituído,1992,0
Suco de uva reconstituído,1993,0
Suco de uva reconstituído,1994,0
Suco de uva reconstituído,1995,0
Suco de uva reconstituído,1996,0
Suco de uva reconstituído,1997,0
Suco de uva reconstituído,1998,0
Suco de uva reconstituído,1999,0
Suco de uva reconstituído,2000,0
Suco de uva reconstituído,2001,0
Suco de uva reconstituído,2002,0
Suco de uva reconstituído,2003,0
Suco de uva reconstituído,2004,0
Suco de uva reconstituído,2005,0
Suco de uva reconstituído,2006,0
Suco de uva reconstituído,2007,0
Suco de uva reconstituído,2008,0
Suco de uva reconstituído,2009,0
Suco de uva reconstituído,2010,0
Suco de uva reconstituído,2011,0
Suco de uva reconstituído,2012,0
Suco de uva reconstituído,2013,0
Suco de uva reconstituído,2014,0
Suco de uva reconstituído,2015,0
Suco de uva reconstituído,2016,0
Suco de uva reconstituído,2017,59300
Suco de uva reconstituído,2018,0
Suco de uva reconstituído,2019,584256
Suco de uva reconstituído,2020,0
Suco de uva reconstituído,2021,0
Suco de uva reconstituído,2022,0
Suco de uva reconstituído,2023,0
Tinto,1970,174224052
Tinto,1970,7591557
Tinto,1971,121133369
Tinto,1971,7265666
Tinto,1972,118180926
Tinto,1972,6782837
Tinto,1973,88589019
Tinto,1973,3419625
Tinto,1974,146544484
Tinto,1974,10047658
Tinto,1975,144274134
Tinto,1975,14731106
Tinto,1976,118360170
Tinto,1976,12405154
Tinto,1977,154801826
Tinto,1977,16131758
Tinto,1978,162917363
Tinto,1978,15000671
Tinto,1979,154736439
Tinto,1979,14356453
Tinto,1980,101659755
Tinto,1980,9296741
Tinto,1981,134156175
Tinto,1981,16036963
Tinto,1982,183349460
Tinto,1982,19987588
Tinto,1983,87080528
Tinto,1983,14340514
Tinto,1984,119615028
Tinto,1984,15777602
Tinto,1985,216732390
Tinto,1985,19347979
Tinto,1986,118766694
Tinto,1986,12282967
Tinto,1987,97841160
Tinto,1987,10920073
Tinto,1988,173747942
Tinto,1988,18690518
Tinto,1989,136931173
Tinto,1989,16140751
Tinto,1990,154359897
Tinto,1990,17750504
Tinto,1991,90320836
Tinto,1991,12001895
Tinto,1992,118638894
Tinto,1992,13449911
Tinto,1993,125172218
Tinto,1993,12119485
Tinto,1994,161479717
Tinto,1994,15646861
Tinto,1995,167174017
Tinto,1995,11924291
Tinto,1996,115896909
Tinto,1996,12819866
Tinto,1997,116458841
Tinto,1997,12590647
Tinto,1998,102127865
Tinto,1998,8716140
Tinto,1999,168149414
Tinto,1999,14640657
Tinto,2000,208242670
Tinto,2000,18545613
Tinto,2001,175267437
Tinto,2001,13587683
Tinto,2002,215892333
Tinto,2002,13619033
Tinto,2003,155513687
Tinto,2003,15357576
Tinto,2004,254172425
Tinto,2004,23062182
Tinto,2005,180698666
Tinto,2005,25409805
Tinto,2006,149552555
Tinto,2006,18868108
Tinto,2007,228156220
Tinto,2007,24786071
Tinto,2008,241057928
Tinto,2008,27583032
Tinto,2009,164143454
Tinto,2009,18209043
Tinto,2010,157290088
Tinto,2010,11401406
Tinto,2011,210113358
Tinto,2011,24104740
Tinto,2012,175875432
Tinto,2012,24027589
Tinto,2013,163111797
Tinto,2013,23156458
Tinto,2014,157776363
Tinto,2014,17208996
Tinto,2015,169811472
Tinto,2015,16745896
Tinto,2016,75279191
Tinto,2016,8774847
Tinto,2017,1365957
Tinto,2017,21442212
Tinto,2018,188270142
Tinto,2018,19118254
Tinto,2019,121045115
Tinto,2019,17389377
Tinto,2020,103916391
Tinto,2020,15451883
Tinto,2021,146075996
Tinto,2021,20433249
Tinto,2022,162844214
Tinto,2022,24417918
Tinto,2023,139320884
Tinto,2023,23615783
VINHO DE MESA,1970,217208604
VINHO DE MESA,1971,154264651
VINHO DE MESA,1972,146953297
VINHO DE MESA,1973,116710345
VINHO DE MESA,1974,193875345
VINHO DE MESA,1975,177401209
VINHO DE MESA,1976,144565438
VINHO DE MESA,1977,195359778
VINHO DE MESA,1978,200053669
VINHO DE MESA,1979,211252982
VINHO DE MESA,1980,130308185
VINHO DE MESA,1981,186129728
VINHO DE MESA,1982,234754564
VINHO DE MESA,1983,120261544
VINHO DE MESA,1984,177680331
VINHO DE MESA,1985,275338955
VINHO DE MESA,1986,157711522
VINHO DE MESA,1987,150467184
VINHO DE MESA,1988,244791058
VINHO DE MESA,1989,181801961
VINHO DE MESA,1990,210548199
VINHO DE MESA,1991,126768254
VINHO DE MESA,1992,163248419
VINHO DE MESA,1993,171754995
VINHO DE MESA,1994,202073263
VINHO DE MESA,1995,214788304
VINHO DE MESA,1996,152917771
VINHO DE MESA,1997,182816047
VINHO DE MESA,1998,150814943
VINHO DE MESA,1999,226520776
VINHO DE MESA,2000,273025576
VINHO DE MESA,2001,228932458
VINHO DE MESA,2002,259589740
VINHO DE MESA,2003,202545724
VINHO DE MESA,2004,313962284
VINHO DE MESA,2005,226080432
VINHO DE MESA,2006,185100887
VINHO DE MESA,2007,275287908
VINHO DE MESA,2008,287506811
VINHO DE MESA,2009,205418206
VINHO DE MESA,2010,195267980
VINHO DE MESA,2011,257840749
VINHO DE MESA,2012,212777037
VINHO DE MESA,2013,196904222
VINHO DE MESA,2014,196173123
VINHO DE MESA,2015,210308560
VINHO DE MESA,2016,86319015
VINHO DE MESA,2017,255015187
VINHO DE MESA,2018,218375636
VINHO DE MESA,2019,144629737
VINHO DE MESA,2020,124200414
VINHO DE MESA,2021,173899995
VINHO DE MESA,2022,195031611
VINHO DE MESA,2023,169762429
VINHO FINO DE MESA (VINIFERA),1970,23899346
VINHO FINO DE MESA (VINIFERA),1971,23586062
VINHO FINO DE MESA (VINIFERA),1972,21078771
VINHO FINO DE MESA (VINIFERA),1973,12368410
VINHO FINO DE MESA (VINIFERA),1974,31644124
VINHO FINO DE MESA (VINIFERA),1975,39424590
VINHO FINO DE MESA (VINIFERA),1976,34500590
VINHO FINO DE MESA (VINIFERA),1977,41264971
VINHO FINO DE MESA (VINIFERA),1978,36750933
VINHO FINO DE MESA (VINIFERA),1979,46129710
VINHO FINO DE MESA (VINIFERA),1980,31740663
VINHO FINO DE MESA (VINIFERA),1981,49348047
VINHO FINO DE MESA (VINIFERA),1982,57453581
VINHO FINO DE MESA (VINIFERA),1983,40616812
VINHO FINO DE MESA (VINIFERA),1984,48289279
VINHO FINO DE MESA (VINIFERA),1985,67035393
VINHO FINO DE MESA (VINIFERA),1986,48559180
VINHO FINO DE MESA (VINIFERA),1987,47301266
VINHO FINO DE MESA (VINIFERA),1988,76560765
VINHO FINO DE MESA (VINIFERA),1989,72772144
VINHO FINO DE MESA (VINIFERA),1990,73689124
VINHO FINO DE MESA (VINIFERA),1991,45519167
VINHO FINO DE MESA (VINIFERA),1992,52612778
VINHO FINO DE MESA (VINIFERA),1993,53054225
VINHO FINO DE MESA (VINIFERA),1994,58733741
VINHO FINO DE MESA (VINIFERA),1995,47126229
VINHO FINO DE MESA (VINIFERA),1996,45325058
VINHO FINO DE MESA (VINIFERA),1997,46988414
VINHO FINO DE MESA (VINIFERA),1998,33898630
VINHO FINO DE MESA (VINIFERA),1999,45830497
VINHO FINO DE MESA (VINIFERA),2000,56209739
VINHO FINO DE MESA (VINIFERA),2001,34159277
VINHO FINO DE MESA (VINIFERA),2002,31655226
VINHO FINO DE MESA (VINIFERA),2003,29551457
VINHO FINO DE MESA (VINIFERA),2004,42902608
VINHO FINO DE MESA (VINIFERA),2005,45453898
VINHO FINO DE MESA (VINIFERA),2006,32168977
VINHO FINO DE MESA (VINIFERA),2007,43176484
VINHO FINO DE MESA (VINIFERA),2008,47334501
VINHO FINO DE MESA (VINIFERA),2009,39900568
VINHO FINO DE MESA (VINIFERA),2010,24805713
VINHO FINO DE MESA (VINIFERA),2011,47598471
VINHO FINO DE MESA (VINIFERA),2012,45200730
VINHO FINO DE MESA (VINIFERA),2013,45782530
VINHO FINO DE MESA (VINIFERA),2014,38464314
VINHO FINO DE MESA (VINIFERA),2015,37148982
VINHO FINO DE MESA (VINIFERA),2016,18070626
VINHO FINO DE MESA (VINIFERA),2017,44537870
VINHO FINO DE MESA (VINIFERA),2018,38707220
VINHO FINO DE MESA (VINIFERA),2019,37615422
VINHO FINO DE MESA (VINIFERA),2020,32516686
VINHO FINO DE MESA (VINIFERA),2021,43474998
VINHO FINO DE MESA (VINIFERA),2022,47511796
VINHO FINO DE MESA (VINIFERA),2023,46268556
Vinagre,1970,0
Vinagre,1971,21500
Vinagre,1972,8200
Vinagre,1973,0
Vinagre,1974,35300
Vinagre,1975,0
Vinagre,1976,288000
Vinagre,1977,0
Vinagre,1978,0
Vinagre,1979,0
Vinagre,1980,0
Vinagre,1981,0
Vinagre,1982,0
Vinagre,1983,0
Vinagre,1984,0
Vinagre,1985,104707
Vinagre,1986,0
Vinagre,1987,0
Vinagre,1988,0
Vinagre,1989,0
Vinagre,1990,0
Vinagre,1991,0
Vinagre,1992,45000
Vinagre,1993,0
Vinagre,1994,0
Vinagre,1995,0
Vinagre,1996,0
Vinagre,1997,0
Vinagre,1998,0
Vinagre,1999,0
Vinagre,2000,0
Vinagre,2001,0
Vinagre,2002,0
Vinagre,2003,0
Vinagre,2004,0
Vinagre,2005,0
Vinagre,2006,0
Vinagre,2007,0
Vinagre,2008,0
Vinagre,2009,0
Vinagre,2010,5817
Vinagre,2011,0
Vinagre,2012,0
Vinagre,2013,0
Vinagre,2014,53776
Vinagre,2015,25800
Vinagre,2016,5000
Vinagre,2017,25319
Vinagre,2018,25367
Vinagre,2019,76096
Vinagre,2020,10000
Vinagre,2021,7500
Vinagre,2022,16200
Vinagre,2023,9000
Vinho Composto,1970,0
Vinho Composto,1971,0
Vinho Composto,1972,0
Vinho Composto,1973,0
Vinho Composto,1974,0
Vinho Composto,1975,0
Vinho Composto,1976,0
Vinho Composto,1977,0
Vinho Composto,1978,0
Vinho Composto,1979,0
Vinho Composto,1980,0
Vinho Composto,1981,0
Vinho Composto,1982,0
Vinho Composto,1983,0
Vinho Composto,1984,0
Vinho Composto,1985,0
Vinho Composto,1986,0
Vinho Composto,1987,0
Vinho Composto,1988,0
Vinho Composto,1989,0
Vinho Composto,1990,0
Vinho Composto,1991,0
Vinho Composto,1992,0
Vinho Composto,1993,0
Vinho Composto,1994,0
Vinho Composto,1995,0
Vinho Composto,1996,0
Vinho Composto,1997,0
Vinho Composto,1998,0
Vinho Composto,1999,0
Vinho Composto,2000,0
Vinho Composto,2001,0
Vinho Composto,2002,0
Vinho Composto,2003,0
Vinho Composto,2004,0
Vinho Composto,2005,0
Vinho Composto,2006,0
Vinho Composto,2007,0
Vinho Composto,2008,0
Vinho Composto,2009,0
Vinho Composto,2010,0
Vinho Composto,2011,0
Vinho Composto,2012,0
Vinho Composto,2013,0
Vinho Composto,2014,3000
Vinho Composto,2015,0
Vinho Composto,2016,0
Vinho Composto,2017,0
Vinho Composto,2018,0
Vinho Composto,2019,0
Vinho Composto,2020,0
Vinho Composto,2021,160000
Vinho Composto,2022,0
Vinho Composto,2023,0
Vinho acidificado ,1970,0
Vinho acidificado ,1971,0
Vinho acidificado ,1972,0
Vinho acidificado ,1973,0
Vinho acidificado ,1974,0
Vinho acidificado ,1975,0
Vinho acidificado ,1976,0
Vinho acidificado ,1977,0
Vinho acidificado ,1978,0
Vinho acidificado ,1979,0
Vinho acidificado ,1980,0
Vinho acidificado ,1981,0
Vinho acidificado ,1982,0
Vinho acidificado ,1983,0
Vinho acidificado ,1984,0
Vinho acidificado ,1985,0
Vinho acidificado ,1986,0
Vinho acidificado ,1987,0
Vinho acidificado ,1988,0
Vinho acidificado ,1989,0
Vinho acidificado ,1990,0
Vinho acidificado ,1991,0
Vinho acidificado ,1992,0
Vinho acidificado ,1993,0
Vinho acidificado ,1994,0
Vinho acidificado ,1995,0
Vinho acidificado ,1996,0
Vinho acidificado ,1997,0
Vinho acidificado ,1998,0
Vinho acidificado ,1999,0
Vinho acidificado ,2000,0
Vinho acidificado ,2001,0
Vinho acidificado ,2002,0
Vinho acidificado ,2003,0
Vinho acidificado ,2004,0
Vinho acidificado ,2005,0
Vinho acidificado ,2006,0
Vinho acidificado ,2007,0
Vinho acidificado ,2008,0
Vinho acidificado ,2009,0
Vinho acidificado ,2010,0
Vinho acidificado ,2011,0
Vinho acidificado ,2012,0
Vinho acidificado ,2013,0
Vinho acidificado ,2014,0
Vinho acidificado ,2015,0
Vinho acidificado ,2016,0
Vinho acidificado ,2017,0
Vinho acidificado ,2018,0
Vinho acidificado ,2019,0
Vinho acidificado ,2020,65000
Vinho acidificado ,2021,0
Vinho acidificado ,2022,0
Vinho acidificado ,2023,2500
Vinho leve,1970,0
Vinho leve,1971,0
Vinho leve,1972,0
Vinho leve,1973,0
Vinho leve,1974,0
Vinho leve,1975,0
Vinho leve,1976,0
Vinho leve,1977,0
Vinho leve,1978,0
Vinho leve,1979,0
Vinho leve,1980,0
Vinho leve,1981,0
Vinho leve,1982,0
Vinho leve,1983,0
Vinho leve,1984,0
Vinho leve,1985,0
Vinho leve,1986,0
Vinho leve,1987,0
Vinho leve,1988,0
Vinho leve,1989,249000
Vinho leve,1990,264000
Vinho leve,1991,192800
Vinho leve,1992,144500
Vinho leve,1993,0
Vinho leve,1994,0
Vinho leve,1995,0
Vinho leve,1996,0
Vinho leve,1997,0
Vinho leve,1998,0
Vinho leve,1999,0
Vinho leve,2000,0
Vinho leve,2001,0
Vinho leve,2002,0
Vinho leve,2003,11000
Vinho leve,2004,6000
Vinho leve,2005,16500
Vinho leve,2006,0
Vinho leve,2007,0
Vinho leve,2008,0
Vinho leve,2009,0
Vinho leve,2010,0
Vinho leve,2011,0
Vinho leve,2012,0
Vinho leve,2013,0
Vinho leve,2014,0
Vinho leve,2015,0
Vinho leve,2016,0
Vinho leve,2017,0
Vinho leve,2018,8000
Vinho leve,2019,0
Vinho leve,2020,0
Vinho leve,2021,0
Vinho leve,2022,0
Vinho leve,2023,0
Vinho licoroso,1970,0
Vinho licoroso,1971,0
Vinho licoroso,1972,0
Vinho licoroso,1973,0
Vinho licoroso,1974,0
Vinho licoroso,1975,0
Vinho licoroso,1976,0
Vinho licoroso,1977,0
Vinho licoroso,1978,0
Vinho licoroso,1979,0
Vinho licoroso,1980,0
Vinho licoroso,1981,0
Vinho licoroso,1982,0
Vinho licoroso,1983,0
Vinho licoroso,1984,0
Vinho licoroso,1985,0
Vinho licoroso,1986,0
Vinho licoroso,1987,0
Vinho licoroso,1988,0
Vinho licoroso,1989,0
Vinho licoroso,1990,0
Vinho licoroso,1991,0
Vinho licoroso,1992,0
Vinho licoroso,1993,0
Vinho licoroso,1994,0
Vinho licoroso,1995,0
Vinho licoroso,1996,0
Vinho licoroso,1997,0
Vinho licoroso,1998,0
Vinho licoroso,1999,0
Vinho licoroso,2000,0
Vinho licoroso,2001,0
Vinho licoroso,2002,0
Vinho licoroso,2003,0
Vinho licoroso,2004,77800
Vinho licoroso,2005,125700
Vinho licoroso,2006,28500
Vinho licoroso,2007,27926
Vinho licoroso,2008,65650
Vinho licoroso,2009,0
Vinho licoroso,2010,15000
Vinho licoroso,2011,0
Vinho licoroso,2012,0
Vinho licoroso,2013,100
Vinho licoroso,2014,36000
Vinho licoroso,2015,56000
Vinho licoroso,2016,24200
Vinho licoroso,2017,110820
Vinho licoroso,2018,124303
Vinho licoroso,2019,99485
Vinho licoroso,2020,48678
Vinho licoroso,2021,30000
Vinho licoroso,2022,67000
Vinho licoroso,2023,73600
Vinho orgânico,1970,0
Vinho orgânico,1971,0
Vinho orgânico,1972,0
Vinho orgânico,1973,0
Vinho orgânico,1974,0
Vinho orgânico,1975,0
Vinho orgânico,1976,0
Vinho orgânico,1977,0
Vinho orgânico,1978,0
Vinho orgânico,1979,0
Vinho orgânico,1980,0
Vinho orgânico,1981,0
Vinho orgânico,1982,0
Vinho orgânico,1983,0
Vinho orgânico,1984,0
Vinho orgânico,1985,254000
Vinho orgânico,1986,171147
Vinho orgânico,1987,219100
Vinho orgânico,1988,15000
Vinho orgânico,1989,85000
Vinho orgânico,1990,0
Vinho orgânico,1991,137000
Vinho orgânico,1992,0
Vinho orgânico,1993,0
Vinho orgânico,1994,4745442
Vinho orgânico,1995,2454500
Vinho orgânico,1996,351426
Vinho orgânico,1997,4997317
Vinho orgânico,1998,3265781
Vinho orgânico,1999,8592228
Vinho orgânico,2000,0
Vinho orgânico,2001,0
Vinho orgânico,2002,6705487
Vinho orgânico,2003,7584380
Vinho orgânico,2004,0
Vinho orgânico,2005,0
Vinho orgânico,2006,22933
Vinho orgânico,2007,307410
Vinho orgânico,2008,15000
Vinho orgânico,2009,0
Vinho orgânico,2010,0
Vinho orgânico,2011,5600
Vinho orgânico,2012,0
Vinho orgânico,2013,0
Vinho orgânico,2014,0
Vinho orgânico,2015,0
Vinho orgânico,2016,0
Vinho orgânico,2017,0
Vinho orgânico,2018,0
Vinho orgânico,2019,0
Vinho orgânico,2020,18700
Vinho orgânico,2021,93884
Vinho orgânico,2022,88890
Vinho orgânico,2023,94150
