Regiao/Pais;Ano;Produto;Quantidade (litros)
Afeganistão;2010;Vinho;200000
Afeganistão;2011;Vinho;100000
Afeganistão;2012;Vinho;100000
Afeganistão;2013;Vinho;100000
Afeganistão;2014;Vinho;100000
Afeganistão;2015;Vinho;100000
Afeganistão;2016;Vinho;100000
Afeganistão;2017;Vinho;100000
Afeganistão;2018;Vinho;100000
Afeganistão;2019;Vinho;100000
Afeganistão;2020;Vinho;100000
Afeganistão;2021;Vinho;100000
Afeganistão;2022;Vinho;100000
Afeganistão;2023;Vinho;100000
Albânia;2010;Vinho;20600000
Albânia;2011;Vinho;20700000
Albânia;2012;Vinho;21600000
Albânia;2013;Vinho;20900000
Albânia;2014;Vinho;19600000
Albânia;2015;Vinho;21900000
Albânia;2016;Vinho;23300000
Albânia;2017;Vinho;21700000
Albânia;2018;Vinho;20700000
Albânia;2019;Vinho;21700000
Albânia;2020;Vinho;23400000
Albânia;2021;Vinho;29100000
Albânia;2022;Vinho;31600000
Albânia;2023;Vinho;25300000
Argélia;2010;Vinho;28000000
Argélia;2011;Vinho;28800000
Argélia;2012;Vinho;31100000
Argélia;2013;Vinho;33800000
Argélia;2014;Vinho;37200000
Argélia;2015;Vinho;18900000
Argélia;2016;Vinho;17800000
Argélia;2017;Vinho;24500000
Argélia;2018;Vinho;30000000
Argélia;2019;Vinho;26800000
Argélia;2020;Vinho;26300000
Argélia;2021;Vinho;28400000
Argélia;2022;Vinho;28700000
Argélia;2023;Vinho;28000000
American Samoa;2010;Vinho;100000
American Samoa;2020;Vinho;100000
American Samoa;2021;Vinho;100000
American Samoa;2022;Vinho;100000
Angola;2010;Vinho;86800000
Angola;2011;Vinho;90800000
Angola;2012;Vinho;99000000
Angola;2013;Vinho;101700000
Angola;2014;Vinho;134400000
Angola;2015;Vinho;135000000
Angola;2016;Vinho;91600000
Angola;2017;Vinho;75900000
Angola;2018;Vinho;54900000
Angola;2019;Vinho;36200000
Angola;2020;Vinho;27900000
Angola;2021;Vinho;23200000
Angola;2022;Vinho;30400000
Angola;2023;Vinho;34500000
Antigua and Barbuda;2010;Vinho;600000
Antigua and Barbuda;2011;Vinho;600000
Antigua and Barbuda;2012;Vinho;1100000
Antigua and Barbuda;2013;Vinho;1700000
Antigua and Barbuda;2014;Vinho;1900000
Antigua and Barbuda;2015;Vinho;1600000
Antigua and Barbuda;2016;Vinho;2100000
Antigua and Barbuda;2017;Vinho;2500000
Antigua and Barbuda;2018;Vinho;2400000
Antigua and Barbuda;2019;Vinho;2000000
Antigua and Barbuda;2020;Vinho;1500000
Antigua and Barbuda;2021;Vinho;1500000
Antigua and Barbuda;2022;Vinho;1700000
Antigua and Barbuda;2023;Vinho;1800000
Argentina;2010;Vinho;975300000
Argentina;2011;Vinho;980900000
Argentina;2012;Vinho;1005100000
Argentina;2013;Vinho;1035200000
Argentina;2014;Vinho;993800000
Argentina;2015;Vinho;1026900000
Argentina;2016;Vinho;941600000
Argentina;2017;Vinho;892500000
Argentina;2018;Vinho;839600000
Argentina;2019;Vinho;853200000
Argentina;2020;Vinho;943000000
Argentina;2021;Vinho;838100000
Argentina;2022;Vinho;827600000
Argentina;2023;Vinho;775300000
Argentina;2024;Vinho;766300000
Armenia;2010;Vinho;4700000
Armenia;2011;Vinho;6100000
Armenia;2012;Vinho;4900000
Armenia;2013;Vinho;5400000
Armenia;2014;Vinho;4200000
Armenia;2015;Vinho;4300000
Armenia;2016;Vinho;5900000
Armenia;2017;Vinho;7400000
Armenia;2018;Vinho;6500000
Armenia;2019;Vinho;8600000
Armenia;2020;Vinho;9800000
Armenia;2021;Vinho;10100000
Armenia;2022;Vinho;10000000
Armenia;2023;Vinho;9000000
Austrália;2010;Vinho;538900000
Austrália;2011;Vinho;540600000
Austrália;2012;Vinho;542000000
Austrália;2013;Vinho;537900000
Austrália;2014;Vinho;541800000
Austrália;2015;Vinho;547600000
Austrália;2016;Vinho;538000000
Austrália;2017;Vinho;536000000
Austrália;2018;Vinho;527200000
Austrália;2019;Vinho;580300000
Austrália;2020;Vinho;595000000
Austrália;2021;Vinho;560400000
Austrália;2022;Vinho;540400000
Austrália;2023;Vinho;546900000
Austrália;2024;Vinho;532000000
Áustria;2010;Vinho;240000000
Áustria;2011;Vinho;254200000
Áustria;2012;Vinho;265200000
Áustria;2013;Vinho;280300000
Áustria;2014;Vinho;300100000
Áustria;2015;Vinho;237500000
Áustria;2016;Vinho;242300000
Áustria;2017;Vinho;241500000
Áustria;2018;Vinho;235300000
Áustria;2019;Vinho;225600000
Áustria;2020;Vinho;230600000
Áustria;2021;Vinho;236000000
Áustria;2022;Vinho;235000000
Áustria;2023;Vinho;230000000
Áustria;2024;Vinho;224000000
Azerbaijão;2010;Vinho;8000000
Azerbaijão;2011;Vinho;7200000
Azerbaijão;2012;Vinho;5700000
Azerbaijão;2013;Vinho;5900000
Azerbaijão;2014;Vinho;5800000
Azerbaijão;2015;Vinho;8500000
Azerbaijão;2016;Vinho;10600000
Azerbaijão;2017;Vinho;9500000
Azerbaijão;2018;Vinho;8900000
Azerbaijão;2019;Vinho;6800000
Azerbaijão;2020;Vinho;5500000
Azerbaijão;2021;Vinho;7500000
Azerbaijão;2022;Vinho;8500000
Azerbaijão;2023;Vinho;7400000
Bahamas;2010;Vinho;3000000
Bahamas;2011;Vinho;3000000
Bahamas;2012;Vinho;3400000
Bahamas;2013;Vinho;3300000
Bahamas;2014;Vinho;3100000
Bahamas;2015;Vinho;3600000
Bahamas;2016;Vinho;3800000
Bahamas;2017;Vinho;3500000
Bahamas;2018;Vinho;3600000
Bahamas;2019;Vinho;3700000
Bahamas;2020;Vinho;3800000
Bahamas;2021;Vinho;3500000
Bahamas;2022;Vinho;4800000
Bahamas;2023;Vinho;3900000
Bahrain;2010;Vinho;2500000
Bahrain;2011;Vinho;2700000
Bahrain;2012;Vinho;1700000
Bahrain;2013;Vinho;1600000
Bahrain;2014;Vinho;1900000
Bahrain;2015;Vinho;1400000
Bahrain;2016;Vinho;1300000
Bahrain;2017;Vinho;2100000
Bahrain;2018;Vinho;2100000
Bahrain;2019;Vinho;1300000
Bahrain;2020;Vinho;1500000
Bahrain;2021;Vinho;1400000
Bahrain;2022;Vinho;1600000
Bahrain;2023;Vinho;1600000
Bangladesh;2010;Vinho;100000
Bangladesh;2011;Vinho;100000
Bangladesh;2012;Vinho;100000
Bangladesh;2013;Vinho;100000
Bangladesh;2014;Vinho;200000
Bangladesh;2015;Vinho;200000
Bangladesh;2016;Vinho;100000
Bangladesh;2017;Vinho;100000
Bangladesh;2018;Vinho;100000
Bangladesh;2019;Vinho;100000
Bangladesh;2020;Vinho;100000
Bangladesh;2021;Vinho;100000
Bangladesh;2022;Vinho;100000
Bangladesh;2023;Vinho;100000
Barbados;2010;Vinho;2200000
Barbados;2011;Vinho;2100000
Barbados;2012;Vinho;2100000
Barbados;2013;Vinho;2300000
Barbados;2014;Vinho;2300000
Barbados;2015;Vinho;2900000
Barbados;2016;Vinho;3400000
Barbados;2017;Vinho;2900000
Barbados;2018;Vinho;2700000
Barbados;2019;Vinho;2700000
Barbados;2020;Vinho;2600000
Barbados;2021;Vinho;2000000
Barbados;2022;Vinho;2600000
Barbados;2023;Vinho;2500000
Belarus;2010;Vinho;68400000
Belarus;2011;Vinho;73300000
Belarus;2012;Vinho;75700000
Belarus;2013;Vinho;79600000
Belarus;2014;Vinho;81200000
Belarus;2015;Vinho;79300000
Belarus;2016;Vinho;75600000
Belarus;2017;Vinho;80100000
Belarus;2018;Vinho;86400000
Belarus;2019;Vinho;92700000
Belarus;2020;Vinho;98400000
Belarus;2021;Vinho;94000000
Belarus;2022;Vinho;92500000
Belarus;2023;Vinho;94600000
Belarus;2024;Vinho;94500000
Bélgica;2010;Vinho;276000000
Bélgica;2011;Vinho;291700000
Bélgica;2012;Vinho;287200000
Bélgica;2013;Vinho;288600000
Bélgica;2014;Vinho;266600000
Bélgica;2015;Vinho;296600000
Bélgica;2016;Vinho;280200000
Bélgica;2017;Vinho;281800000
Bélgica;2018;Vinho;273500000
Bélgica;2019;Vinho;265900000
Bélgica;2020;Vinho;265500000
Bélgica;2021;Vinho;238200000
Bélgica;2022;Vinho;206600000
Bélgica;2023;Vinho;182000000
Bélgica;2024;Vinho;149300000
Belize;2010;Vinho;400000
Belize;2011;Vinho;400000
Belize;2012;Vinho;600000
Belize;2013;Vinho;1200000
Belize;2014;Vinho;1500000
Belize;2015;Vinho;1400000
Belize;2016;Vinho;1300000
Belize;2017;Vinho;1400000
Belize;2018;Vinho;1500000
Belize;2019;Vinho;1500000
Belize;2020;Vinho;1300000
Belize;2021;Vinho;900000
Belize;2022;Vinho;1400000
Belize;2023;Vinho;1300000
Benin;2010;Vinho;5600000
Benin;2011;Vinho;8300000
Benin;2012;Vinho;6500000
Benin;2013;Vinho;4200000
Benin;2014;Vinho;3400000
Benin;2015;Vinho;3800000
Benin;2016;Vinho;3900000
Benin;2017;Vinho;3200000
Benin;2018;Vinho;2300000
Benin;2019;Vinho;1900000
Benin;2020;Vinho;2300000
Benin;2021;Vinho;2300000
Benin;2022;Vinho;2300000
Benin;2023;Vinho;2200000
Bermuda;2010;Vinho;2100000
Bermuda;2011;Vinho;2800000
Bermuda;2012;Vinho;3400000
Bermuda;2013;Vinho;2200000
Bermuda;2014;Vinho;1300000
Bermuda;2015;Vinho;1500000
Bermuda;2016;Vinho;1500000
Bermuda;2017;Vinho;1500000
Bermuda;2018;Vinho;1500000
Bermuda;2019;Vinho;1600000
Bermuda;2020;Vinho;1500000
Bermuda;2021;Vinho;1300000
Bermuda;2022;Vinho;1400000
Bermuda;2023;Vinho;1500000
Bolívia;2010;Vinho;8100000
Bolívia;2011;Vinho;8300000
Bolívia;2012;Vinho;8300000
Bolívia;2013;Vinho;9200000
Bolívia;2014;Vinho;7900000
Bolívia;2015;Vinho;7900000
Bolívia;2016;Vinho;9300000
Bolívia;2017;Vinho;9500000
Bolívia;2018;Vinho;8700000
Bolívia;2019;Vinho;8300000
Bolívia;2020;Vinho;9100000
Bolívia;2021;Vinho;9000000
Bolívia;2022;Vinho;8800000
Bolívia;2023;Vinho;8800000
Bósnia e Herzegovina;2010;Vinho;11600000
Bósnia e Herzegovina;2011;Vinho;10800000
Bósnia e Herzegovina;2012;Vinho;10800000
Bósnia e Herzegovina;2013;Vinho;11700000
Bósnia e Herzegovina;2014;Vinho;11900000
Bósnia e Herzegovina;2015;Vinho;11600000
Bósnia e Herzegovina;2016;Vinho;11400000
Bósnia e Herzegovina;2017;Vinho;11900000
Bósnia e Herzegovina;2018;Vinho;11900000
Bósnia e Herzegovina;2019;Vinho;11100000
Bósnia e Herzegovina;2020;Vinho;11300000
Bósnia e Herzegovina;2021;Vinho;11900000
Bósnia e Herzegovina;2022;Vinho;12100000
Bósnia e Herzegovina;2023;Vinho;11700000
Botswana;2010;Vinho;5700000
Botswana;2011;Vinho;4700000
Botswana;2012;Vinho;4200000
Botswana;2013;Vinho;4100000
Botswana;2014;Vinho;4500000
Botswana;2015;Vinho;3700000
Botswana;2016;Vinho;3500000
Botswana;2017;Vinho;3100000
Botswana;2018;Vinho;4800000
Botswana;2019;Vinho;5800000
Botswana;2020;Vinho;4600000
Botswana;2021;Vinho;4900000
Botswana;2022;Vinho;6300000
Botswana;2023;Vinho;5300000
Brasil;2010;Vinho;368600000
Brasil;2011;Vinho;362500000
Brasil;2012;Vinho;319800000
Brasil;2013;Vinho;348800000
Brasil;2014;Vinho;323300000
Brasil;2015;Vinho;327000000
Brasil;2016;Vinho;311200000
Brasil;2017;Vinho;327800000
Brasil;2018;Vinho;328500000
Brasil;2019;Vinho;363400000
Brasil;2020;Vinho;405300000
Brasil;2021;Vinho;412300000
Brasil;2022;Vinho;359000000
Brasil;2023;Vinho;350000000
Brasil;2024;Vinho;314600000
Brunei Darussalam;2012;Vinho;100000
Bulgária;2010;Vinho;59500000
Bulgária;2011;Vinho;50200000
Bulgária;2012;Vinho;61800000
Bulgária;2013;Vinho;97300000
Bulgária;2014;Vinho;79300000
Bulgária;2015;Vinho;66500000
Bulgária;2016;Vinho;90800000
Bulgária;2017;Vinho;82900000
Bulgária;2018;Vinho;75600000
Bulgária;2019;Vinho;63300000
Bulgária;2020;Vinho;51100000
Bulgária;2021;Vinho;55000000
Bulgária;2022;Vinho;60700000
Bulgária;2023;Vinho;61100000
Burkina Faso;2010;Vinho;4100000
Burkina Faso;2011;Vinho;4100000
Burkina Faso;2012;Vinho;5400000
Burkina Faso;2013;Vinho;2800000
Burkina Faso;2014;Vinho;2200000
Burkina Faso;2015;Vinho;2900000
Burkina Faso;2016;Vinho;3100000
Burkina Faso;2017;Vinho;3300000
Burkina Faso;2018;Vinho;5700000
Burkina Faso;2019;Vinho;9600000
Burkina Faso;2020;Vinho;9900000
Burkina Faso;2021;Vinho;11500000
Burkina Faso;2022;Vinho;14500000
Burkina Faso;2023;Vinho;10200000
Burundi;2010;Vinho;200000
Burundi;2011;Vinho;200000
Burundi;2012;Vinho;300000
Burundi;2013;Vinho;400000
Burundi;2014;Vinho;300000
Burundi;2015;Vinho;200000
Burundi;2016;Vinho;200000
Burundi;2017;Vinho;100000
Burundi;2018;Vinho;100000
Burundi;2019;Vinho;300000
Burundi;2020;Vinho;400000
Burundi;2021;Vinho;400000
Burundi;2022;Vinho;400000
Burundi;2023;Vinho;300000
Cabo Verde;2010;Vinho;5000000
Cabo Verde;2011;Vinho;4500000
Cabo Verde;2012;Vinho;4300000
Cabo Verde;2013;Vinho;3500000
Cabo Verde;2014;Vinho;4300000
Cabo Verde;2015;Vinho;5300000
Cabo Verde;2016;Vinho;6300000
Cabo Verde;2017;Vinho;6900000
Cabo Verde;2018;Vinho;6500000
Cabo Verde;2019;Vinho;6400000
Cabo Verde;2020;Vinho;5800000
Cabo Verde;2021;Vinho;4800000
Cabo Verde;2022;Vinho;5000000
Cabo Verde;2023;Vinho;5700000
Cambodia;2010;Vinho;800000
Cambodia;2011;Vinho;900000
Cambodia;2012;Vinho;1100000
Cambodia;2013;Vinho;1400000
Cambodia;2014;Vinho;1900000
Cambodia;2015;Vinho;1500000
Cambodia;2016;Vinho;1400000
Cambodia;2017;Vinho;800000
Cambodia;2018;Vinho;600000
Cambodia;2019;Vinho;1000000
Cambodia;2020;Vinho;1200000
Cambodia;2021;Vinho;1200000
Cambodia;2022;Vinho;1200000
Cambodia;2023;Vinho;1000000
Cameroon;2010;Vinho;9100000
Cameroon;2011;Vinho;11500000
Cameroon;2012;Vinho;11500000
Cameroon;2013;Vinho;9900000
Cameroon;2014;Vinho;12600000
Cameroon;2015;Vinho;12100000
Cameroon;2016;Vinho;9500000
Cameroon;2017;Vinho;10600000
Cameroon;2018;Vinho;11100000
Cameroon;2019;Vinho;8500000
Cameroon;2020;Vinho;8600000
Cameroon;2021;Vinho;10400000
Cameroon;2022;Vinho;11200000
Cameroon;2023;Vinho;10000000
Canadá;2010;Vinho;456400000
Canadá;2011;Vinho;470000000
Canadá;2012;Vinho;485900000
Canadá;2013;Vinho;487800000
Canadá;2014;Vinho;464500000
Canadá;2015;Vinho;483500000
Canadá;2016;Vinho;499600000
Canadá;2017;Vinho;512400000
Canadá;2018;Vinho;512600000
Canadá;2019;Vinho;516300000
Canadá;2020;Vinho;532000000
Canadá;2021;Vinho;526800000
Canadá;2022;Vinho;508300000
Canadá;2023;Vinho;488400000
Canadá;2024;Vinho;457000000
Central African Republic;2010;Vinho;600000
Central African Republic;2011;Vinho;500000
Central African Republic;2012;Vinho;500000
Central African Republic;2013;Vinho;400000
Central African Republic;2014;Vinho;100000
Central African Republic;2015;Vinho;600000
Central African Republic;2016;Vinho;600000
Central African Republic;2017;Vinho;600000
Central African Republic;2018;Vinho;700000
Central African Republic;2019;Vinho;400000
Central African Republic;2020;Vinho;400000
Central African Republic;2021;Vinho;400000
Central African Republic;2022;Vinho;400000
Central African Republic;2023;Vinho;500000
Chad;2010;Vinho;1900000
Chad;2011;Vinho;2400000
Chad;2012;Vinho;2100000
Chad;2013;Vinho;2100000
Chad;2014;Vinho;1400000
Chad;2015;Vinho;500000
Chad;2016;Vinho;500000
Chad;2017;Vinho;400000
Chad;2018;Vinho;200000
Chad;2019;Vinho;200000
Chad;2020;Vinho;200000
Chad;2021;Vinho;200000
Chad;2022;Vinho;200000
Chad;2023;Vinho;200000
Chile;2010;Vinho;310000000
Chile;2011;Vinho;300700000
Chile;2012;Vinho;315700000
Chile;2013;Vinho;294700000
Chile;2014;Vinho;295000000
Chile;2015;Vinho;257800000
Chile;2016;Vinho;243300000
Chile;2017;Vinho;232900000
Chile;2018;Vinho;229400000
Chile;2019;Vinho;274500000
Chile;2020;Vinho;239200000
Chile;2021;Vinho;252100000
Chile;2022;Vinho;228000000
Chile;2023;Vinho;173000000
Chile;2024;Vinho;189000000
China, Hong Kong SAR;2010;Vinho;26000000
China, Hong Kong SAR;2011;Vinho;27700000
China, Hong Kong SAR;2012;Vinho;30800000
China, Hong Kong SAR;2013;Vinho;31500000
China, Hong Kong SAR;2014;Vinho;30700000
China, Hong Kong SAR;2015;Vinho;33200000
China, Hong Kong SAR;2016;Vinho;35900000
China, Hong Kong SAR;2017;Vinho;36000000
China, Hong Kong SAR;2018;Vinho;35500000
China, Hong Kong SAR;2019;Vinho;32300000
China, Hong Kong SAR;2020;Vinho;30700000
China, Hong Kong SAR;2021;Vinho;30000000
China, Hong Kong SAR;2022;Vinho;27700000
China, Hong Kong SAR;2023;Vinho;31200000
China, Macao SAR;2010;Vinho;5300000
China, Macao SAR;2011;Vinho;6500000
China, Macao SAR;2012;Vinho;6700000
China, Macao SAR;2013;Vinho;5100000
China, Macao SAR;2014;Vinho;4300000
China, Macao SAR;2015;Vinho;5100000
China, Macao SAR;2016;Vinho;5400000
China, Macao SAR;2017;Vinho;5100000
China, Macao SAR;2018;Vinho;4700000
China, Macao SAR;2019;Vinho;4400000
China, Macao SAR;2020;Vinho;3600000
China, Macao SAR;2021;Vinho;3600000
China, Macao SAR;2022;Vinho;3600000
China, Macao SAR;2023;Vinho;4000000
China, Taiwan Province of;2010;Vinho;13200000
China, Taiwan Province of;2011;Vinho;16600000
China, Taiwan Province of;2012;Vinho;17000000
China, Taiwan Province of;2013;Vinho;16600000
China, Taiwan Province of;2014;Vinho;16800000
China, Taiwan Province of;2015;Vinho;18700000
China, Taiwan Province of;2016;Vinho;21000000
China, Taiwan Province of;2017;Vinho;21600000
China, Taiwan Province of;2018;Vinho;21600000
China, Taiwan Province of;2019;Vinho;20800000
China, Taiwan Province of;2020;Vinho;19600000
China, Taiwan Province of;2021;Vinho;20900000
China, Taiwan Province of;2022;Vinho;23300000
China, Taiwan Province of;2023;Vinho;21200000
Colômbia;2010;Vinho;14200000
Colômbia;2011;Vinho;12900000
Colômbia;2012;Vinho;13000000
Colômbia;2013;Vinho;14900000
Colômbia;2014;Vinho;15800000
Colômbia;2015;Vinho;16300000
Colômbia;2016;Vinho;17200000
Colômbia;2017;Vinho;17700000
Colômbia;2018;Vinho;18100000
Colômbia;2019;Vinho;20500000
Colômbia;2020;Vinho;23300000
Colômbia;2021;Vinho;25100000
Colômbia;2022;Vinho;29600000
Colômbia;2023;Vinho;23300000
Comoros;2010;Vinho;100000
Comoros;2011;Vinho;100000
Comoros;2012;Vinho;200000
Comoros;2013;Vinho;200000
Comoros;2014;Vinho;200000
Comoros;2015;Vinho;100000
Comoros;2016;Vinho;300000
Comoros;2017;Vinho;300000
Comoros;2018;Vinho;300000
Comoros;2019;Vinho;300000
Comoros;2020;Vinho;300000
Comoros;2021;Vinho;300000
Comoros;2022;Vinho;300000
Comoros;2023;Vinho;300000
Congo;2010;Vinho;4700000
Congo;2011;Vinho;3300000
Congo;2012;Vinho;5000000
Congo;2013;Vinho;4100000
Congo;2014;Vinho;2700000
Congo;2015;Vinho;3200000
Congo;2016;Vinho;3200000
Congo;2017;Vinho;2200000
Congo;2018;Vinho;1600000
Congo;2019;Vinho;1900000
Congo;2020;Vinho;2200000
Congo;2021;Vinho;2200000
Congo;2022;Vinho;2200000
Congo;2023;Vinho;2000000
Congo (the Democratic Republic of the);2010;Vinho;3500000
Congo (the Democratic Republic of the);2011;Vinho;3000000
Congo (the Democratic Republic of the);2012;Vinho;3100000
Congo (the Democratic Republic of the);2013;Vinho;3400000
Congo (the Democratic Republic of the);2014;Vinho;3000000
Congo (the Democratic Republic of the);2015;Vinho;2900000
Congo (the Democratic Republic of the);2016;Vinho;2100000
Congo (the Democratic Republic of the);2017;Vinho;2600000
Congo (the Democratic Republic of the);2018;Vinho;3400000
Congo (the Democratic Republic of the);2019;Vinho;3600000
Congo (the Democratic Republic of the);2020;Vinho;3300000
Congo (the Democratic Republic of the);2021;Vinho;3300000
Congo (the Democratic Republic of the);2022;Vinho;3300000
Congo (the Democratic Republic of the);2023;Vinho;3400000
Cook Islands;2010;Vinho;300000
Cook Islands;2011;Vinho;100000
Cook Islands;2012;Vinho;200000
Cook Islands;2013;Vinho;200000
Cook Islands;2014;Vinho;200000
Cook Islands;2015;Vinho;300000
Cook Islands;2016;Vinho;300000
Cook Islands;2017;Vinho;300000
Cook Islands;2018;Vinho;200000
Cook Islands;2019;Vinho;200000
Cook Islands;2020;Vinho;200000
Cook Islands;2021;Vinho;200000
Cook Islands;2022;Vinho;200000
Cook Islands;2023;Vinho;200000
Costa Rica;2010;Vinho;9400000
Costa Rica;2011;Vinho;8500000
Costa Rica;2012;Vinho;8500000
Costa Rica;2013;Vinho;8900000
Costa Rica;2014;Vinho;9900000
Costa Rica;2015;Vinho;10700000
Costa Rica;2016;Vinho;11300000
Costa Rica;2017;Vinho;10800000
Costa Rica;2018;Vinho;10000000
Costa Rica;2019;Vinho;10800000
Costa Rica;2020;Vinho;10900000
Costa Rica;2021;Vinho;11800000
Costa Rica;2022;Vinho;13800000
Costa Rica;2023;Vinho;11500000
Côte d'Ivoire;2010;Vinho;29900000
Côte d'Ivoire;2011;Vinho;28900000
Côte d'Ivoire;2012;Vinho;28400000
Côte d'Ivoire;2013;Vinho;29000000
Côte d'Ivoire;2014;Vinho;30500000
Côte d'Ivoire;2015;Vinho;36000000
Côte d'Ivoire;2016;Vinho;42400000
Côte d'Ivoire;2017;Vinho;46400000
Côte d'Ivoire;2018;Vinho;44400000
Côte d'Ivoire;2019;Vinho;41200000
Côte d'Ivoire;2020;Vinho;40400000
Côte d'Ivoire;2021;Vinho;48700000
Côte d'Ivoire;2022;Vinho;58100000
Côte d'Ivoire;2023;Vinho;46600000
Croácia;2010;Vinho;153000000
Croácia;2011;Vinho;153700000
Croácia;2012;Vinho;144900000
Croácia;2013;Vinho;136300000
Croácia;2014;Vinho;118800000
Croácia;2015;Vinho;113100000
Croácia;2016;Vinho;113400000
Croácia;2017;Vinho;98800000
Croácia;2018;Vinho;104000000
Croácia;2019;Vinho;114200000
Croácia;2020;Vinho;107900000
Croácia;2021;Vinho;100300000
Croácia;2022;Vinho;96100000
Croácia;2023;Vinho;104500000
Croácia;2024;Vinho;104600000
Cuba;2010;Vinho;16000000
Cuba;2011;Vinho;16300000
Cuba;2012;Vinho;17100000
Cuba;2013;Vinho;17500000
Cuba;2014;Vinho;17800000
Cuba;2015;Vinho;17700000
Cuba;2016;Vinho;18100000
Cuba;2017;Vinho;18600000
Cuba;2018;Vinho;17800000
Cuba;2019;Vinho;16400000
Cuba;2020;Vinho;16000000
Cuba;2021;Vinho;15900000
Cuba;2022;Vinho;16100000
Cuba;2023;Vinho;16400000
Chipre;2010;Vinho;15700000
Chipre;2011;Vinho;14000000
Chipre;2012;Vinho;14600000
Chipre;2013;Vinho;16600000
Chipre;2014;Vinho;15500000
Chipre;2015;Vinho;16000000
Chipre;2016;Vinho;15800000
Chipre;2017;Vinho;16700000
Chipre;2018;Vinho;18500000
Chipre;2019;Vinho;17900000
Chipre;2020;Vinho;15500000
Chipre;2021;Vinho;13100000
Chipre;2022;Vinho;15300000
Chipre;2023;Vinho;16100000
República Tcheca;2010;Vinho;200000000
República Tcheca;2011;Vinho;226000000
República Tcheca;2012;Vinho;168600000
República Tcheca;2013;Vinho;206700000
República Tcheca;2014;Vinho;212500000
República Tcheca;2015;Vinho;223600000
República Tcheca;2016;Vinho;223100000
República Tcheca;2017;Vinho;209400000
República Tcheca;2018;Vinho;199200000
República Tcheca;2019;Vinho;217400000
República Tcheca;2020;Vinho;206200000
República Tcheca;2021;Vinho;223000000
República Tcheca;2022;Vinho;223600000
República Tcheca;2023;Vinho;215400000
República Tcheca;2024;Vinho;193200000
Dinamarca;2010;Vinho;162900000
Dinamarca;2011;Vinho;159200000
Dinamarca;2012;Vinho;158000000
Dinamarca;2013;Vinho;155200000
Dinamarca;2014;Vinho;154400000
Dinamarca;2015;Vinho;150600000
Dinamarca;2016;Vinho;149500000
Dinamarca;2017;Vinho;145900000
Dinamarca;2018;Vinho;147100000
Dinamarca;2019;Vinho;152400000
Dinamarca;2020;Vinho;153400000
Dinamarca;2021;Vinho;156900000
Dinamarca;2022;Vinho;153600000
Dinamarca;2023;Vinho;143300000
Dinamarca;2024;Vinho;140200000
Djibouti;2010;Vinho;300000
Djibouti;2011;Vinho;300000
Djibouti;2012;Vinho;400000
Djibouti;2013;Vinho;700000
Djibouti;2014;Vinho;500000
Djibouti;2015;Vinho;200000
Djibouti;2016;Vinho;300000
Djibouti;2017;Vinho;300000
Djibouti;2018;Vinho;200000
Djibouti;2019;Vinho;200000
Djibouti;2020;Vinho;200000
Djibouti;2021;Vinho;200000
Djibouti;2022;Vinho;200000
Djibouti;2023;Vinho;200000
Dominica;2010;Vinho;200000
Dominica;2011;Vinho;200000
Dominica;2012;Vinho;100000
Dominica;2013;Vinho;100000
Dominica;2014;Vinho;100000
Dominica;2015;Vinho;100000
Dominica;2016;Vinho;100000
Dominica;2017;Vinho;100000
Dominica;2018;Vinho;100000
Dominica;2019;Vinho;100000
Dominica;2020;Vinho;100000
Dominica;2021;Vinho;100000
Dominica;2022;Vinho;100000
Dominica;2023;Vinho;100000
República Dominicana;2010;Vinho;8600000
República Dominicana;2011;Vinho;9600000
República Dominicana;2012;Vinho;9600000
República Dominicana;2013;Vinho;7800000
República Dominicana;2014;Vinho;3200000
República Dominicana;2015;Vinho;6900000
República Dominicana;2016;Vinho;13200000
República Dominicana;2017;Vinho;14100000
República Dominicana;2018;Vinho;11800000
República Dominicana;2019;Vinho;8600000
República Dominicana;2020;Vinho;8500000
República Dominicana;2021;Vinho;11800000
República Dominicana;2022;Vinho;18500000
República Dominicana;2023;Vinho;11800000
Equador;2010;Vinho;5900000
Equador;2011;Vinho;4500000
Equador;2012;Vinho;6100000
Equador;2013;Vinho;5000000
Equador;2014;Vinho;7100000
Equador;2015;Vinho;5500000
Equador;2016;Vinho;5700000
Equador;2017;Vinho;7000000
Equador;2018;Vinho;8700000
Equador;2019;Vinho;9900000
Equador;2020;Vinho;9500000
Equador;2021;Vinho;10900000
Equador;2022;Vinho;13900000
Equador;2023;Vinho;10600000
Egito;2010;Vinho;8000000
Egito;2011;Vinho;4400000
Egito;2012;Vinho;4400000
Egito;2013;Vinho;4500000
Egito;2014;Vinho;4700000
Egito;2015;Vinho;5700000
Egito;2016;Vinho;5900000
Egito;2017;Vinho;5900000
Egito;2018;Vinho;5800000
Egito;2019;Vinho;5500000
Egito;2020;Vinho;5300000
Egito;2021;Vinho;5000000
Egito;2022;Vinho;5000000
Egito;2023;Vinho;5300000
El Salvador;2010;Vinho;2100000
El Salvador;2011;Vinho;2100000
El Salvador;2012;Vinho;2000000
El Salvador;2013;Vinho;2000000
El Salvador;2014;Vinho;2000000
El Salvador;2015;Vinho;2000000
El Salvador;2016;Vinho;2000000
El Salvador;2017;Vinho;2000000
El Salvador;2018;Vinho;2000000
El Salvador;2019;Vinho;2400000
El Salvador;2020;Vinho;2600000
El Salvador;2021;Vinho;2600000
El Salvador;2022;Vinho;2600000
El Salvador;2023;Vinho;2400000
Estônia;2010;Vinho;15600000
Estônia;2011;Vinho;20200000
Estônia;2012;Vinho;25300000
Estônia;2013;Vinho;29000000
Estônia;2014;Vinho;30700000
Estônia;2015;Vinho;31000000
Estônia;2016;Vinho;31200000
Estônia;2017;Vinho;30200000
Estônia;2018;Vinho;28300000
Estônia;2019;Vinho;27800000
Estônia;2020;Vinho;27700000
Estônia;2021;Vinho;27700000
Estônia;2022;Vinho;28800000
Estônia;2023;Vinho;28100000
Eswatini;2010;Vinho;300000
Eswatini;2011;Vinho;400000
Eswatini;2012;Vinho;1200000
Eswatini;2013;Vinho;2600000
Eswatini;2014;Vinho;2200000
Eswatini;2015;Vinho;1900000
Eswatini;2016;Vinho;1700000
Eswatini;2017;Vinho;2300000
Eswatini;2018;Vinho;3400000
Eswatini;2019;Vinho;2000000
Eswatini;2020;Vinho;2000000
Eswatini;2021;Vinho;400000
Eswatini;2022;Vinho;400000
Eswatini;2023;Vinho;1600000
Etiópia;2010;Vinho;1900000
Etiópia;2011;Vinho;1800000
Etiópia;2012;Vinho;1800000
Etiópia;2013;Vinho;1800000
Etiópia;2014;Vinho;2900000
Etiópia;2015;Vinho;2400000
Etiópia;2016;Vinho;2000000
Etiópia;2017;Vinho;1300000
Etiópia;2018;Vinho;1000000
Etiópia;2019;Vinho;800000
Etiópia;2020;Vinho;800000
Etiópia;2021;Vinho;800000
Etiópia;2022;Vinho;800000
Etiópia;2023;Vinho;900000
Faroe Islands;2010;Vinho;400000
Faroe Islands;2011;Vinho;400000
Faroe Islands;2012;Vinho;400000
Faroe Islands;2013;Vinho;400000
Faroe Islands;2014;Vinho;400000
Faroe Islands;2015;Vinho;500000
Faroe Islands;2016;Vinho;500000
Faroe Islands;2017;Vinho;500000
Faroe Islands;2018;Vinho;500000
Faroe Islands;2019;Vinho;500000
Faroe Islands;2020;Vinho;500000
Faroe Islands;2021;Vinho;500000
Faroe Islands;2022;Vinho;500000
Faroe Islands;2023;Vinho;500000
Fiji;2010;Vinho;900000
Fiji;2011;Vinho;900000
Fiji;2012;Vinho;1000000
Fiji;2013;Vinho;1000000
Fiji;2014;Vinho;1100000
Fiji;2015;Vinho;1300000
Fiji;2016;Vinho;1400000
Fiji;2017;Vinho;1400000
Fiji;2018;Vinho;1400000
Fiji;2019;Vinho;1400000
Fiji;2020;Vinho;1300000
Fiji;2021;Vinho;1300000
Fiji;2022;Vinho;1300000
Fiji;2023;Vinho;1400000
Finlândia;2010;Vinho;57800000
Finlândia;2011;Vinho;59100000
Finlândia;2012;Vinho;58800000
Finlândia;2013;Vinho;59300000
Finlândia;2014;Vinho;58600000
Finlândia;2015;Vinho;57600000
Finlândia;2016;Vinho;56500000
Finlândia;2017;Vinho;56000000
Finlândia;2018;Vinho;56900000
Finlândia;2019;Vinho;56500000
Finlândia;2020;Vinho;23200000
Finlândia;2021;Vinho;23100000
Finlândia;2022;Vinho;21800000
Finlândia;2023;Vinho;36300000
França;2010;Vinho;2927200000
França;2011;Vinho;2830700000
França;2012;Vinho;2802200000
França;2013;Vinho;2777000000
França;2014;Vinho;2754500000
França;2015;Vinho;2645200000
França;2016;Vinho;2829000000
França;2017;Vinho;2863400000
França;2018;Vinho;2602800000
França;2019;Vinho;2471400000
França;2020;Vinho;2320200000
França;2021;Vinho;2455600000
França;2022;Vinho;2440700000
França;2023;Vinho;2381400000
França;2024;Vinho;2296000000
French Guiana;2011;Vinho;100000
French Guiana;2012;Vinho;100000
French Guiana;2013;Vinho;100000
French Guiana;2014;Vinho;100000
French Guiana;2015;Vinho;100000
French Guiana;2016;Vinho;100000
French Guiana;2017;Vinho;100000
French Guiana;2018;Vinho;200000
French Guiana;2019;Vinho;200000
French Guiana;2020;Vinho;200000
French Guiana;2021;Vinho;200000
French Guiana;2022;Vinho;200000
French Guiana;2023;Vinho;200000
French Polynesia;2010;Vinho;4000000
French Polynesia;2011;Vinho;3800000
French Polynesia;2012;Vinho;3600000
French Polynesia;2013;Vinho;3300000
French Polynesia;2014;Vinho;2800000
French Polynesia;2015;Vinho;2700000
French Polynesia;2016;Vinho;2700000
French Polynesia;2017;Vinho;2600000
French Polynesia;2018;Vinho;2600000
French Polynesia;2019;Vinho;2600000
French Polynesia;2020;Vinho;2600000
French Polynesia;2021;Vinho;2600000
French Polynesia;2022;Vinho;2600000
French Polynesia;2023;Vinho;2600000
Gabon;2010;Vinho;9900000
Gabon;2011;Vinho;9900000
Gabon;2012;Vinho;8200000
Gabon;2013;Vinho;7200000
Gabon;2014;Vinho;6800000
Gabon;2015;Vinho;7000000
Gabon;2016;Vinho;7300000
Gabon;2017;Vinho;6300000
Gabon;2018;Vinho;5600000
Gabon;2019;Vinho;5500000
Gabon;2020;Vinho;5400000
Gabon;2021;Vinho;5300000
Gabon;2022;Vinho;5400000
Gabon;2023;Vinho;5400000
Gambia;2010;Vinho;100000
Gambia;2011;Vinho;100000
Gambia;2012;Vinho;100000
Geórgia;2010;Vinho;93100000
Geórgia;2011;Vinho;92700000
Geórgia;2012;Vinho;78600000
Geórgia;2013;Vinho;63600000
Geórgia;2014;Vinho;55100000
Geórgia;2015;Vinho;69500000
Geórgia;2016;Vinho;71800000
Geórgia;2017;Vinho;46800000
Geórgia;2018;Vinho;77100000
Geórgia;2019;Vinho;109100000
Geórgia;2020;Vinho;109000000
Geórgia;2021;Vinho;126500000
Geórgia;2022;Vinho;99300000
Geórgia;2023;Vinho;93500000
Geórgia;2024;Vinho;119900000
Alemanha;2010;Vinho;2020000000
Alemanha;2011;Vinho;1970700000
Alemanha;2012;Vinho;2030000000
Alemanha;2013;Vinho;2040000000
Alemanha;2014;Vinho;2030000000
Alemanha;2015;Vinho;2050000000
Alemanha;2016;Vinho;2020000000
Alemanha;2017;Vinho;2014500000
Alemanha;2018;Vinho;1974500000
Alemanha;2019;Vinho;1945000000
Alemanha;2020;Vinho;1984400000
Alemanha;2021;Vinho;1990000000
Alemanha;2022;Vinho;1940000000
Alemanha;2023;Vinho;1840000000
Alemanha;2024;Vinho;1784800000
Gana;2010;Vinho;8500000
Gana;2011;Vinho;9100000
Gana;2012;Vinho;10500000
Gana;2013;Vinho;9900000
Gana;2014;Vinho;7400000
Gana;2015;Vinho;5200000
Gana;2016;Vinho;4600000
Gana;2017;Vinho;5500000
Gana;2018;Vinho;5500000
Gana;2019;Vinho;6500000
Gana;2020;Vinho;6800000
Gana;2021;Vinho;6400000
Gana;2022;Vinho;8100000
Gana;2023;Vinho;6600000
Grécia;2010;Vinho;324800000
Grécia;2011;Vinho;285200000
Grécia;2012;Vinho;306800000
Grécia;2013;Vinho;299600000
Grécia;2014;Vinho;263900000
Grécia;2015;Vinho;240400000
Grécia;2016;Vinho;236500000
Grécia;2017;Vinho;239600000
Grécia;2018;Vinho;222800000
Grécia;2019;Vinho;218300000
Grécia;2020;Vinho;219900000
Grécia;2021;Vinho;219500000
Grécia;2022;Vinho;213900000
Grécia;2023;Vinho;160600000
Grécia;2024;Vinho;131200000
Greenland;2010;Vinho;500000
Greenland;2011;Vinho;600000
Greenland;2012;Vinho;600000
Greenland;2013;Vinho;700000
Greenland;2014;Vinho;800000
Greenland;2015;Vinho;700000
Greenland;2016;Vinho;600000
Greenland;2017;Vinho;600000
Greenland;2018;Vinho;500000
Greenland;2019;Vinho;500000
Greenland;2020;Vinho;600000
Greenland;2021;Vinho;600000
Greenland;2022;Vinho;600000
Greenland;2023;Vinho;600000
Grenada;2010;Vinho;3200000
Grenada;2011;Vinho;3100000
Grenada;2012;Vinho;3200000
Grenada;2013;Vinho;3900000
Grenada;2014;Vinho;4100000
Grenada;2015;Vinho;4000000
Grenada;2016;Vinho;4100000
Grenada;2017;Vinho;4400000
Grenada;2018;Vinho;4800000
Grenada;2019;Vinho;5400000
Grenada;2020;Vinho;5400000
Grenada;2021;Vinho;5400000
Grenada;2022;Vinho;5400000
Grenada;2023;Vinho;5300000
Guam;2014;Vinho;100000
Guam;2015;Vinho;200000
Guam;2016;Vinho;200000
Guam;2017;Vinho;100000
Guinea;2010;Vinho;1400000
Guinea;2011;Vinho;1200000
Guinea;2012;Vinho;700000
Guinea;2013;Vinho;600000
Guinea;2014;Vinho;600000
Guinea;2015;Vinho;500000
Guinea;2016;Vinho;500000
Guinea;2017;Vinho;600000
Guinea;2018;Vinho;700000
Guinea;2019;Vinho;800000
Guinea;2020;Vinho;900000
Guinea;2021;Vinho;900000
Guinea;2022;Vinho;900000
Guinea;2023;Vinho;800000
Guinea-Bissau;2010;Vinho;5300000
Guinea-Bissau;2011;Vinho;7100000
Guinea-Bissau;2012;Vinho;7100000
Guinea-Bissau;2013;Vinho;6800000
Guinea-Bissau;2014;Vinho;7000000
Guinea-Bissau;2015;Vinho;7800000
Guinea-Bissau;2016;Vinho;8600000
Guinea-Bissau;2017;Vinho;10100000
Guinea-Bissau;2018;Vinho;10000000
Guinea-Bissau;2019;Vinho;9700000
Guinea-Bissau;2020;Vinho;10000000
Guinea-Bissau;2021;Vinho;10200000
Guinea-Bissau;2022;Vinho;11400000
Guinea-Bissau;2023;Vinho;10300000
Guyana;2011;Vinho;100000
Guyana;2012;Vinho;100000
Guyana;2017;Vinho;100000
Guyana;2018;Vinho;200000
Guyana;2019;Vinho;200000
Guyana;2020;Vinho;300000
Guyana;2021;Vinho;300000
Guyana;2022;Vinho;300000
Guyana;2023;Vinho;200000
Haiti;2010;Vinho;700000
Haiti;2011;Vinho;800000
Haiti;2012;Vinho;800000
Haiti;2013;Vinho;800000
Haiti;2014;Vinho;1200000
Haiti;2015;Vinho;800000
Haiti;2016;Vinho;900000
Haiti;2017;Vinho;1600000
Haiti;2018;Vinho;1800000
Haiti;2019;Vinho;1800000
Haiti;2020;Vinho;1800000
Haiti;2021;Vinho;1800000
Haiti;2022;Vinho;1800000
Haiti;2023;Vinho;1800000
Honduras;2010;Vinho;1100000
Honduras;2011;Vinho;1100000
Honduras;2012;Vinho;1600000
Honduras;2013;Vinho;1600000
Honduras;2014;Vinho;1400000
Honduras;2015;Vinho;1400000
Honduras;2016;Vinho;1500000
Honduras;2017;Vinho;1900000
Honduras;2018;Vinho;2000000
Honduras;2019;Vinho;2000000
Honduras;2020;Vinho;2000000
Honduras;2021;Vinho;2000000
Honduras;2022;Vinho;2000000
Honduras;2023;Vinho;2000000
Hungria;2010;Vinho;234500000
Hungria;2011;Vinho;259100000
Hungria;2012;Vinho;235500000
Hungria;2013;Vinho;235700000
Hungria;2014;Vinho;214900000
Hungria;2015;Vinho;249100000
Hungria;2016;Vinho;263800000
Hungria;2017;Vinho;242600000
Hungria;2018;Vinho;240400000
Hungria;2019;Vinho;205400000
Hungria;2020;Vinho;201600000
Hungria;2021;Vinho;170500000
Hungria;2022;Vinho;174800000
Hungria;2023;Vinho;187700000
Hungria;2024;Vinho;201700000
Islândia;2010;Vinho;4700000
Islândia;2011;Vinho;3800000
Islândia;2012;Vinho;3900000
Islândia;2013;Vinho;4000000
Islândia;2014;Vinho;4000000
Islândia;2015;Vinho;4200000
Islândia;2016;Vinho;4400000
Islândia;2017;Vinho;4400000
Islândia;2018;Vinho;4500000
Islândia;2019;Vinho;4600000
Islândia;2020;Vinho;5000000
Islândia;2021;Vinho;5000000
Islândia;2022;Vinho;5000000
Islândia;2023;Vinho;4800000
Índia;2010;Vinho;16000000
Índia;2011;Vinho;17400000
Índia;2012;Vinho;17600000
Índia;2013;Vinho;18500000
Índia;2014;Vinho;19100000
Índia;2015;Vinho;20200000
Índia;2016;Vinho;21700000
Índia;2017;Vinho;23100000
Índia;2018;Vinho;24500000
Índia;2019;Vinho;23200000
Índia;2020;Vinho;20800000
Índia;2021;Vinho;21700000
Índia;2022;Vinho;24200000
Índia;2023;Vinho;22900000
Indonésia;2016;Vinho;600000
Indonésia;2017;Vinho;2700000
Indonésia;2018;Vinho;4900000
Indonésia;2019;Vinho;4900000
Indonésia;2020;Vinho;2500000
Indonésia;2021;Vinho;2500000
Indonésia;2022;Vinho;2500000
Indonésia;2023;Vinho;3500000
Iraq;2010;Vinho;300000
Iraq;2011;Vinho;500000
Iraq;2012;Vinho;600000
Iraq;2013;Vinho;600000
Iraq;2014;Vinho;400000
Iraq;2015;Vinho;500000
Iraq;2016;Vinho;800000
Iraq;2017;Vinho;800000
Iraq;2018;Vinho;600000
Iraq;2019;Vinho;800000
Iraq;2020;Vinho;1000000
Iraq;2021;Vinho;1000000
Iraq;2022;Vinho;1000000
Iraq;2023;Vinho;900000
Irlanda;2010;Vinho;63600000
Irlanda;2011;Vinho;67800000
Irlanda;2012;Vinho;73100000
Irlanda;2013;Vinho;76700000
Irlanda;2014;Vinho;74700000
Irlanda;2015;Vinho;74300000
Irlanda;2016;Vinho;78400000
Irlanda;2017;Vinho;80500000
Irlanda;2018;Vinho;76500000
Irlanda;2019;Vinho;75200000
Irlanda;2020;Vinho;91900000
Irlanda;2021;Vinho;91100000
Irlanda;2022;Vinho;76300000
Irlanda;2023;Vinho;79300000
Irlanda;2024;Vinho;80400000
Israel;2010;Vinho;6100000
Israel;2011;Vinho;6100000
Israel;2012;Vinho;8000000
Israel;2013;Vinho;3400000
Israel;2014;Vinho;900000
Israel;2015;Vinho;4300000
Israel;2016;Vinho;4700000
Israel;2017;Vinho;5100000
Israel;2018;Vinho;7600000
Israel;2019;Vinho;2200000
Israel;2020;Vinho;3800000
Israel;2021;Vinho;3800000
Israel;2022;Vinho;3800000
Israel;2023;Vinho;4200000
Itália;2010;Vinho;2350000000
Itália;2011;Vinho;2200000000
Itália;2012;Vinho;2160000000
Itália;2013;Vinho;2080000000
Itália;2014;Vinho;1950000000
Itália;2015;Vinho;2140000000
Itália;2016;Vinho;2240000000
Itália;2017;Vinho;2260000000
Itália;2018;Vinho;2240000000
Itália;2019;Vinho;2260000000
Itália;2020;Vinho;2420000000
Itália;2021;Vinho;2420000000
Itália;2022;Vinho;2235200000
Itália;2023;Vinho;2228200000
Itália;2024;Vinho;2230000000
Jamaica;2010;Vinho;2200000
Jamaica;2011;Vinho;1900000
Jamaica;2012;Vinho;1600000
Jamaica;2013;Vinho;2100000
Jamaica;2014;Vinho;2400000
Jamaica;2015;Vinho;2600000
Jamaica;2016;Vinho;4000000
Jamaica;2017;Vinho;5900000
Jamaica;2018;Vinho;5600000
Jamaica;2019;Vinho;4700000
Jamaica;2020;Vinho;4500000
Jamaica;2021;Vinho;4500000
Jamaica;2022;Vinho;4500000
Jamaica;2023;Vinho;4800000
Japão;2010;Vinho;261000000
Japão;2011;Vinho;277800000
Japão;2012;Vinho;312000000
Japão;2013;Vinho;339800000
Japão;2014;Vinho;349000000
Japão;2015;Vinho;355500000
Japão;2016;Vinho;352300000
Japão;2017;Vinho;352400000
Japão;2018;Vinho;348800000
Japão;2019;Vinho;354300000
Japão;2020;Vinho;351800000
Japão;2021;Vinho;314800000
Japão;2022;Vinho;316600000
Japão;2023;Vinho;323200000
Japão;2024;Vinho;309000000
Jordan;2010;Vinho;200000
Jordan;2011;Vinho;200000
Jordan;2012;Vinho;200000
Jordan;2013;Vinho;200000
Jordan;2014;Vinho;200000
Jordan;2015;Vinho;200000
Jordan;2016;Vinho;300000
Jordan;2017;Vinho;300000
Jordan;2018;Vinho;200000
Jordan;2019;Vinho;300000
Jordan;2020;Vinho;300000
Jordan;2021;Vinho;300000
Jordan;2022;Vinho;300000
Jordan;2023;Vinho;300000
Cazaquistão;2010;Vinho;26400000
Cazaquistão;2011;Vinho;27000000
Cazaquistão;2012;Vinho;28300000
Cazaquistão;2013;Vinho;31700000
Cazaquistão;2014;Vinho;35200000
Cazaquistão;2015;Vinho;35800000
Cazaquistão;2016;Vinho;36800000
Cazaquistão;2017;Vinho;41300000
Cazaquistão;2018;Vinho;52700000
Cazaquistão;2019;Vinho;58100000
Cazaquistão;2020;Vinho;54500000
Cazaquistão;2021;Vinho;45000000
Cazaquistão;2022;Vinho;35300000
Cazaquistão;2023;Vinho;49100000
Quênia;2010;Vinho;4400000
Quênia;2011;Vinho;4700000
Quênia;2012;Vinho;5300000
Quênia;2013;Vinho;5700000
Quênia;2014;Vinho;5900000
Quênia;2015;Vinho;5800000
Quênia;2016;Vinho;5800000
Quênia;2017;Vinho;6000000
Quênia;2018;Vinho;7300000
Quênia;2019;Vinho;8000000
Quênia;2020;Vinho;7100000
Quênia;2021;Vinho;7500000
Quênia;2022;Vinho;8300000
Quênia;2023;Vinho;7600000
Korea (the Republic of);2010;Vinho;23400000
Korea (the Republic of);2011;Vinho;24900000
Korea (the Republic of);2012;Vinho;27600000
Korea (the Republic of);2013;Vinho;31000000
Korea (the Republic of);2014;Vinho;32800000
Korea (the Republic of);2015;Vinho;38300000
Korea (the Republic of);2016;Vinho;40700000
Korea (the Republic of);2017;Vinho;37100000
Korea (the Republic of);2018;Vinho;38600000
Korea (the Republic of);2019;Vinho;42200000
Korea (the Republic of);2020;Vinho;49100000
Korea (the Republic of);2021;Vinho;65500000
Korea (the Republic of);2022;Vinho;74000000
Korea (the Republic of);2023;Vinho;53900000
Kyrgyzstan;2010;Vinho;2500000
Kyrgyzstan;2011;Vinho;2500000
Kyrgyzstan;2012;Vinho;2700000
Kyrgyzstan;2013;Vinho;3100000
Kyrgyzstan;2014;Vinho;2900000
Kyrgyzstan;2015;Vinho;3100000
Kyrgyzstan;2016;Vinho;3600000
Kyrgyzstan;2017;Vinho;3700000
Kyrgyzstan;2018;Vinho;5600000
Kyrgyzstan;2019;Vinho;6500000
Kyrgyzstan;2020;Vinho;4000000
Kyrgyzstan;2021;Vinho;3000000
Kyrgyzstan;2022;Vinho;3000000
Kyrgyzstan;2023;Vinho;4400000
Lao People's Democratic Republic;2010;Vinho;1200000
Lao People's Democratic Republic;2011;Vinho;1400000
Lao People's Democratic Republic;2012;Vinho;1600000
Lao People's Democratic Republic;2013;Vinho;1900000
Lao People's Democratic Republic;2014;Vinho;2400000
Lao People's Democratic Republic;2015;Vinho;2600000
Lao People's Democratic Republic;2016;Vinho;2800000
Lao People's Democratic Republic;2017;Vinho;2000000
Lao People's Democratic Republic;2018;Vinho;1200000
Lao People's Democratic Republic;2019;Vinho;1400000
Lao People's Democratic Republic;2020;Vinho;1600000
Lao People's Democratic Republic;2021;Vinho;1600000
Lao People's Democratic Republic;2022;Vinho;1600000
Lao People's Democratic Republic;2023;Vinho;1500000
Letônia;2010;Vinho;2100000
Letônia;2011;Vinho;2300000
Letônia;2012;Vinho;2200000
Letônia;2013;Vinho;3700000
Letônia;2014;Vinho;9800000
Letônia;2015;Vinho;14300000
Letônia;2016;Vinho;15100000
Letônia;2017;Vinho;14800000
Letônia;2018;Vinho;9000000
Letônia;2019;Vinho;5500000
Letônia;2020;Vinho;12700000
Letônia;2021;Vinho;17700000
Letônia;2022;Vinho;18100000
Letônia;2023;Vinho;12600000
Líbano;2010;Vinho;5900000
Líbano;2011;Vinho;6300000
Líbano;2012;Vinho;7600000
Líbano;2013;Vinho;8400000
Líbano;2014;Vinho;8300000
Líbano;2015;Vinho;9100000
Líbano;2016;Vinho;9700000
Líbano;2017;Vinho;9100000
Líbano;2018;Vinho;8900000
Líbano;2019;Vinho;8800000
Líbano;2020;Vinho;5000000
Líbano;2021;Vinho;5000000
Líbano;2022;Vinho;5000000
Líbano;2023;Vinho;6500000
Lesotho;2010;Vinho;100000
Lesotho;2011;Vinho;100000
Lesotho;2012;Vinho;100000
Lesotho;2013;Vinho;500000
Lesotho;2014;Vinho;1200000
Lesotho;2015;Vinho;1200000
Lesotho;2016;Vinho;1100000
Lesotho;2017;Vinho;1500000
Lesotho;2018;Vinho;1100000
Lesotho;2019;Vinho;1000000
Lesotho;2020;Vinho;1500000
Lesotho;2021;Vinho;1500000
Lesotho;2022;Vinho;1500000
Lesotho;2023;Vinho;1300000
Liberia;2010;Vinho;200000
Liberia;2011;Vinho;200000
Liberia;2012;Vinho;200000
Liberia;2013;Vinho;200000
Liberia;2014;Vinho;400000
Liberia;2015;Vinho;400000
Liberia;2016;Vinho;500000
Liberia;2017;Vinho;1000000
Liberia;2018;Vinho;1300000
Liberia;2019;Vinho;1000000
Liberia;2020;Vinho;800000
Liberia;2021;Vinho;800000
Liberia;2022;Vinho;800000
Liberia;2023;Vinho;900000
Libya;2015;Vinho;100000
Libya;2016;Vinho;100000
Libya;2019;Vinho;100000
Libya;2020;Vinho;100000
Libya;2021;Vinho;100000
Libya;2022;Vinho;100000
Libya;2023;Vinho;100000
Lituânia;2010;Vinho;26300000
Lituânia;2011;Vinho;31000000
Lituânia;2012;Vinho;33200000
Lituânia;2013;Vinho;35600000
Lituânia;2014;Vinho;38100000
Lituânia;2015;Vinho;36800000
Lituânia;2016;Vinho;35200000
Lituânia;2017;Vinho;35900000
Lituânia;2018;Vinho;35600000
Lituânia;2019;Vinho;35600000
Lituânia;2020;Vinho;33300000
Lituânia;2021;Vinho;31000000
Lituânia;2022;Vinho;31000000
Lituânia;2023;Vinho;33300000
Luxemburg;2010;Vinho;27100000
Luxemburg;2011;Vinho;25700000
Luxemburg;2012;Vinho;26600000
Luxemburg;2013;Vinho;26200000
Luxemburg;2014;Vinho;27100000
Luxemburg;2015;Vinho;26600000
Luxemburg;2016;Vinho;26000000
Luxemburg;2017;Vinho;25800000
Luxemburg;2018;Vinho;27200000
Luxemburg;2019;Vinho;27600000
Luxemburg;2020;Vinho;25700000
Luxemburg;2021;Vinho;25500000
Luxemburg;2022;Vinho;26400000
Luxemburg;2023;Vinho;24900000
Madagascar;2010;Vinho;9000000
Madagascar;2011;Vinho;9300000
Madagascar;2012;Vinho;9700000
Madagascar;2013;Vinho;9300000
Madagascar;2014;Vinho;9000000
Madagascar;2015;Vinho;8500000
Madagascar;2016;Vinho;8200000
Madagascar;2017;Vinho;8400000
Madagascar;2018;Vinho;9000000
Madagascar;2019;Vinho;8900000
Madagascar;2020;Vinho;8600000
Madagascar;2021;Vinho;8400000
Madagascar;2022;Vinho;8600000
Madagascar;2023;Vinho;8700000
Malawi;2010;Vinho;300000
Malawi;2011;Vinho;200000
Malawi;2012;Vinho;300000
Malawi;2013;Vinho;300000
Malawi;2014;Vinho;200000
Malawi;2015;Vinho;200000
Malawi;2016;Vinho;100000
Malawi;2017;Vinho;100000
Malawi;2018;Vinho;1800000
Malawi;2019;Vinho;1800000
Malawi;2020;Vinho;200000
Malawi;2021;Vinho;200000
Malawi;2022;Vinho;200000
Malawi;2023;Vinho;900000
Malásia;2010;Vinho;4700000
Malásia;2011;Vinho;4500000
Malásia;2012;Vinho;3300000
Malásia;2013;Vinho;3600000
Malásia;2014;Vinho;4900000
Malásia;2015;Vinho;6100000
Malásia;2016;Vinho;6900000
Malásia;2017;Vinho;8800000
Malásia;2018;Vinho;9200000
Malásia;2019;Vinho;7800000
Malásia;2020;Vinho;6200000
Malásia;2021;Vinho;11100000
Malásia;2022;Vinho;23000000
Malásia;2023;Vinho;11500000
Maldives;2010;Vinho;1200000
Maldives;2011;Vinho;1400000
Maldives;2012;Vinho;1400000
Maldives;2013;Vinho;1300000
Maldives;2014;Vinho;1400000
Maldives;2015;Vinho;1300000
Maldives;2016;Vinho;1400000
Maldives;2017;Vinho;1500000
Maldives;2018;Vinho;1800000
Maldives;2019;Vinho;2100000
Maldives;2020;Vinho;2200000
Maldives;2021;Vinho;2200000
Maldives;2022;Vinho;2200000
Maldives;2023;Vinho;2100000
Mali;2010;Vinho;600000
Mali;2011;Vinho;600000
Mali;2012;Vinho;300000
Mali;2013;Vinho;300000
Mali;2014;Vinho;300000
Mali;2015;Vinho;600000
Mali;2016;Vinho;600000
Mali;2017;Vinho;400000
Mali;2018;Vinho;500000
Mali;2019;Vinho;1200000
Mali;2020;Vinho;1900000
Mali;2021;Vinho;1900000
Mali;2022;Vinho;1900000
Mali;2023;Vinho;1500000
Malta;2010;Vinho;6500000
Malta;2011;Vinho;6000000
Malta;2012;Vinho;6500000
Malta;2013;Vinho;6200000
Malta;2014;Vinho;6000000
Malta;2015;Vinho;6700000
Malta;2016;Vinho;7200000
Malta;2017;Vinho;7900000
Malta;2018;Vinho;7200000
Malta;2019;Vinho;6900000
Malta;2020;Vinho;4800000
Malta;2021;Vinho;4200000
Malta;2022;Vinho;6600000
Malta;2023;Vinho;5900000
Mauritania;2012;Vinho;100000
Mauritania;2017;Vinho;100000
Mauritania;2018;Vinho;100000
Mauritius;2010;Vinho;1800000
Mauritius;2011;Vinho;1900000
Mauritius;2012;Vinho;1700000
Mauritius;2013;Vinho;1700000
Mauritius;2014;Vinho;1900000
Mauritius;2015;Vinho;2000000
Mauritius;2016;Vinho;2200000
Mauritius;2017;Vinho;2300000
Mauritius;2018;Vinho;2300000
Mauritius;2019;Vinho;2200000
Mauritius;2020;Vinho;1600000
Mauritius;2021;Vinho;1600000
Mauritius;2022;Vinho;1600000
Mauritius;2023;Vinho;1900000
México;2010;Vinho;61400000
México;2011;Vinho;85700000
México;2012;Vinho;88200000
México;2013;Vinho;94400000
México;2014;Vinho;92800000
México;2015;Vinho;101100000
México;2016;Vinho;107300000
México;2017;Vinho;109400000
México;2018;Vinho;119300000
México;2019;Vinho;121600000
México;2020;Vinho;110900000
México;2021;Vinho;108000000
México;2022;Vinho;141700000
México;2023;Vinho;150100000
México;2024;Vinho;150100000
Moldávia;2010;Vinho;40000000
Moldávia;2011;Vinho;40000000
Moldávia;2012;Vinho;30100000
Moldávia;2013;Vinho;40000000
Moldávia;2014;Vinho;40000000
Moldávia;2015;Vinho;40600000
Moldávia;2016;Vinho;26400000
Moldávia;2017;Vinho;29100000
Moldávia;2018;Vinho;45400000
Moldávia;2019;Vinho;22800000
Moldávia;2020;Vinho;32900000
Moldávia;2021;Vinho;31300000
Moldávia;2022;Vinho;31100000
Moldávia;2023;Vinho;32700000
Mongolia;2010;Vinho;1400000
Mongolia;2011;Vinho;2000000
Mongolia;2012;Vinho;2300000
Mongolia;2013;Vinho;1900000
Mongolia;2014;Vinho;1600000
Mongolia;2015;Vinho;1600000
Mongolia;2016;Vinho;1400000
Mongolia;2017;Vinho;1500000
Mongolia;2018;Vinho;2000000
Mongolia;2019;Vinho;2000000
Mongolia;2020;Vinho;1800000
Mongolia;2021;Vinho;1800000
Mongolia;2022;Vinho;1800000
Mongolia;2023;Vinho;1900000
Montenegro;2010;Vinho;13400000
Montenegro;2011;Vinho;10300000
Montenegro;2012;Vinho;10200000
Montenegro;2013;Vinho;12300000
Montenegro;2014;Vinho;8400000
Montenegro;2015;Vinho;6100000
Montenegro;2016;Vinho;6100000
Montenegro;2017;Vinho;6700000
Montenegro;2018;Vinho;6800000
Montenegro;2019;Vinho;6200000
Montenegro;2020;Vinho;5200000
Montenegro;2021;Vinho;3700000
Montenegro;2022;Vinho;3700000
Montenegro;2023;Vinho;5100000
Marrocos;2010;Vinho;35500000
Marrocos;2011;Vinho;37300000
Marrocos;2012;Vinho;39700000
Marrocos;2013;Vinho;42200000
Marrocos;2014;Vinho;39500000
Marrocos;2015;Vinho;33900000
Marrocos;2016;Vinho;33400000
Marrocos;2017;Vinho;36000000
Marrocos;2018;Vinho;48000000
Marrocos;2019;Vinho;61100000
Marrocos;2020;Vinho;63000000
Marrocos;2021;Vinho;59900000
Marrocos;2022;Vinho;60900000
Marrocos;2023;Vinho;58600000
Mozambique;2010;Vinho;2300000
Mozambique;2011;Vinho;5700000
Mozambique;2012;Vinho;7000000
Mozambique;2013;Vinho;7400000
Mozambique;2014;Vinho;8100000
Mozambique;2015;Vinho;7200000
Mozambique;2016;Vinho;12000000
Mozambique;2017;Vinho;19900000
Mozambique;2018;Vinho;26800000
Mozambique;2019;Vinho;16100000
Mozambique;2020;Vinho;2400000
Mozambique;2021;Vinho;2400000
Mozambique;2022;Vinho;2400000
Mozambique;2023;Vinho;10000000
Myanmar;2010;Vinho;1600000
Myanmar;2011;Vinho;2600000
Myanmar;2012;Vinho;3200000
Myanmar;2013;Vinho;2800000
Myanmar;2014;Vinho;100000
Myanmar;2015;Vinho;200000
Myanmar;2016;Vinho;100000
Myanmar;2017;Vinho;700000
Myanmar;2018;Vinho;2600000
Myanmar;2019;Vinho;100000
Myanmar;2020;Vinho;100000
Myanmar;2021;Vinho;100000
Myanmar;2022;Vinho;100000
Myanmar;2023;Vinho;600000
Namibia;2010;Vinho;6900000
Namibia;2011;Vinho;6100000
Namibia;2012;Vinho;13900000
Namibia;2013;Vinho;31000000
Namibia;2014;Vinho;46400000
Namibia;2015;Vinho;54400000
Namibia;2016;Vinho;47200000
Namibia;2017;Vinho;39400000
Namibia;2018;Vinho;26300000
Namibia;2019;Vinho;25300000
Namibia;2020;Vinho;30800000
Namibia;2021;Vinho;49900000
Namibia;2022;Vinho;48800000
Namibia;2023;Vinho;36200000
Nepal;2010;Vinho;600000
Nepal;2011;Vinho;800000
Nepal;2012;Vinho;800000
Nepal;2013;Vinho;800000
Nepal;2014;Vinho;800000
Nepal;2015;Vinho;700000
Nepal;2016;Vinho;700000
Nepal;2017;Vinho;700000
Nepal;2018;Vinho;800000
Nepal;2019;Vinho;800000
Nepal;2020;Vinho;700000
Nepal;2021;Vinho;700000
Nepal;2022;Vinho;700000
Nepal;2023;Vinho;700000
Holanda;2010;Vinho;350000000
Holanda;2011;Vinho;328900000
Holanda;2012;Vinho;315700000
Holanda;2013;Vinho;332300000
Holanda;2014;Vinho;342600000
Holanda;2015;Vinho;345200000
Holanda;2016;Vinho;363600000
Holanda;2017;Vinho;372900000
Holanda;2018;Vinho;357300000
Holanda;2019;Vinho;353200000
Holanda;2020;Vinho;365000000
Holanda;2021;Vinho;374800000
Holanda;2022;Vinho;363000000
Holanda;2023;Vinho;345300000
Holanda;2024;Vinho;317400000
Netherlands Antilles;2010;Vinho;3200000
Netherlands Antilles;2011;Vinho;3200000
Netherlands Antilles;2012;Vinho;3300000
Netherlands Antilles;2013;Vinho;3300000
Netherlands Antilles;2014;Vinho;1700000
New Caledonia;2010;Vinho;6400000
New Caledonia;2011;Vinho;6800000
New Caledonia;2012;Vinho;6800000
New Caledonia;2013;Vinho;6800000
New Caledonia;2014;Vinho;7100000
New Caledonia;2015;Vinho;7800000
New Caledonia;2016;Vinho;6800000
New Caledonia;2017;Vinho;5500000
New Caledonia;2018;Vinho;5000000
New Caledonia;2019;Vinho;4300000
New Caledonia;2020;Vinho;4400000
New Caledonia;2021;Vinho;4400000
New Caledonia;2022;Vinho;4400000
New Caledonia;2023;Vinho;4500000
Nova Zelândia;2010;Vinho;92100000
Nova Zelândia;2011;Vinho;93900000
Nova Zelândia;2012;Vinho;91900000
Nova Zelândia;2013;Vinho;92500000
Nova Zelândia;2014;Vinho;90600000
Nova Zelândia;2015;Vinho;96000000
Nova Zelândia;2016;Vinho;93400000
Nova Zelândia;2017;Vinho;92000000
Nova Zelândia;2018;Vinho;94500000
Nova Zelândia;2019;Vinho;93100000
Nova Zelândia;2020;Vinho;91700000
Nova Zelândia;2021;Vinho;90200000
Nova Zelândia;2022;Vinho;89500000
Nova Zelândia;2023;Vinho;86700000
Nova Zelândia;2024;Vinho;79500000
Nicaragua;2010;Vinho;900000
Nicaragua;2011;Vinho;900000
Nicaragua;2012;Vinho;1000000
Nicaragua;2013;Vinho;1200000
Nicaragua;2014;Vinho;1200000
Nicaragua;2015;Vinho;1300000
Nicaragua;2016;Vinho;1400000
Nicaragua;2017;Vinho;1200000
Nicaragua;2018;Vinho;1100000
Nicaragua;2019;Vinho;1100000
Nicaragua;2020;Vinho;1100000
Nicaragua;2021;Vinho;1100000
Nicaragua;2022;Vinho;1100000
Nicaragua;2023;Vinho;1100000
Niger;2010;Vinho;800000
Niger;2011;Vinho;900000
Niger;2012;Vinho;900000
Niger;2013;Vinho;800000
Niger;2014;Vinho;700000
Niger;2015;Vinho;600000
Niger;2016;Vinho;800000
Niger;2017;Vinho;800000
Niger;2018;Vinho;500000
Niger;2019;Vinho;700000
Niger;2020;Vinho;1000000
Niger;2021;Vinho;1000000
Niger;2022;Vinho;1000000
Niger;2023;Vinho;800000
Nigéria;2010;Vinho;21300000
Nigéria;2011;Vinho;24300000
Nigéria;2012;Vinho;32800000
Nigéria;2013;Vinho;37500000
Nigéria;2014;Vinho;37000000
Nigéria;2015;Vinho;33400000
Nigéria;2016;Vinho;23300000
Nigéria;2017;Vinho;19200000
Nigéria;2018;Vinho;23000000
Nigéria;2019;Vinho;26400000
Nigéria;2020;Vinho;25100000
Nigéria;2021;Vinho;28200000
Nigéria;2022;Vinho;31000000
Nigéria;2023;Vinho;26700000
Noruega;2010;Vinho;72900000
Noruega;2011;Vinho;74100000
Noruega;2012;Vinho;74900000
Noruega;2013;Vinho;75900000
Noruega;2014;Vinho;77300000
Noruega;2015;Vinho;78000000
Noruega;2016;Vinho;76400000
Noruega;2017;Vinho;76100000
Noruega;2018;Vinho;77200000
Noruega;2019;Vinho;78900000
Noruega;2020;Vinho;105200000
Noruega;2021;Vinho;106600000
Noruega;2022;Vinho;99100000
Noruega;2023;Vinho;90200000
Noruega;2024;Vinho;87200000
Pakistan;2010;Vinho;100000
Pakistan;2011;Vinho;100000
Pakistan;2012;Vinho;100000
Panama;2010;Vinho;3600000
Panama;2011;Vinho;3900000
Panama;2012;Vinho;4500000
Panama;2013;Vinho;4300000
Panama;2014;Vinho;4500000
Panama;2015;Vinho;3600000
Panama;2016;Vinho;3700000
Panama;2017;Vinho;3800000
Panama;2018;Vinho;400000
Panama;2019;Vinho;600000
Panama;2020;Vinho;1000000
Panama;2021;Vinho;1100000
Panama;2022;Vinho;1100000
Panama;2023;Vinho;800000
Papua New Guinea;2010;Vinho;500000
Papua New Guinea;2011;Vinho;500000
Papua New Guinea;2012;Vinho;700000
Papua New Guinea;2013;Vinho;700000
Papua New Guinea;2014;Vinho;800000
Papua New Guinea;2015;Vinho;2300000
Papua New Guinea;2016;Vinho;3000000
Papua New Guinea;2017;Vinho;2100000
Papua New Guinea;2018;Vinho;2600000
Papua New Guinea;2019;Vinho;3000000
Papua New Guinea;2020;Vinho;2700000
Papua New Guinea;2021;Vinho;2700000
Papua New Guinea;2022;Vinho;2700000
Papua New Guinea;2023;Vinho;2800000
Paraguai;2010;Vinho;39600000
Paraguai;2011;Vinho;34200000
Paraguai;2012;Vinho;28900000
Paraguai;2013;Vinho;23500000
Paraguai;2014;Vinho;17900000
Paraguai;2015;Vinho;16000000
Paraguai;2016;Vinho;20400000
Paraguai;2017;Vinho;24600000
Paraguai;2018;Vinho;24700000
Paraguai;2019;Vinho;24900000
Paraguai;2020;Vinho;24900000
Paraguai;2021;Vinho;26400000
Paraguai;2022;Vinho;24900000
Paraguai;2023;Vinho;25200000
People's Republic of China;2010;Vinho;1518000000
People's Republic of China;2011;Vinho;1645400000
People's Republic of China;2012;Vinho;1852500000
People's Republic of China;2013;Vinho;1871400000
People's Republic of China;2014;Vinho;1736900000
People's Republic of China;2015;Vinho;1805700000
People's Republic of China;2016;Vinho;1916200000
People's Republic of China;2017;Vinho;1928000000
People's Republic of China;2018;Vinho;1756800000
People's Republic of China;2019;Vinho;1499900000
People's Republic of China;2020;Vinho;1239600000
People's Republic of China;2021;Vinho;1049200000
People's Republic of China;2022;Vinho;908800000
People's Republic of China;2023;Vinho;684500000
People's Republic of China;2024;Vinho;552600000
Peru;2010;Vinho;59700000
Peru;2011;Vinho;66000000
Peru;2012;Vinho;72900000
Peru;2013;Vinho;76500000
Peru;2014;Vinho;79600000
Peru;2015;Vinho;82400000
Peru;2016;Vinho;83600000
Peru;2017;Vinho;84600000
Peru;2018;Vinho;89100000
Peru;2019;Vinho;91800000
Peru;2020;Vinho;90400000
Peru;2021;Vinho;91500000
Peru;2022;Vinho;93500000
Peru;2023;Vinho;92400000
Peru;2024;Vinho;91500000
Filipinas;2010;Vinho;11600000
Filipinas;2011;Vinho;11500000
Filipinas;2012;Vinho;10800000
Filipinas;2013;Vinho;10500000
Filipinas;2014;Vinho;14400000
Filipinas;2015;Vinho;17100000
Filipinas;2016;Vinho;19800000
Filipinas;2017;Vinho;20700000
Filipinas;2018;Vinho;20700000
Filipinas;2019;Vinho;21300000
Filipinas;2020;Vinho;17500000
Filipinas;2021;Vinho;13500000
Filipinas;2022;Vinho;20900000
Filipinas;2023;Vinho;18800000
Polônia;2010;Vinho;87300000
Polônia;2011;Vinho;93400000
Polônia;2012;Vinho;92800000
Polônia;2013;Vinho;96000000
Polônia;2014;Vinho;101900000
Polônia;2015;Vinho;106000000
Polônia;2016;Vinho;111800000
Polônia;2017;Vinho;120200000
Polônia;2018;Vinho;124900000
Polônia;2019;Vinho;126300000
Polônia;2020;Vinho;128500000
Polônia;2021;Vinho;133800000
Polônia;2022;Vinho;139600000
Polônia;2023;Vinho;136900000
Polônia;2024;Vinho;127200000
Portugal;2010;Vinho;472500000
Portugal;2011;Vinho;480200000
Portugal;2012;Vinho;499400000
Portugal;2013;Vinho;416400000
Portugal;2014;Vinho;428900000
Portugal;2015;Vinho;481300000
Portugal;2016;Vinho;468600000
Portugal;2017;Vinho;527300000
Portugal;2018;Vinho;507300000
Portugal;2019;Vinho;539000000
Portugal;2020;Vinho;437400000
Portugal;2021;Vinho;531400000
Portugal;2022;Vinho;567600000
Portugal;2023;Vinho;552000000
Portugal;2024;Vinho;555000000
Republic of North Macedonia;2010;Vinho;15000000
Republic of North Macedonia;2011;Vinho;15000000
Republic of North Macedonia;2012;Vinho;15000000
Republic of North Macedonia;2013;Vinho;15000000
Republic of North Macedonia;2014;Vinho;15000000
Republic of North Macedonia;2015;Vinho;25200000
Republic of North Macedonia;2016;Vinho;40000000
Republic of North Macedonia;2017;Vinho;10300000
Republic of North Macedonia;2018;Vinho;9900000
Republic of North Macedonia;2019;Vinho;26600000
Republic of North Macedonia;2020;Vinho;16800000
Republic of North Macedonia;2021;Vinho;16900000
Republic of North Macedonia;2022;Vinho;22400000
Republic of North Macedonia;2023;Vinho;18500000
Republic of Türkiye;2010;Vinho;59500000
Republic of Türkiye;2011;Vinho;58600000
Republic of Türkiye;2012;Vinho;56400000
Republic of Türkiye;2013;Vinho;62200000
Republic of Türkiye;2014;Vinho;62900000
Republic of Türkiye;2015;Vinho;63600000
Republic of Türkiye;2016;Vinho;51300000
Republic of Türkiye;2017;Vinho;66400000
Republic of Türkiye;2018;Vinho;77200000
Republic of Türkiye;2019;Vinho;74800000
Republic of Türkiye;2020;Vinho;68100000
Republic of Türkiye;2021;Vinho;77500000
Republic of Türkiye;2022;Vinho;72600000
Republic of Türkiye;2023;Vinho;75200000
Republic of Türkiye;2024;Vinho;69400000
Romênia;2010;Vinho;507000000
Romênia;2011;Vinho;413700000
Romênia;2012;Vinho;430200000
Romênia;2013;Vinho;455900000
Romênia;2014;Vinho;468100000
Romênia;2015;Vinho;399100000
Romênia;2016;Vinho;381800000
Romênia;2017;Vinho;414000000
Romênia;2018;Vinho;389900000
Romênia;2019;Vinho;224300000
Romênia;2020;Vinho;255800000
Romênia;2021;Vinho;370900000
Romênia;2022;Vinho;249800000
Romênia;2023;Vinho;338600000
Romênia;2024;Vinho;300000000
Rússia;2010;Vinho;1074300000
Rússia;2011;Vinho;1256400000
Rússia;2012;Vinho;1159800000
Rússia;2013;Vinho;1055500000
Rússia;2014;Vinho;988100000
Rússia;2015;Vinho;965800000
Rússia;2016;Vinho;937000000
Rússia;2017;Vinho;904100000
Rússia;2018;Vinho;861500000
Rússia;2019;Vinho;810000000
Rússia;2020;Vinho;792100000
Rússia;2021;Vinho;797600000
Rússia;2022;Vinho;874400000
Rússia;2023;Vinho;793300000
Rússia;2024;Vinho;812100000
Rwanda;2010;Vinho;300000
Rwanda;2011;Vinho;500000
Rwanda;2012;Vinho;500000
Rwanda;2013;Vinho;600000
Rwanda;2014;Vinho;800000
Rwanda;2015;Vinho;900000
Rwanda;2016;Vinho;1200000
Rwanda;2017;Vinho;1700000
Rwanda;2018;Vinho;1700000
Rwanda;2019;Vinho;1500000
Rwanda;2020;Vinho;1700000
Rwanda;2021;Vinho;1700000
Rwanda;2022;Vinho;1700000
Rwanda;2023;Vinho;1700000
Saint Helena;2011;Vinho;100000
Saint Helena;2012;Vinho;100000
Saint Kitts and Nevis;2010;Vinho;200000
Saint Kitts and Nevis;2011;Vinho;200000
Saint Kitts and Nevis;2012;Vinho;100000
Saint Kitts and Nevis;2013;Vinho;200000
Saint Kitts and Nevis;2014;Vinho;200000
Saint Kitts and Nevis;2015;Vinho;200000
Saint Kitts and Nevis;2016;Vinho;300000
Saint Kitts and Nevis;2017;Vinho;300000
Saint Kitts and Nevis;2018;Vinho;200000
Saint Kitts and Nevis;2019;Vinho;200000
Saint Kitts and Nevis;2020;Vinho;200000
Saint Kitts and Nevis;2021;Vinho;200000
Saint Kitts and Nevis;2022;Vinho;200000
Saint Kitts and Nevis;2023;Vinho;200000
Saint Lucia;2010;Vinho;1100000
Saint Lucia;2011;Vinho;1000000
Saint Lucia;2012;Vinho;1000000
Saint Lucia;2013;Vinho;700000
Saint Lucia;2014;Vinho;900000
Saint Lucia;2015;Vinho;700000
Saint Lucia;2016;Vinho;600000
Saint Lucia;2017;Vinho;800000
Saint Lucia;2018;Vinho;1200000
Saint Lucia;2019;Vinho;2200000
Saint Lucia;2020;Vinho;2200000
Saint Lucia;2021;Vinho;2200000
Saint Lucia;2022;Vinho;2200000
Saint Lucia;2023;Vinho;2000000
Saint Pierre And Miquelon;2010;Vinho;200000
Saint Pierre And Miquelon;2011;Vinho;300000
Saint Pierre And Miquelon;2012;Vinho;300000
Saint Pierre And Miquelon;2013;Vinho;300000
Saint Pierre And Miquelon;2014;Vinho;200000
Saint Pierre And Miquelon;2015;Vinho;200000
Saint Pierre And Miquelon;2016;Vinho;200000
Saint Pierre And Miquelon;2017;Vinho;200000
Saint Pierre And Miquelon;2018;Vinho;200000
Saint Pierre And Miquelon;2019;Vinho;200000
Saint Pierre And Miquelon;2020;Vinho;200000
Saint Pierre And Miquelon;2021;Vinho;200000
Saint Pierre And Miquelon;2022;Vinho;200000
Saint Pierre And Miquelon;2023;Vinho;200000
Saint Vincent and the Grenadines;2010;Vinho;300000
Saint Vincent and the Grenadines;2011;Vinho;200000
Saint Vincent and the Grenadines;2012;Vinho;100000
Saint Vincent and the Grenadines;2013;Vinho;200000
Saint Vincent and the Grenadines;2014;Vinho;200000
Saint Vincent and the Grenadines;2015;Vinho;300000
Saint Vincent and the Grenadines;2016;Vinho;300000
Saint Vincent and the Grenadines;2017;Vinho;200000
Saint Vincent and the Grenadines;2018;Vinho;200000
Saint Vincent and the Grenadines;2019;Vinho;200000
Saint Vincent and the Grenadines;2020;Vinho;300000
Saint Vincent and the Grenadines;2021;Vinho;300000
Saint Vincent and the Grenadines;2022;Vinho;300000
Saint Vincent and the Grenadines;2023;Vinho;300000
Samoa;2016;Vinho;100000
Samoa;2017;Vinho;200000
Samoa;2018;Vinho;200000
Samoa;2019;Vinho;100000
Samoa;2020;Vinho;100000
Samoa;2021;Vinho;100000
Samoa;2022;Vinho;100000
Samoa;2023;Vinho;100000
Sao Tome and Principe;2010;Vinho;3000000
Sao Tome and Principe;2011;Vinho;4300000
Sao Tome and Principe;2012;Vinho;4300000
Sao Tome and Principe;2013;Vinho;4100000
Sao Tome and Principe;2014;Vinho;4100000
Sao Tome and Principe;2015;Vinho;3600000
Sao Tome and Principe;2016;Vinho;3500000
Sao Tome and Principe;2017;Vinho;3200000
Sao Tome and Principe;2018;Vinho;3200000
Sao Tome and Principe;2019;Vinho;3400000
Sao Tome and Principe;2020;Vinho;3200000
Sao Tome and Principe;2021;Vinho;3200000
Sao Tome and Principe;2022;Vinho;3200000
Sao Tome and Principe;2023;Vinho;3200000
Senegal;2010;Vinho;7600000
Senegal;2011;Vinho;7500000
Senegal;2012;Vinho;7000000
Senegal;2013;Vinho;5900000
Senegal;2014;Vinho;6600000
Senegal;2015;Vinho;6800000
Senegal;2016;Vinho;6000000
Senegal;2017;Vinho;6600000
Senegal;2018;Vinho;6000000
Senegal;2019;Vinho;5500000
Senegal;2020;Vinho;5500000
Senegal;2021;Vinho;5600000
Senegal;2022;Vinho;6000000
Senegal;2023;Vinho;5700000
Sérvia;2010;Vinho;189400000
Sérvia;2011;Vinho;169400000
Sérvia;2012;Vinho;187700000
Sérvia;2013;Vinho;148700000
Sérvia;2014;Vinho;108900000
Sérvia;2015;Vinho;85000000
Sérvia;2016;Vinho;79600000
Sérvia;2017;Vinho;81000000
Sérvia;2018;Vinho;83400000
Sérvia;2019;Vinho;74900000
Sérvia;2020;Vinho;68400000
Sérvia;2021;Vinho;67500000
Sérvia;2022;Vinho;66400000
Sérvia;2023;Vinho;65300000
Seychelles;2010;Vinho;1100000
Seychelles;2011;Vinho;1500000
Seychelles;2012;Vinho;1300000
Seychelles;2013;Vinho;1100000
Seychelles;2014;Vinho;1900000
Seychelles;2015;Vinho;2300000
Seychelles;2016;Vinho;2900000
Seychelles;2017;Vinho;2900000
Seychelles;2018;Vinho;1000000
Seychelles;2019;Vinho;1200000
Seychelles;2020;Vinho;1700000
Seychelles;2021;Vinho;1700000
Seychelles;2022;Vinho;1700000
Seychelles;2023;Vinho;1500000
Sierra Leone;2010;Vinho;200000
Sierra Leone;2011;Vinho;200000
Sierra Leone;2012;Vinho;200000
Sierra Leone;2013;Vinho;200000
Sierra Leone;2014;Vinho;200000
Sierra Leone;2015;Vinho;200000
Sierra Leone;2016;Vinho;200000
Sierra Leone;2017;Vinho;300000
Sierra Leone;2018;Vinho;600000
Sierra Leone;2019;Vinho;400000
Sierra Leone;2020;Vinho;300000
Sierra Leone;2021;Vinho;300000
Sierra Leone;2022;Vinho;300000
Sierra Leone;2023;Vinho;400000
Singapura;2010;Vinho;11700000
Singapura;2011;Vinho;13000000
Singapura;2012;Vinho;12800000
Singapura;2013;Vinho;12500000
Singapura;2014;Vinho;13600000
Singapura;2015;Vinho;13800000
Singapura;2016;Vinho;12700000
Singapura;2017;Vinho;13600000
Singapura;2018;Vinho;15900000
Singapura;2019;Vinho;17400000
Singapura;2020;Vinho;15700000
Singapura;2021;Vinho;14700000
Singapura;2022;Vinho;15800000
Singapura;2023;Vinho;15900000
Eslováquia;2010;Vinho;63300000
Eslováquia;2011;Vinho;73200000
Eslováquia;2012;Vinho;69400000
Eslováquia;2013;Vinho;73100000
Eslováquia;2014;Vinho;97900000
Eslováquia;2015;Vinho;93500000
Eslováquia;2016;Vinho;63800000
Eslováquia;2017;Vinho;66600000
Eslováquia;2018;Vinho;69000000
Eslováquia;2019;Vinho;66600000
Eslováquia;2020;Vinho;64500000
Eslováquia;2021;Vinho;70700000
Eslováquia;2022;Vinho;64600000
Eslováquia;2023;Vinho;67100000
Eslovênia;2010;Vinho;76200000
Eslovênia;2011;Vinho;76000000
Eslovênia;2012;Vinho;71900000
Eslovênia;2013;Vinho;63400000
Eslovênia;2014;Vinho;65100000
Eslovênia;2015;Vinho;75200000
Eslovênia;2016;Vinho;81100000
Eslovênia;2017;Vinho;74800000
Eslovênia;2018;Vinho;73500000
Eslovênia;2019;Vinho;86800000
Eslovênia;2020;Vinho;77200000
Eslovênia;2021;Vinho;67400000
Eslovênia;2022;Vinho;59300000
Eslovênia;2023;Vinho;72800000
Eslovênia;2024;Vinho;72700000
Solomon Islands;2010;Vinho;100000
Solomon Islands;2011;Vinho;100000
Solomon Islands;2014;Vinho;100000
Solomon Islands;2015;Vinho;100000
Solomon Islands;2016;Vinho;200000
Solomon Islands;2017;Vinho;200000
Solomon Islands;2018;Vinho;200000
Solomon Islands;2019;Vinho;100000
Solomon Islands;2020;Vinho;100000
Solomon Islands;2021;Vinho;100000
Solomon Islands;2022;Vinho;100000
Solomon Islands;2023;Vinho;100000
África do Sul;2010;Vinho;313300000
África do Sul;2011;Vinho;320100000
África do Sul;2012;Vinho;328700000
África do Sul;2013;Vinho;335800000
África do Sul;2014;Vinho;362200000
África do Sul;2015;Vinho;391600000
África do Sul;2016;Vinho;404700000
África do Sul;2017;Vinho;416100000
África do Sul;2018;Vinho;396500000
África do Sul;2019;Vinho;373300000
África do Sul;2020;Vinho;298300000
África do Sul;2021;Vinho;387000000
África do Sul;2022;Vinho;446300000
África do Sul;2023;Vinho;441000000
África do Sul;2024;Vinho;428500000
Espanha;2010;Vinho;1035900000
Espanha;2011;Vinho;995000000
Espanha;2012;Vinho;985000000
Espanha;2013;Vinho;982000000
Espanha;2014;Vinho;981000000
Espanha;2015;Vinho;981000000
Espanha;2016;Vinho;1057800000
Espanha;2017;Vinho;1037300000
Espanha;2018;Vinho;1074100000
Espanha;2019;Vinho;1022200000
Espanha;2020;Vinho;921800000
Espanha;2021;Vinho;1031100000
Espanha;2022;Vinho;963600000
Espanha;2023;Vinho;975600000
Espanha;2024;Vinho;987300000
Sri Lanka;2010;Vinho;200000
Sri Lanka;2011;Vinho;500000
Sri Lanka;2012;Vinho;800000
Sri Lanka;2013;Vinho;1000000
Sri Lanka;2014;Vinho;1200000
Sri Lanka;2015;Vinho;1100000
Sri Lanka;2016;Vinho;1200000
Sri Lanka;2017;Vinho;1200000
Sri Lanka;2018;Vinho;1400000
Sri Lanka;2019;Vinho;1500000
Sri Lanka;2020;Vinho;1100000
Sri Lanka;2021;Vinho;1100000
Sri Lanka;2022;Vinho;1100000
Sri Lanka;2023;Vinho;1300000
State of Palestine;2012;Vinho;100000
State of Palestine;2013;Vinho;100000
State of Palestine;2014;Vinho;100000
State of Palestine;2015;Vinho;100000
State of Palestine;2016;Vinho;100000
State of Palestine;2017;Vinho;100000
State of Palestine;2018;Vinho;100000
Sudan;2010;Vinho;100000
Sudan;2011;Vinho;200000
Sudan;2012;Vinho;100000
Sudan;2014;Vinho;200000
Sudan;2015;Vinho;200000
Sudan;2016;Vinho;100000
Sudan;2017;Vinho;100000
Sudan;2018;Vinho;200000
Sudan;2019;Vinho;300000
Sudan;2020;Vinho;300000
Sudan;2021;Vinho;300000
Sudan;2022;Vinho;300000
Sudan;2023;Vinho;300000
Suriname;2010;Vinho;400000
Suriname;2011;Vinho;700000
Suriname;2012;Vinho;700000
Suriname;2013;Vinho;400000
Suriname;2014;Vinho;500000
Suriname;2015;Vinho;400000
Suriname;2016;Vinho;400000
Suriname;2017;Vinho;400000
Suriname;2018;Vinho;600000
Suriname;2019;Vinho;800000
Suriname;2020;Vinho;900000
Suriname;2021;Vinho;900000
Suriname;2022;Vinho;900000
Suriname;2023;Vinho;800000
Suécia;2010;Vinho;222400000
Suécia;2011;Vinho;229500000
Suécia;2012;Vinho;231200000
Suécia;2013;Vinho;237500000
Suécia;2014;Vinho;234400000
Suécia;2015;Vinho;233000000
Suécia;2016;Vinho;237000000
Suécia;2017;Vinho;234800000
Suécia;2018;Vinho;206300000
Suécia;2019;Vinho;202500000
Suécia;2020;Vinho;213000000
Suécia;2021;Vinho;211900000
Suécia;2022;Vinho;202200000
Suécia;2023;Vinho;197800000
Suécia;2024;Vinho;186500000
Suíça;2010;Vinho;293500000
Suíça;2011;Vinho;287200000
Suíça;2012;Vinho;282400000
Suíça;2013;Vinho;287700000
Suíça;2014;Vinho;282700000
Suíça;2015;Vinho;280500000
Suíça;2016;Vinho;269900000
Suíça;2017;Vinho;248100000
Suíça;2018;Vinho;243900000
Suíça;2019;Vinho;255300000
Suíça;2020;Vinho;250300000
Suíça;2021;Vinho;255100000
Suíça;2022;Vinho;237200000
Suíça;2023;Vinho;236000000
Suíça;2024;Vinho;224200000
Syrian Arab Republic;2010;Vinho;300000
Syrian Arab Republic;2011;Vinho;400000
Syrian Arab Republic;2012;Vinho;300000
Syrian Arab Republic;2013;Vinho;100000
Syrian Arab Republic;2014;Vinho;200000
Syrian Arab Republic;2015;Vinho;100000
Syrian Arab Republic;2016;Vinho;200000
Syrian Arab Republic;2017;Vinho;200000
Syrian Arab Republic;2018;Vinho;200000
Syrian Arab Republic;2019;Vinho;100000
Syrian Arab Republic;2020;Vinho;100000
Syrian Arab Republic;2021;Vinho;100000
Syrian Arab Republic;2022;Vinho;100000
Syrian Arab Republic;2023;Vinho;100000
Tajikistan;2010;Vinho;400000
Tajikistan;2011;Vinho;400000
Tajikistan;2012;Vinho;400000
Tajikistan;2013;Vinho;400000
Tajikistan;2014;Vinho;400000
Tajikistan;2015;Vinho;500000
Tajikistan;2016;Vinho;500000
Tajikistan;2017;Vinho;400000
Tajikistan;2018;Vinho;400000
Tajikistan;2019;Vinho;400000
Tajikistan;2020;Vinho;400000
Tajikistan;2021;Vinho;400000
Tajikistan;2022;Vinho;400000
Tajikistan;2023;Vinho;400000
Tanzania, the United Republic of;2010;Vinho;3900000
Tanzania, the United Republic of;2011;Vinho;4300000
Tanzania, the United Republic of;2012;Vinho;5000000
Tanzania, the United Republic of;2013;Vinho;5700000
Tanzania, the United Republic of;2014;Vinho;5400000
Tanzania, the United Republic of;2015;Vinho;4600000
Tanzania, the United Republic of;2016;Vinho;4500000
Tanzania, the United Republic of;2017;Vinho;4300000
Tanzania, the United Republic of;2018;Vinho;3400000
Tanzania, the United Republic of;2019;Vinho;2900000
Tanzania, the United Republic of;2020;Vinho;2900000
Tanzania, the United Republic of;2021;Vinho;2900000
Tanzania, the United Republic of;2022;Vinho;2900000
Tanzania, the United Republic of;2023;Vinho;3000000
Tailândia;2010;Vinho;5800000
Tailândia;2011;Vinho;6500000
Tailândia;2012;Vinho;8000000
Tailândia;2013;Vinho;7200000
Tailândia;2014;Vinho;6600000
Tailândia;2015;Vinho;5000000
Tailândia;2016;Vinho;2400000
Tailândia;2017;Vinho;2200000
Tailândia;2018;Vinho;3500000
Tailândia;2019;Vinho;2200000
Tailândia;2020;Vinho;1000000
Tailândia;2021;Vinho;1000000
Tailândia;2022;Vinho;1000000
Tailândia;2023;Vinho;1700000
Timor-Leste;2010;Vinho;300000
Timor-Leste;2011;Vinho;400000
Timor-Leste;2012;Vinho;600000
Timor-Leste;2013;Vinho;600000
Timor-Leste;2014;Vinho;300000
Timor-Leste;2015;Vinho;100000
Timor-Leste;2016;Vinho;100000
Timor-Leste;2017;Vinho;300000
Timor-Leste;2018;Vinho;400000
Timor-Leste;2023;Vinho;100000
Togo;2010;Vinho;5100000
Togo;2011;Vinho;6200000
Togo;2012;Vinho;7500000
Togo;2013;Vinho;6800000
Togo;2014;Vinho;5700000
Togo;2015;Vinho;5700000
Togo;2016;Vinho;4800000
Togo;2017;Vinho;900000
Togo;2018;Vinho;300000
Togo;2019;Vinho;100000
Togo;2023;Vinho;100000
Tonga;2010;Vinho;100000
Tonga;2015;Vinho;100000
Tonga;2016;Vinho;100000
Tonga;2017;Vinho;100000
Tonga;2018;Vinho;100000
Tonga;2019;Vinho;100000
Tonga;2020;Vinho;100000
Tonga;2021;Vinho;100000
Tonga;2022;Vinho;100000
Tonga;2023;Vinho;100000
Trinidad e Tobago;2010;Vinho;900000
Trinidad e Tobago;2011;Vinho;900000
Trinidad e Tobago;2012;Vinho;1100000
Trinidad e Tobago;2013;Vinho;1500000
Trinidad e Tobago;2014;Vinho;2100000
Trinidad e Tobago;2015;Vinho;2800000
Trinidad e Tobago;2016;Vinho;2200000
Trinidad e Tobago;2017;Vinho;1200000
Trinidad e Tobago;2018;Vinho;1000000
Trinidad e Tobago;2019;Vinho;1000000
Trinidad e Tobago;2020;Vinho;1100000
Trinidad e Tobago;2021;Vinho;1100000
Trinidad e Tobago;2022;Vinho;1100000
Trinidad e Tobago;2023;Vinho;1100000
Tunísia;2010;Vinho;18400000
Tunísia;2011;Vinho;18600000
Tunísia;2012;Vinho;22600000
Tunísia;2013;Vinho;28700000
Tunísia;2014;Vinho;30900000
Tunísia;2015;Vinho;30800000
Tunísia;2016;Vinho;30700000
Tunísia;2017;Vinho;30200000
Tunísia;2018;Vinho;30800000
Tunísia;2019;Vinho;34000000
Tunísia;2020;Vinho;33900000
Tunísia;2021;Vinho;29500000
Tunísia;2022;Vinho;29800000
Tunísia;2023;Vinho;31600000
Turkmenistan;2010;Vinho;39700000
Turkmenistan;2011;Vinho;39100000
Turkmenistan;2012;Vinho;39100000
Turkmenistan;2013;Vinho;39100000
Turkmenistan;2014;Vinho;38700000
Turkmenistan;2015;Vinho;38300000
Turkmenistan;2016;Vinho;38500000
Turkmenistan;2017;Vinho;38500000
Turkmenistan;2018;Vinho;38900000
Turkmenistan;2019;Vinho;44400000
Turkmenistan;2020;Vinho;49900000
Turkmenistan;2021;Vinho;52400000
Turkmenistan;2022;Vinho;52100000
Turkmenistan;2023;Vinho;47500000
Tuvalu;2012;Vinho;100000
Tuvalu;2013;Vinho;100000
Tuvalu;2014;Vinho;100000
Tuvalu;2015;Vinho;100000
Tuvalu;2016;Vinho;100000
Uganda;2010;Vinho;1100000
Uganda;2011;Vinho;1500000
Uganda;2012;Vinho;1400000
Uganda;2013;Vinho;2100000
Uganda;2014;Vinho;2100000
Uganda;2015;Vinho;2200000
Uganda;2016;Vinho;2300000
Uganda;2017;Vinho;2300000
Uganda;2018;Vinho;2800000
Uganda;2019;Vinho;2200000
Uganda;2020;Vinho;1200000
Uganda;2021;Vinho;1200000
Uganda;2022;Vinho;1200000
Uganda;2023;Vinho;1700000
Ucrânia;2010;Vinho;248700000
Ucrânia;2011;Vinho;279200000
Ucrânia;2012;Vinho;277100000
Ucrânia;2013;Vinho;239200000
Ucrânia;2014;Vinho;180900000
Ucrânia;2015;Vinho;81300000
Ucrânia;2016;Vinho;124200000
Ucrânia;2017;Vinho;98700000
Ucrânia;2018;Vinho;91200000
Ucrânia;2019;Vinho;140000000
Ucrânia;2020;Vinho;105000000
Ucrânia;2021;Vinho;112200000
Ucrânia;2022;Vinho;109700000
Ucrânia;2023;Vinho;96000000
Ucrânia;2024;Vinho;94200000
Reino Unido;2010;Vinho;1290000000
Reino Unido;2011;Vinho;1286000000
Reino Unido;2012;Vinho;1280100000
Reino Unido;2013;Vinho;1273800000
Reino Unido;2014;Vinho;1256200000
Reino Unido;2015;Vinho;1278100000
Reino Unido;2016;Vinho;1293500000
Reino Unido;2017;Vinho;1314800000
Reino Unido;2018;Vinho;1290400000
Reino Unido;2019;Vinho;1258600000
Reino Unido;2020;Vinho;1373500000
Reino Unido;2021;Vinho;1389500000
Reino Unido;2022;Vinho;1313200000
Reino Unido;2023;Vinho;1275000000
Reino Unido;2024;Vinho;1262100000
United States of America;2010;Vinho;2735000000
United States of America;2011;Vinho;2906400000
United States of America;2012;Vinho;2931600000
United States of America;2013;Vinho;3261100000
United States of America;2014;Vinho;3293300000
United States of America;2015;Vinho;3149500000
United States of America;2016;Vinho;3215200000
United States of America;2017;Vinho;3393100000
United States of America;2018;Vinho;3498200000
United States of America;2019;Vinho;3557300000
United States of America;2020;Vinho;3406200000
United States of America;2021;Vinho;3425000000
United States of America;2022;Vinho;3549600000
United States of America;2023;Vinho;3538000000
United States of America;2024;Vinho;3334300000
Uruguai;2010;Vinho;71200000
Uruguai;2011;Vinho;69000000
Uruguai;2012;Vinho;64100000
Uruguai;2013;Vinho;68300000
Uruguai;2014;Vinho;64700000
Uruguai;2015;Vinho;64000000
Uruguai;2016;Vinho;60900000
Uruguai;2017;Vinho;64700000
Uruguai;2018;Vinho;64500000
Uruguai;2019;Vinho;59400000
Uruguai;2020;Vinho;68400000
Uruguai;2021;Vinho;64100000
Uruguai;2022;Vinho;59100000
Uruguai;2023;Vinho;39400000
Uzbequistão;2010;Vinho;13000000
Uzbequistão;2011;Vinho;15400000
Uzbequistão;2012;Vinho;15900000
Uzbequistão;2013;Vinho;28400000
Uzbequistão;2014;Vinho;23800000
Uzbequistão;2015;Vinho;24400000
Uzbequistão;2016;Vinho;23000000
Uzbequistão;2017;Vinho;13000000
Uzbequistão;2018;Vinho;10800000
Uzbequistão;2019;Vinho;11900000
Uzbequistão;2020;Vinho;13800000
Uzbequistão;2021;Vinho;13800000
Uzbequistão;2022;Vinho;11400000
Uzbequistão;2023;Vinho;12300000
Vanuatu;2010;Vinho;500000
Vanuatu;2011;Vinho;400000
Vanuatu;2012;Vinho;400000
Vanuatu;2013;Vinho;300000
Vanuatu;2014;Vinho;400000
Vanuatu;2015;Vinho;400000
Vanuatu;2016;Vinho;500000
Vanuatu;2017;Vinho;600000
Vanuatu;2018;Vinho;600000
Vanuatu;2019;Vinho;600000
Vanuatu;2020;Vinho;600000
Vanuatu;2021;Vinho;600000
Vanuatu;2022;Vinho;600000
Vanuatu;2023;Vinho;600000
Venezuela;2010;Vinho;17800000
Venezuela;2011;Vinho;17300000
Venezuela;2012;Vinho;20500000
Venezuela;2013;Vinho;16300000
Venezuela;2014;Vinho;10000000
Venezuela;2015;Vinho;5900000
Venezuela;2016;Vinho;2300000
Venezuela;2017;Vinho;2400000
Venezuela;2018;Vinho;2400000
Venezuela;2019;Vinho;2400000
Venezuela;2020;Vinho;2400000
Venezuela;2021;Vinho;2400000
Venezuela;2022;Vinho;2400000
Venezuela;2023;Vinho;2400000
Vietnã;2010;Vinho;9500000
Vietnã;2011;Vinho;11300000
Vietnã;2012;Vinho;11900000
Vietnã;2013;Vinho;8400000
Vietnã;2014;Vinho;5800000
Vietnã;2015;Vinho;6900000
Vietnã;2016;Vinho;7700000
Vietnã;2017;Vinho;8200000
Vietnã;2018;Vinho;8900000
Vietnã;2019;Vinho;9400000
Vietnã;2020;Vinho;7700000
Vietnã;2021;Vinho;6600000
Vietnã;2022;Vinho;7500000
Vietnã;2023;Vinho;8000000
Zambia;2010;Vinho;500000
Zambia;2011;Vinho;600000
Zambia;2012;Vinho;900000
Zambia;2013;Vinho;1400000
Zambia;2014;Vinho;3000000
Zambia;2015;Vinho;3600000
Zambia;2016;Vinho;3600000
Zambia;2017;Vinho;4200000
Zambia;2018;Vinho;3400000
Zambia;2019;Vinho;2900000
Zambia;2020;Vinho;2700000
Zambia;2021;Vinho;2700000
Zambia;2022;Vinho;2700000
Zambia;2023;Vinho;2900000
Zimbabwe;2010;Vinho;3800000
Zimbabwe;2011;Vinho;3500000
Zimbabwe;2012;Vinho;3600000
Zimbabwe;2013;Vinho;3800000
Zimbabwe;2014;Vinho;4200000
Zimbabwe;2015;Vinho;4800000
Zimbabwe;2016;Vinho;4100000
Zimbabwe;2017;Vinho;3500000
Zimbabwe;2018;Vinho;3800000
Zimbabwe;2019;Vinho;3100000
Zimbabwe;2020;Vinho;1700000
Zimbabwe;2021;Vinho;2200000
Zimbabwe;2022;Vinho;2200000
Zimbabwe;2023;Vinho;2600000
